dataset,seed,depth,test_index,start_teacher_class,start_surrogate_class,target_class,start_teacher_confidence,counterfactual_distance,teacher_counterfactual_class,transfer_success
breast_cancer,0,2,0,1,1,0,34.90285873413086,4.0724857064754945,1,False
breast_cancer,0,2,1,0,0,1,67.19694519042969,3.4975880318229184,0,False
breast_cancer,0,2,2,1,1,0,25.38146591186523,3.4870963876015444,1,False
breast_cancer,0,2,3,0,0,1,165.56329345703125,9.138398868000776,0,False
breast_cancer,0,2,4,0,0,1,89.36079406738281,5.82277636582709,1,True
breast_cancer,0,2,5,0,0,1,91.57721710205078,6.965195264484158,1,True
breast_cancer,0,2,6,0,0,1,46.210670471191406,4.298734155008915,1,True
breast_cancer,0,2,7,1,1,0,6.63641357421875,3.1770324252954056,1,False
breast_cancer,0,2,8,0,0,1,72.8134765625,4.543159879073767,0,False
breast_cancer,0,2,9,0,0,1,110.0597915649414,8.82282062725723,1,True
breast_cancer,0,2,10,1,1,0,27.08064079284668,6.99083818267218,1,False
breast_cancer,0,2,11,1,1,0,10.48940658569336,2.765344947547366,1,False
breast_cancer,0,2,12,1,1,0,26.856447219848633,3.314866479480798,1,False
breast_cancer,0,2,13,1,1,0,8.539620399475098,5.552460002679076,1,False
breast_cancer,0,2,14,0,0,1,87.45848846435547,5.247013854481451,0,False
breast_cancer,0,2,15,0,0,1,39.694602966308594,3.0407422751578643,0,False
breast_cancer,0,2,16,1,1,0,17.710859298706055,3.8503913886854897,1,False
breast_cancer,0,2,17,1,1,0,26.684558868408203,9.117993981179028,0,True
breast_cancer,0,2,18,1,1,0,32.06083297729492,3.950641750935653,1,False
breast_cancer,0,2,19,1,1,0,17.78243064880371,4.6014395501856775,0,True
breast_cancer,0,2,20,1,1,0,11.65538215637207,2.4726126695565163,1,False
breast_cancer,0,2,22,0,0,1,95.84477996826172,4.210421453369811,0,False
breast_cancer,0,2,23,0,0,1,69.36332702636719,4.542119987952854,0,False
breast_cancer,0,2,24,1,1,0,17.603191375732422,3.4224472657275253,1,False
breast_cancer,0,2,25,0,0,1,39.42675018310547,5.816221557703952,1,True
breast_cancer,0,2,26,0,0,1,87.0201416015625,4.916021967781589,0,False
breast_cancer,0,2,27,1,1,0,28.863849639892575,5.596042435968921,1,False
breast_cancer,0,2,28,1,1,0,27.689937591552734,6.514800861865967,1,False
breast_cancer,0,2,29,1,1,0,17.23480796813965,4.938942669381718,1,False
breast_cancer,0,2,30,1,1,0,17.502473831176758,4.184592690008516,1,False
breast_cancer,0,2,31,1,1,0,20.39817237854004,5.841905933365393,0,True
breast_cancer,0,2,34,1,1,0,24.3060245513916,3.301424831485716,1,False
breast_cancer,0,2,36,0,0,1,54.392730712890625,4.356655839804351,1,True
breast_cancer,0,2,37,0,0,1,143.00509643554688,13.785090357307356,1,True
breast_cancer,0,2,39,1,1,0,21.915298461914062,3.2790477492234182,1,False
breast_cancer,0,2,40,1,1,0,18.672544479370117,4.794012385379296,1,False
breast_cancer,0,2,41,1,1,0,35.80281066894531,7.621805800346329,1,False
breast_cancer,0,2,42,0,0,1,30.67142677307129,3.3966804254472573,0,False
breast_cancer,0,2,43,1,1,0,17.06485939025879,2.1490459158442614,1,False
breast_cancer,0,2,44,1,1,0,21.05973243713379,4.5750117837762,1,False
breast_cancer,0,2,45,1,1,0,12.493677139282228,3.7631624458161026,1,False
breast_cancer,0,2,47,0,0,1,59.06831359863281,4.220586140154052,0,False
breast_cancer,0,2,48,1,1,0,21.058977127075195,2.19015530447083,1,False
breast_cancer,0,2,49,1,1,0,24.93635368347168,4.758770847031001,1,False
breast_cancer,0,2,50,1,1,0,29.849288940429688,4.4084491054069,1,False
breast_cancer,0,2,51,1,1,0,25.43142318725586,2.8389823357000123,1,False
breast_cancer,0,2,52,0,0,1,68.79476928710938,5.084922052866587,0,False
breast_cancer,0,2,53,1,1,0,21.783109664916992,3.771568561911912,1,False
breast_cancer,0,2,56,1,1,0,38.603248596191406,7.491805835618431,0,True
breast_cancer,0,2,57,1,1,0,40.09717559814453,5.535731881651108,1,False
breast_cancer,0,2,58,1,1,0,21.340431213378903,3.268229371867697,1,False
breast_cancer,0,2,59,0,0,1,66.63458251953125,3.567138476956345,0,False
breast_cancer,0,2,60,1,1,0,8.55271053314209,4.196625335750656,0,True
breast_cancer,0,2,61,1,1,0,22.51476287841797,4.846860434478609,1,False
breast_cancer,0,2,62,0,0,1,47.41436004638672,5.573017076893291,0,False
breast_cancer,0,2,63,1,1,0,43.66407012939453,5.522142212744526,1,False
breast_cancer,0,2,65,0,0,1,39.20220947265625,3.0976186348307326,0,False
breast_cancer,0,2,66,0,0,1,59.80421447753906,4.088560385438676,0,False
breast_cancer,0,2,67,1,1,0,14.83310890197754,3.1547428474828507,1,False
breast_cancer,0,2,68,1,1,0,29.73813819885254,4.865381691420469,1,False
breast_cancer,0,2,69,1,1,0,20.495885848999023,2.456651812102259,1,False
breast_cancer,0,2,70,0,0,1,51.07146072387695,3.37821468375158,0,False
breast_cancer,0,2,71,0,0,1,82.45147705078125,5.4933962786798505,0,False
breast_cancer,0,2,72,1,1,0,20.00824546813965,4.908783527065152,1,False
breast_cancer,0,2,73,1,1,0,21.004234313964844,4.805653761375417,1,False
breast_cancer,0,2,74,0,0,1,116.64727783203124,7.06464507616156,0,False
breast_cancer,0,2,76,1,1,0,24.419450759887695,3.1124680718194506,1,False
breast_cancer,0,2,77,0,0,1,29.551124572753903,3.912766553523705,1,True
breast_cancer,0,2,78,1,1,0,30.83980178833008,4.619971223065293,1,False
breast_cancer,0,2,79,0,0,1,90.84933471679688,6.091496763534334,0,False
breast_cancer,0,2,80,0,0,1,96.74913024902344,7.081447637380287,1,True
breast_cancer,0,2,81,1,1,0,26.215545654296875,3.9667770411963095,1,False
breast_cancer,0,2,82,1,1,0,25.33168029785156,3.366303759132981,1,False
breast_cancer,0,2,83,0,0,1,57.359901428222656,3.1964180893348,0,False
breast_cancer,0,2,84,1,1,0,10.097525596618652,3.352712405762924,1,False
breast_cancer,0,2,85,1,1,0,59.01228332519531,18.825849561970564,0,True
breast_cancer,0,2,86,0,0,1,96.73291778564452,10.20247404039936,0,False
breast_cancer,0,2,87,1,1,0,17.321657180786133,3.8412844244875983,1,False
breast_cancer,0,2,88,1,1,0,21.83576011657715,4.503039048294078,1,False
breast_cancer,0,2,89,0,0,1,118.15530395507812,5.796059257614957,0,False
breast_cancer,0,2,90,1,1,0,21.72365951538086,4.209611842907881,1,False
breast_cancer,0,2,91,1,1,0,26.551782608032227,4.9649942703051,1,False
breast_cancer,0,2,92,1,1,0,2.2609007358551025,3.2525583291029383,0,True
breast_cancer,0,2,93,1,1,0,16.2326602935791,2.6056720031347207,1,False
breast_cancer,0,2,94,1,1,0,15.820465087890623,4.345212985582378,0,True
breast_cancer,0,2,95,1,1,0,11.064526557922363,3.5762181276329117,1,False
breast_cancer,0,2,96,0,0,1,74.6492919921875,4.727546498367619,1,True
breast_cancer,0,2,97,1,1,0,23.25248146057129,5.648605665603528,0,True
breast_cancer,0,2,98,1,1,0,24.026647567749023,2.942923223258739,1,False
breast_cancer,0,2,99,1,1,0,20.87406349182129,2.8789410511262528,1,False
breast_cancer,0,2,100,0,0,1,62.157981872558594,4.579194222685165,0,False
breast_cancer,0,2,101,1,1,0,15.750473022460938,1.2695369186762395,1,False
breast_cancer,0,2,102,1,1,0,30.41632080078125,6.414845115964788,1,False
breast_cancer,0,2,103,1,1,0,22.284099578857425,3.4109610177636704,1,False
breast_cancer,0,2,104,1,1,0,40.08050155639648,6.263142708580461,1,False
breast_cancer,0,2,105,1,1,0,29.825328826904297,6.5569654015695775,0,True
breast_cancer,0,2,106,1,1,0,17.05012321472168,2.0637097817932,1,False
breast_cancer,0,2,107,1,1,0,18.248350143432617,2.853835668427358,1,False
breast_cancer,0,2,108,1,1,0,15.791173934936523,2.983825572364988,1,False
breast_cancer,0,2,109,1,1,0,20.885631561279297,2.134583942091578,1,False
breast_cancer,0,2,110,1,1,0,18.5404109954834,2.9622946745278527,1,False
breast_cancer,0,2,111,1,1,0,23.794950485229492,3.5867281503882076,1,False
breast_cancer,0,2,112,1,1,0,22.716306686401367,3.3769792728256793,1,False
breast_cancer,0,2,113,0,0,1,117.04901123046876,6.933129948321754,1,True
breast_cancer,0,3,0,1,1,0,34.90285873413086,4.0724857064754945,1,False
breast_cancer,0,3,1,0,0,1,67.19694519042969,4.3502377046974,1,True
breast_cancer,0,3,2,1,1,0,25.38146591186523,3.4870963876015444,1,False
breast_cancer,0,3,3,0,0,1,165.56329345703125,9.560504479276878,1,True
breast_cancer,0,3,4,0,0,1,89.36079406738281,5.82277636582709,1,True
breast_cancer,0,3,5,0,0,1,91.57721710205078,6.965195264484158,1,True
breast_cancer,0,3,6,0,0,1,46.210670471191406,4.298734155008915,1,True
breast_cancer,0,3,8,0,0,1,72.8134765625,5.123578199950321,1,True
breast_cancer,0,3,9,0,0,1,110.0597915649414,8.82282062725723,1,True
breast_cancer,0,3,10,1,1,0,27.08064079284668,6.99083818267218,1,False
breast_cancer,0,3,11,1,1,0,10.48940658569336,2.0035765415356876,0,True
breast_cancer,0,3,12,1,1,0,26.856447219848633,3.314866479480798,1,False
breast_cancer,0,3,13,1,1,0,8.539620399475098,5.552460002679076,1,False
breast_cancer,0,3,14,0,0,1,87.45848846435547,5.535628785982123,1,True
breast_cancer,0,3,15,0,0,1,39.694602966308594,3.6749036473101593,1,True
breast_cancer,0,3,16,1,1,0,17.710859298706055,2.664653810318405,1,False
breast_cancer,0,3,17,1,1,0,26.684558868408203,9.117993981179028,0,True
breast_cancer,0,3,18,1,1,0,32.06083297729492,3.950641750935653,1,False
breast_cancer,0,3,19,1,1,0,17.78243064880371,3.349915829051532,0,True
breast_cancer,0,3,20,1,1,0,11.65538215637207,2.4726126695565163,1,False
breast_cancer,0,3,21,0,0,1,1.764386773109436,3.2475045758859507,1,True
breast_cancer,0,3,22,0,0,1,95.84477996826172,5.499591888659802,1,True
breast_cancer,0,3,23,0,0,1,69.36332702636719,4.64256381717449,1,True
breast_cancer,0,3,24,1,1,0,17.603191375732422,2.8459888950276477,0,True
breast_cancer,0,3,25,0,0,1,39.42675018310547,5.816221557703952,1,True
breast_cancer,0,3,26,0,0,1,87.0201416015625,5.394401947482974,1,True
breast_cancer,0,3,27,1,1,0,28.863849639892575,4.485840319545657,1,False
breast_cancer,0,3,28,1,1,0,27.689937591552734,6.220907694913547,0,True
breast_cancer,0,3,29,1,1,0,17.23480796813965,3.228159059869279,1,False
breast_cancer,0,3,30,1,1,0,17.502473831176758,2.2015816626137767,0,True
breast_cancer,0,3,31,1,1,0,20.39817237854004,4.483811112637395,0,True
breast_cancer,0,3,32,0,0,1,39.15263748168945,3.5441041310889236,1,True
breast_cancer,0,3,33,0,0,1,39.2637939453125,3.1758389838093937,1,True
breast_cancer,0,3,34,1,1,0,24.3060245513916,2.9504357928845506,0,True
breast_cancer,0,3,36,0,0,1,54.392730712890625,4.356655839804351,1,True
breast_cancer,0,3,37,0,0,1,143.00509643554688,13.785090357307356,1,True
breast_cancer,0,3,39,1,1,0,21.915298461914062,2.536945097650717,0,True
breast_cancer,0,3,40,1,1,0,18.672544479370117,4.3384121442128905,0,True
breast_cancer,0,3,42,0,0,1,30.67142677307129,3.776724531894744,1,True
breast_cancer,0,3,43,1,1,0,17.06485939025879,2.1490459158442614,1,False
breast_cancer,0,3,44,1,1,0,21.05973243713379,3.2612871849738863,1,False
breast_cancer,0,3,45,1,1,0,12.493677139282228,2.8858874746594627,1,False
breast_cancer,0,3,47,0,0,1,59.06831359863281,4.3153490084302,1,True
breast_cancer,0,3,48,1,1,0,21.058977127075195,2.19015530447083,1,False
breast_cancer,0,3,49,1,1,0,24.93635368347168,4.062097002817559,1,False
breast_cancer,0,3,50,1,1,0,29.849288940429688,4.4084491054069,1,False
breast_cancer,0,3,51,1,1,0,25.43142318725586,2.8389823357000123,1,False
breast_cancer,0,3,52,0,0,1,68.79476928710938,5.1222647610697525,1,True
breast_cancer,0,3,53,1,1,0,21.783109664916992,3.5048072227742852,1,False
breast_cancer,0,3,54,0,0,1,5.630063533782959,1.9128932069425175,1,True
breast_cancer,0,3,56,1,1,0,38.603248596191406,7.491805835618431,0,True
breast_cancer,0,3,57,1,1,0,40.09717559814453,5.535731881651108,1,False
breast_cancer,0,3,58,1,1,0,21.340431213378903,3.2382449712570804,0,True
breast_cancer,0,3,59,0,0,1,66.63458251953125,4.356533988502411,1,True
breast_cancer,0,3,60,1,1,0,8.55271053314209,2.509634793222942,1,False
breast_cancer,0,3,61,1,1,0,22.51476287841797,4.846860434478609,1,False
breast_cancer,0,3,62,0,0,1,47.41436004638672,5.710619960412208,1,True
breast_cancer,0,3,63,1,1,0,43.66407012939453,5.196258496786623,0,True
breast_cancer,0,3,65,0,0,1,39.20220947265625,3.616312687891937,1,True
breast_cancer,0,3,66,0,0,1,59.80421447753906,4.4034277112846825,1,True
breast_cancer,0,3,67,1,1,0,14.83310890197754,3.1547428474828507,1,False
breast_cancer,0,3,68,1,1,0,29.73813819885254,4.471823658445935,1,False
breast_cancer,0,3,69,1,1,0,20.495885848999023,2.456651812102259,1,False
breast_cancer,0,3,70,0,0,1,51.07146072387695,4.216078234674982,1,True
breast_cancer,0,3,71,0,0,1,82.45147705078125,5.57381353016613,1,True
breast_cancer,0,3,72,1,1,0,20.00824546813965,4.542714568465821,1,False
breast_cancer,0,3,73,1,1,0,21.004234313964844,2.615689214523486,0,True
breast_cancer,0,3,74,0,0,1,116.64727783203124,7.372233065784468,1,True
breast_cancer,0,3,76,1,1,0,24.419450759887695,2.6528983720333064,0,True
breast_cancer,0,3,77,0,0,1,29.551124572753903,3.912766553523705,1,True
breast_cancer,0,3,78,1,1,0,30.83980178833008,4.619971223065293,1,False
breast_cancer,0,3,79,0,0,1,90.84933471679688,6.582774327784702,1,True
breast_cancer,0,3,80,0,0,1,96.74913024902344,7.081447637380287,1,True
breast_cancer,0,3,81,1,1,0,26.215545654296875,3.9667770411963095,1,False
breast_cancer,0,3,82,1,1,0,25.33168029785156,3.3133048311427338,1,False
breast_cancer,0,3,83,0,0,1,57.359901428222656,3.8042394639869697,1,True
breast_cancer,0,3,84,1,1,0,10.097525596618652,2.237132539729901,1,False
breast_cancer,0,3,85,1,1,0,59.01228332519531,18.825849561970564,0,True
breast_cancer,0,3,86,0,0,1,96.73291778564452,10.329996869043567,1,True
breast_cancer,0,3,87,1,1,0,17.321657180786133,3.8412844244875983,1,False
breast_cancer,0,3,88,1,1,0,21.83576011657715,4.035399584767041,0,True
breast_cancer,0,3,89,0,0,1,118.15530395507812,6.864661162793725,1,True
breast_cancer,0,3,90,1,1,0,21.72365951538086,4.209611842907881,1,False
breast_cancer,0,3,91,1,1,0,26.551782608032227,4.471157951673524,1,False
breast_cancer,0,3,93,1,1,0,16.2326602935791,2.6056720031347207,1,False
breast_cancer,0,3,94,1,1,0,15.820465087890623,4.345212985582378,0,True
breast_cancer,0,3,95,1,1,0,11.064526557922363,2.43868464047498,0,True
breast_cancer,0,3,96,0,0,1,74.6492919921875,4.727546498367619,1,True
breast_cancer,0,3,97,1,1,0,23.25248146057129,3.40436733170883,0,True
breast_cancer,0,3,98,1,1,0,24.026647567749023,2.942923223258739,1,False
breast_cancer,0,3,99,1,1,0,20.87406349182129,2.8789410511262528,1,False
breast_cancer,0,3,100,0,0,1,62.157981872558594,5.200516290109467,1,True
breast_cancer,0,3,101,1,1,0,15.750473022460938,1.2695369186762395,1,False
breast_cancer,0,3,102,1,1,0,30.41632080078125,6.414845115964788,1,False
breast_cancer,0,3,103,1,1,0,22.284099578857425,3.4109610177636704,1,False
breast_cancer,0,3,105,1,1,0,29.825328826904297,4.1469526067915705,0,True
breast_cancer,0,3,106,1,1,0,17.05012321472168,2.0637097817932,1,False
breast_cancer,0,3,107,1,1,0,18.248350143432617,2.853835668427358,1,False
breast_cancer,0,3,108,1,1,0,15.791173934936523,2.983825572364988,1,False
breast_cancer,0,3,109,1,1,0,20.885631561279297,2.134583942091578,1,False
breast_cancer,0,3,110,1,1,0,18.5404109954834,2.9622946745278527,1,False
breast_cancer,0,3,111,1,1,0,23.794950485229492,3.5867281503882076,1,False
breast_cancer,0,3,112,1,1,0,22.716306686401367,3.3769792728256793,1,False
breast_cancer,0,3,113,0,0,1,117.04901123046876,6.933129948321754,1,True
breast_cancer,0,5,0,1,1,0,34.90285873413086,4.0724857064754945,1,False
breast_cancer,0,5,1,0,0,1,67.19694519042969,3.4975880318229184,0,False
breast_cancer,0,5,2,1,1,0,25.38146591186523,3.4870963876015444,1,False
breast_cancer,0,5,3,0,0,1,165.56329345703125,9.138398868000776,0,False
breast_cancer,0,5,4,0,0,1,89.36079406738281,5.82277636582709,1,True
breast_cancer,0,5,5,0,0,1,91.57721710205078,6.965195264484158,1,True
breast_cancer,0,5,6,0,0,1,46.210670471191406,4.298734155008915,1,True
breast_cancer,0,5,7,1,1,0,6.63641357421875,2.00028978143201,1,False
breast_cancer,0,5,8,0,0,1,72.8134765625,4.543159879073767,0,False
breast_cancer,0,5,9,0,0,1,110.0597915649414,8.82282062725723,1,True
breast_cancer,0,5,10,1,1,0,27.08064079284668,6.626794790290272,0,True
breast_cancer,0,5,11,1,1,0,10.48940658569336,2.6312320437434087,1,False
breast_cancer,0,5,12,1,1,0,26.856447219848633,3.314866479480798,1,False
breast_cancer,0,5,13,1,1,0,8.539620399475098,5.552460002679076,1,False
breast_cancer,0,5,14,0,0,1,87.45848846435547,5.247013854481451,0,False
breast_cancer,0,5,15,0,0,1,39.694602966308594,3.317419019802402,0,False
breast_cancer,0,5,16,1,1,0,17.710859298706055,2.664653810318405,1,False
breast_cancer,0,5,18,1,1,0,32.06083297729492,3.950641750935653,1,False
breast_cancer,0,5,19,1,1,0,17.78243064880371,4.353149845891193,1,False
breast_cancer,0,5,20,1,1,0,11.65538215637207,2.4726126695565163,1,False
breast_cancer,0,5,21,0,0,1,1.764386773109436,3.2475045758859507,1,True
breast_cancer,0,5,22,0,0,1,95.84477996826172,4.497146529694622,0,False
breast_cancer,0,5,23,0,0,1,69.36332702636719,4.542119987952854,0,False
breast_cancer,0,5,24,1,1,0,17.603191375732422,3.4224472657275253,1,False
breast_cancer,0,5,25,0,0,1,39.42675018310547,5.816221557703952,1,True
breast_cancer,0,5,26,0,0,1,87.0201416015625,4.916021967781589,0,False
breast_cancer,0,5,27,1,1,0,28.863849639892575,4.485840319545657,1,False
breast_cancer,0,5,28,1,1,0,27.689937591552734,6.514800861865967,1,False
breast_cancer,0,5,29,1,1,0,17.23480796813965,3.228159059869279,1,False
breast_cancer,0,5,30,1,1,0,17.502473831176758,2.2015816626137767,0,True
breast_cancer,0,5,31,1,1,0,20.39817237854004,4.483811112637395,0,True
breast_cancer,0,5,32,0,0,1,39.15263748168945,3.5441041310889236,1,True
breast_cancer,0,5,33,0,0,1,39.2637939453125,3.1758389838093937,1,True
breast_cancer,0,5,34,1,1,0,24.3060245513916,3.301424831485716,1,False
breast_cancer,0,5,36,0,0,1,54.392730712890625,4.356655839804351,1,True
breast_cancer,0,5,37,0,0,1,143.00509643554688,13.785090357307356,1,True
breast_cancer,0,5,39,1,1,0,21.915298461914062,3.266235535225792,1,False
breast_cancer,0,5,40,1,1,0,18.672544479370117,4.3384121442128905,0,True
breast_cancer,0,5,41,1,1,0,35.80281066894531,7.621805800346329,1,False
breast_cancer,0,5,42,0,0,1,30.67142677307129,3.3966804254472573,0,False
breast_cancer,0,5,43,1,1,0,17.06485939025879,2.1490459158442614,1,False
breast_cancer,0,5,44,1,1,0,21.05973243713379,3.2612871849738863,1,False
breast_cancer,0,5,45,1,1,0,12.493677139282228,2.8858874746594627,1,False
breast_cancer,0,5,46,0,0,1,4.465062618255615,5.828215018279434,1,True
breast_cancer,0,5,47,0,0,1,59.06831359863281,4.220586140154052,0,False
breast_cancer,0,5,48,1,1,0,21.058977127075195,2.785236306357622,1,False
breast_cancer,0,5,49,1,1,0,24.93635368347168,4.062097002817559,1,False
breast_cancer,0,5,50,1,1,0,29.849288940429688,4.4084491054069,1,False
breast_cancer,0,5,51,1,1,0,25.43142318725586,2.8389823357000123,1,False
breast_cancer,0,5,52,0,0,1,68.79476928710938,5.084922052866587,0,False
breast_cancer,0,5,53,1,1,0,21.783109664916992,3.5048072227742852,1,False
breast_cancer,0,5,54,0,0,1,5.630063533782959,1.9128932069425175,1,True
breast_cancer,0,5,56,1,1,0,38.603248596191406,7.491805835618431,0,True
breast_cancer,0,5,57,1,1,0,40.09717559814453,5.535731881651108,1,False
breast_cancer,0,5,58,1,1,0,21.340431213378903,3.268229371867697,1,False
breast_cancer,0,5,59,0,0,1,66.63458251953125,3.9073360055778945,0,False
breast_cancer,0,5,60,1,1,0,8.55271053314209,2.509634793222942,1,False
breast_cancer,0,5,61,1,1,0,22.51476287841797,3.8283986533667655,0,True
breast_cancer,0,5,62,0,0,1,47.41436004638672,5.573017076893291,0,False
breast_cancer,0,5,63,1,1,0,43.66407012939453,5.4413239441451084,1,False
breast_cancer,0,5,65,0,0,1,39.20220947265625,3.0976186348307326,0,False
breast_cancer,0,5,66,0,0,1,59.80421447753906,4.109711137498228,0,False
breast_cancer,0,5,67,1,1,0,14.83310890197754,3.1547428474828507,1,False
breast_cancer,0,5,68,1,1,0,29.73813819885254,4.471823658445935,1,False
breast_cancer,0,5,69,1,1,0,20.495885848999023,2.456651812102259,1,False
breast_cancer,0,5,70,0,0,1,51.07146072387695,3.37821468375158,0,False
breast_cancer,0,5,71,0,0,1,82.45147705078125,5.4933962786798505,0,False
breast_cancer,0,5,72,1,1,0,20.00824546813965,4.542714568465821,1,False
breast_cancer,0,5,73,1,1,0,21.004234313964844,2.615689214523486,0,True
breast_cancer,0,5,74,0,0,1,116.64727783203124,7.06464507616156,0,False
breast_cancer,0,5,75,1,1,0,9.1232271194458,2.4225100645945497,1,False
breast_cancer,0,5,76,1,1,0,24.419450759887695,2.7637373110814103,1,False
breast_cancer,0,5,77,0,0,1,29.551124572753903,3.912766553523705,1,True
breast_cancer,0,5,78,1,1,0,30.83980178833008,4.619971223065293,1,False
breast_cancer,0,5,79,0,0,1,90.84933471679688,6.22196572224011,0,False
breast_cancer,0,5,80,0,0,1,96.74913024902344,7.081447637380287,1,True
breast_cancer,0,5,81,1,1,0,26.215545654296875,3.9667770411963095,1,False
breast_cancer,0,5,82,1,1,0,25.33168029785156,3.3133048311427338,1,False
breast_cancer,0,5,83,0,0,1,57.359901428222656,3.1964180893348,0,False
breast_cancer,0,5,84,1,1,0,10.097525596618652,2.237132539729901,1,False
breast_cancer,0,5,86,0,0,1,96.73291778564452,10.20247404039936,0,False
breast_cancer,0,5,87,1,1,0,17.321657180786133,3.8412844244875983,1,False
breast_cancer,0,5,88,1,1,0,21.83576011657715,4.503039048294078,1,False
breast_cancer,0,5,89,0,0,1,118.15530395507812,5.796059257614957,0,False
breast_cancer,0,5,90,1,1,0,21.72365951538086,4.209611842907881,1,False
breast_cancer,0,5,91,1,1,0,26.551782608032227,4.471157951673524,1,False
breast_cancer,0,5,92,1,1,0,2.2609007358551025,3.2467322564683885,1,False
breast_cancer,0,5,93,1,1,0,16.2326602935791,2.6056720031347207,1,False
breast_cancer,0,5,94,1,1,0,15.820465087890623,4.345212985582378,0,True
breast_cancer,0,5,95,1,1,0,11.064526557922363,2.43868464047498,0,True
breast_cancer,0,5,96,0,0,1,74.6492919921875,4.727546498367619,1,True
breast_cancer,0,5,97,1,1,0,23.25248146057129,3.40436733170883,0,True
breast_cancer,0,5,98,1,1,0,24.026647567749023,2.942923223258739,1,False
breast_cancer,0,5,99,1,1,0,20.87406349182129,2.8789410511262528,1,False
breast_cancer,0,5,100,0,0,1,62.157981872558594,4.579194222685165,0,False
breast_cancer,0,5,101,1,1,0,15.750473022460938,1.2695369186762395,1,False
breast_cancer,0,5,102,1,1,0,30.41632080078125,6.226589499693739,0,True
breast_cancer,0,5,103,1,1,0,22.284099578857425,3.4109610177636704,1,False
breast_cancer,0,5,104,1,1,0,40.08050155639648,6.263142708580461,1,False
breast_cancer,0,5,105,1,1,0,29.825328826904297,4.1469526067915705,0,True
breast_cancer,0,5,106,1,1,0,17.05012321472168,2.0637097817932,1,False
breast_cancer,0,5,107,1,1,0,18.248350143432617,2.853835668427358,1,False
breast_cancer,0,5,108,1,1,0,15.791173934936523,2.983825572364988,1,False
breast_cancer,0,5,109,1,1,0,20.885631561279297,2.134583942091578,1,False
breast_cancer,0,5,110,1,1,0,18.5404109954834,2.9622946745278527,1,False
breast_cancer,0,5,111,1,1,0,23.794950485229492,3.5867281503882076,1,False
breast_cancer,0,5,112,1,1,0,22.716306686401367,3.3769792728256793,1,False
breast_cancer,0,5,113,0,0,1,117.04901123046876,6.928755914904783,1,True
breast_cancer,0,7,0,1,1,0,34.90285873413086,4.405312853806694,1,False
breast_cancer,0,7,1,0,0,1,67.19694519042969,3.4975880318229184,0,False
breast_cancer,0,7,2,1,1,0,25.38146591186523,3.875458809280486,1,False
breast_cancer,0,7,3,0,0,1,165.56329345703125,9.138398868000776,0,False
breast_cancer,0,7,4,0,0,1,89.36079406738281,5.946267695461575,1,True
breast_cancer,0,7,5,0,0,1,91.57721710205078,7.108929236469494,0,False
breast_cancer,0,7,6,0,0,1,46.210670471191406,4.548826273197616,0,False
breast_cancer,0,7,7,1,1,0,6.63641357421875,2.528099172689288,0,True
breast_cancer,0,7,8,0,0,1,72.8134765625,4.543159879073767,0,False
breast_cancer,0,7,9,0,0,1,110.0597915649414,8.579998406879913,1,True
breast_cancer,0,7,10,1,1,0,27.08064079284668,6.626794790290272,0,True
breast_cancer,0,7,11,1,1,0,10.48940658569336,2.118057380661075,0,True
breast_cancer,0,7,12,1,1,0,26.856447219848633,3.314866479480798,1,False
breast_cancer,0,7,13,1,1,0,8.539620399475098,4.164276157905827,1,False
breast_cancer,0,7,14,0,0,1,87.45848846435547,5.247013854481451,0,False
breast_cancer,0,7,15,0,0,1,39.694602966308594,3.622317219083202,1,True
breast_cancer,0,7,16,1,1,0,17.710859298706055,2.9027103751297862,0,True
breast_cancer,0,7,18,1,1,0,32.06083297729492,4.544468546051845,1,False
breast_cancer,0,7,19,1,1,0,17.78243064880371,3.7843548984216935,0,True
breast_cancer,0,7,20,1,1,0,11.65538215637207,3.601428906283248,0,True
breast_cancer,0,7,21,0,0,1,1.764386773109436,3.2475045758859507,1,True
breast_cancer,0,7,22,0,0,1,95.84477996826172,4.497146529694622,0,False
breast_cancer,0,7,23,0,0,1,69.36332702636719,4.542119987952854,0,False
breast_cancer,0,7,24,1,1,0,17.603191375732422,3.742738594765623,0,True
breast_cancer,0,7,25,0,0,1,39.42675018310547,6.068956777515588,1,True
breast_cancer,0,7,26,0,0,1,87.0201416015625,4.916021967781589,0,False
breast_cancer,0,7,27,1,1,0,28.863849639892575,4.692362949883022,0,True
breast_cancer,0,7,28,1,1,0,27.689937591552734,6.360620063309392,1,False
breast_cancer,0,7,29,1,1,0,17.23480796813965,3.3388385912696052,0,True
breast_cancer,0,7,30,1,1,0,17.502473831176758,2.2015816626137767,0,True
breast_cancer,0,7,31,1,1,0,20.39817237854004,4.483811112637395,0,True
breast_cancer,0,7,32,0,0,1,39.15263748168945,3.5441041310889236,1,True
breast_cancer,0,7,33,0,0,1,39.2637939453125,3.1758389838093937,1,True
breast_cancer,0,7,34,1,1,0,24.3060245513916,3.301424831485716,1,False
breast_cancer,0,7,36,0,0,1,54.392730712890625,5.012978970554978,0,False
breast_cancer,0,7,37,0,0,1,143.00509643554688,13.785090357307356,1,True
breast_cancer,0,7,39,1,1,0,21.915298461914062,3.28122776977994,0,True
breast_cancer,0,7,40,1,1,0,18.672544479370117,4.3384121442128905,0,True
breast_cancer,0,7,42,0,0,1,30.67142677307129,3.3966804254472573,0,False
breast_cancer,0,7,43,1,1,0,17.06485939025879,3.7948842667091047,1,False
breast_cancer,0,7,44,1,1,0,21.05973243713379,3.4196006628459266,0,True
breast_cancer,0,7,45,1,1,0,12.493677139282228,3.252569898789407,0,True
breast_cancer,0,7,46,0,0,1,4.465062618255615,5.828215018279434,1,True
breast_cancer,0,7,47,0,0,1,59.06831359863281,4.220586140154052,0,False
breast_cancer,0,7,48,1,1,0,21.058977127075195,2.785236306357622,1,False
breast_cancer,0,7,49,1,1,0,24.93635368347168,5.072331208368588,0,True
breast_cancer,0,7,50,1,1,0,29.849288940429688,5.477757408362798,0,True
breast_cancer,0,7,51,1,1,0,25.43142318725586,2.8389823357000123,1,False
breast_cancer,0,7,52,0,0,1,68.79476928710938,5.084922052866587,0,False
breast_cancer,0,7,53,1,1,0,21.783109664916992,4.8884329680822765,0,True
breast_cancer,0,7,54,0,0,1,5.630063533782959,1.6277080476537529,1,True
breast_cancer,0,7,56,1,1,0,38.603248596191406,6.905078814715766,1,False
breast_cancer,0,7,57,1,1,0,40.09717559814453,6.17866509364473,1,False
breast_cancer,0,7,58,1,1,0,21.340431213378903,4.209589965132815,1,False
breast_cancer,0,7,59,0,0,1,66.63458251953125,3.9073360055778945,0,False
breast_cancer,0,7,60,1,1,0,8.55271053314209,2.75759342667064,0,True
breast_cancer,0,7,61,1,1,0,22.51476287841797,3.8283986533667655,0,True
breast_cancer,0,7,62,0,0,1,47.41436004638672,5.573017076893291,0,False
breast_cancer,0,7,63,1,1,0,43.66407012939453,5.527277701448922,1,False
breast_cancer,0,7,65,0,0,1,39.20220947265625,3.0976186348307326,0,False
breast_cancer,0,7,66,0,0,1,59.80421447753906,4.109711137498228,0,False
breast_cancer,0,7,67,1,1,0,14.83310890197754,3.1547428474828507,1,False
breast_cancer,0,7,68,1,1,0,29.73813819885254,5.5412319500894975,0,True
breast_cancer,0,7,69,1,1,0,20.495885848999023,4.487514427759809,0,True
breast_cancer,0,7,70,0,0,1,51.07146072387695,3.37821468375158,0,False
breast_cancer,0,7,71,0,0,1,82.45147705078125,5.125756017021319,1,True
breast_cancer,0,7,72,1,1,0,20.00824546813965,5.0339430123921725,0,True
breast_cancer,0,7,73,1,1,0,21.004234313964844,2.615689214523486,0,True
breast_cancer,0,7,74,0,0,1,116.64727783203124,7.06464507616156,0,False
breast_cancer,0,7,75,1,1,0,9.1232271194458,2.4225100645945497,1,False
breast_cancer,0,7,76,1,1,0,24.419450759887695,3.673670552411953,0,True
breast_cancer,0,7,77,0,0,1,29.551124572753903,3.912766553523705,1,True
breast_cancer,0,7,78,1,1,0,30.83980178833008,5.388668592814284,0,True
breast_cancer,0,7,79,0,0,1,90.84933471679688,6.22196572224011,0,False
breast_cancer,0,7,80,0,0,1,96.74913024902344,7.403487163794004,0,False
breast_cancer,0,7,81,1,1,0,26.215545654296875,5.143977070876393,0,True
breast_cancer,0,7,82,1,1,0,25.33168029785156,4.588334159550549,1,False
breast_cancer,0,7,83,0,0,1,57.359901428222656,3.1964180893348,0,False
breast_cancer,0,7,84,1,1,0,10.097525596618652,3.273002311510854,0,True
breast_cancer,0,7,86,0,0,1,96.73291778564452,10.20247404039936,0,False
breast_cancer,0,7,87,1,1,0,17.321657180786133,3.8412844244875983,1,False
breast_cancer,0,7,88,1,1,0,21.83576011657715,4.2630241805666795,0,True
breast_cancer,0,7,89,0,0,1,118.15530395507812,5.796059257614957,0,False
breast_cancer,0,7,90,1,1,0,21.72365951538086,3.823480423723108,1,False
breast_cancer,0,7,91,1,1,0,26.551782608032227,4.671976618427079,0,True
breast_cancer,0,7,93,1,1,0,16.2326602935791,2.6056720031347207,1,False
breast_cancer,0,7,94,1,1,0,15.820465087890623,3.789840388282416,1,False
breast_cancer,0,7,95,1,1,0,11.064526557922363,2.43868464047498,0,True
breast_cancer,0,7,96,0,0,1,74.6492919921875,4.75271490510851,0,False
breast_cancer,0,7,97,1,1,0,23.25248146057129,3.40436733170883,0,True
breast_cancer,0,7,98,1,1,0,24.026647567749023,2.942923223258739,1,False
breast_cancer,0,7,99,1,1,0,20.87406349182129,4.1486233195893805,1,False
breast_cancer,0,7,100,0,0,1,62.157981872558594,4.579194222685165,0,False
breast_cancer,0,7,101,1,1,0,15.750473022460938,3.3220279995791,1,False
breast_cancer,0,7,102,1,1,0,30.41632080078125,6.226589499693739,0,True
breast_cancer,0,7,103,1,1,0,22.284099578857425,4.567042128310095,1,False
breast_cancer,0,7,105,1,1,0,29.825328826904297,4.1469526067915705,0,True
breast_cancer,0,7,106,1,1,0,17.05012321472168,2.3351817470017564,1,False
breast_cancer,0,7,107,1,1,0,18.248350143432617,2.853835668427358,1,False
breast_cancer,0,7,108,1,1,0,15.791173934936523,2.8228025800557224,1,False
breast_cancer,0,7,109,1,1,0,20.885631561279297,2.134583942091578,1,False
breast_cancer,0,7,110,1,1,0,18.5404109954834,4.735727931865328,0,True
breast_cancer,0,7,111,1,1,0,23.794950485229492,3.5867281503882076,1,False
breast_cancer,0,7,112,1,1,0,22.716306686401367,4.319444901631421,1,False
breast_cancer,0,7,113,0,0,1,117.04901123046876,6.928755914904783,1,True
breast_cancer,0,10,0,1,1,0,34.90285873413086,4.405312853806694,1,False
breast_cancer,0,10,1,0,0,1,67.19694519042969,3.4975880318229184,0,False
breast_cancer,0,10,2,1,1,0,25.38146591186523,3.875458809280486,1,False
breast_cancer,0,10,3,0,0,1,165.56329345703125,9.138398868000776,0,False
breast_cancer,0,10,4,0,0,1,89.36079406738281,5.946267695461575,1,True
breast_cancer,0,10,5,0,0,1,91.57721710205078,7.108929236469494,0,False
breast_cancer,0,10,6,0,0,1,46.210670471191406,4.548826273197616,0,False
breast_cancer,0,10,7,1,1,0,6.63641357421875,2.528099172689288,0,True
breast_cancer,0,10,8,0,0,1,72.8134765625,4.543159879073767,0,False
breast_cancer,0,10,9,0,0,1,110.0597915649414,8.579998406879913,1,True
breast_cancer,0,10,10,1,1,0,27.08064079284668,6.626794790290272,0,True
breast_cancer,0,10,11,1,1,0,10.48940658569336,2.118057380661075,0,True
breast_cancer,0,10,12,1,1,0,26.856447219848633,3.314866479480798,1,False
breast_cancer,0,10,13,1,1,0,8.539620399475098,4.164276157905827,1,False
breast_cancer,0,10,14,0,0,1,87.45848846435547,5.247013854481451,0,False
breast_cancer,0,10,15,0,0,1,39.694602966308594,3.622317219083202,1,True
breast_cancer,0,10,16,1,1,0,17.710859298706055,2.9027103751297862,0,True
breast_cancer,0,10,18,1,1,0,32.06083297729492,4.544468546051845,1,False
breast_cancer,0,10,19,1,1,0,17.78243064880371,3.7843548984216935,0,True
breast_cancer,0,10,20,1,1,0,11.65538215637207,3.601428906283248,0,True
breast_cancer,0,10,21,0,0,1,1.764386773109436,3.2475045758859507,1,True
breast_cancer,0,10,22,0,0,1,95.84477996826172,4.497146529694622,0,False
breast_cancer,0,10,23,0,0,1,69.36332702636719,4.542119987952854,0,False
breast_cancer,0,10,24,1,1,0,17.603191375732422,3.742738594765623,0,True
breast_cancer,0,10,25,0,0,1,39.42675018310547,6.068956777515588,1,True
breast_cancer,0,10,26,0,0,1,87.0201416015625,4.916021967781589,0,False
breast_cancer,0,10,27,1,1,0,28.863849639892575,4.692362949883022,0,True
breast_cancer,0,10,28,1,1,0,27.689937591552734,6.360620063309392,1,False
breast_cancer,0,10,29,1,1,0,17.23480796813965,3.3388385912696052,0,True
breast_cancer,0,10,30,1,1,0,17.502473831176758,2.2015816626137767,0,True
breast_cancer,0,10,31,1,1,0,20.39817237854004,4.483811112637395,0,True
breast_cancer,0,10,32,0,0,1,39.15263748168945,3.5441041310889236,1,True
breast_cancer,0,10,33,0,0,1,39.2637939453125,3.1758389838093937,1,True
breast_cancer,0,10,34,1,1,0,24.3060245513916,3.301424831485716,1,False
breast_cancer,0,10,36,0,0,1,54.392730712890625,5.012978970554978,0,False
breast_cancer,0,10,37,0,0,1,143.00509643554688,13.785090357307356,1,True
breast_cancer,0,10,39,1,1,0,21.915298461914062,3.28122776977994,0,True
breast_cancer,0,10,40,1,1,0,18.672544479370117,4.3384121442128905,0,True
breast_cancer,0,10,42,0,0,1,30.67142677307129,3.3966804254472573,0,False
breast_cancer,0,10,43,1,1,0,17.06485939025879,3.7948842667091047,1,False
breast_cancer,0,10,44,1,1,0,21.05973243713379,3.4196006628459266,0,True
breast_cancer,0,10,45,1,1,0,12.493677139282228,3.252569898789407,0,True
breast_cancer,0,10,46,0,0,1,4.465062618255615,5.828215018279434,1,True
breast_cancer,0,10,47,0,0,1,59.06831359863281,4.220586140154052,0,False
breast_cancer,0,10,48,1,1,0,21.058977127075195,2.785236306357622,1,False
breast_cancer,0,10,49,1,1,0,24.93635368347168,5.072331208368588,0,True
breast_cancer,0,10,50,1,1,0,29.849288940429688,5.477757408362798,0,True
breast_cancer,0,10,51,1,1,0,25.43142318725586,2.8389823357000123,1,False
breast_cancer,0,10,52,0,0,1,68.79476928710938,5.084922052866587,0,False
breast_cancer,0,10,53,1,1,0,21.783109664916992,4.8884329680822765,0,True
breast_cancer,0,10,54,0,0,1,5.630063533782959,1.6277080476537529,1,True
breast_cancer,0,10,56,1,1,0,38.603248596191406,6.905078814715766,1,False
breast_cancer,0,10,57,1,1,0,40.09717559814453,6.17866509364473,1,False
breast_cancer,0,10,58,1,1,0,21.340431213378903,4.209589965132815,1,False
breast_cancer,0,10,59,0,0,1,66.63458251953125,3.9073360055778945,0,False
breast_cancer,0,10,60,1,1,0,8.55271053314209,2.75759342667064,0,True
breast_cancer,0,10,61,1,1,0,22.51476287841797,3.8283986533667655,0,True
breast_cancer,0,10,62,0,0,1,47.41436004638672,5.573017076893291,0,False
breast_cancer,0,10,63,1,1,0,43.66407012939453,5.527277701448922,1,False
breast_cancer,0,10,65,0,0,1,39.20220947265625,3.0976186348307326,0,False
breast_cancer,0,10,66,0,0,1,59.80421447753906,4.109711137498228,0,False
breast_cancer,0,10,67,1,1,0,14.83310890197754,3.1547428474828507,1,False
breast_cancer,0,10,68,1,1,0,29.73813819885254,5.5412319500894975,0,True
breast_cancer,0,10,69,1,1,0,20.495885848999023,4.487514427759809,0,True
breast_cancer,0,10,70,0,0,1,51.07146072387695,3.37821468375158,0,False
breast_cancer,0,10,71,0,0,1,82.45147705078125,5.125756017021319,1,True
breast_cancer,0,10,72,1,1,0,20.00824546813965,5.0339430123921725,0,True
breast_cancer,0,10,73,1,1,0,21.004234313964844,2.615689214523486,0,True
breast_cancer,0,10,74,0,0,1,116.64727783203124,7.06464507616156,0,False
breast_cancer,0,10,75,1,1,0,9.1232271194458,2.4225100645945497,1,False
breast_cancer,0,10,76,1,1,0,24.419450759887695,3.673670552411953,0,True
breast_cancer,0,10,77,0,0,1,29.551124572753903,3.912766553523705,1,True
breast_cancer,0,10,78,1,1,0,30.83980178833008,5.388668592814284,0,True
breast_cancer,0,10,79,0,0,1,90.84933471679688,6.22196572224011,0,False
breast_cancer,0,10,80,0,0,1,96.74913024902344,7.403487163794004,0,False
breast_cancer,0,10,81,1,1,0,26.215545654296875,5.143977070876393,0,True
breast_cancer,0,10,82,1,1,0,25.33168029785156,4.588334159550549,1,False
breast_cancer,0,10,83,0,0,1,57.359901428222656,3.1964180893348,0,False
breast_cancer,0,10,84,1,1,0,10.097525596618652,3.273002311510854,0,True
breast_cancer,0,10,86,0,0,1,96.73291778564452,10.20247404039936,0,False
breast_cancer,0,10,87,1,1,0,17.321657180786133,3.8412844244875983,1,False
breast_cancer,0,10,88,1,1,0,21.83576011657715,4.2630241805666795,0,True
breast_cancer,0,10,89,0,0,1,118.15530395507812,5.796059257614957,0,False
breast_cancer,0,10,90,1,1,0,21.72365951538086,3.823480423723108,1,False
breast_cancer,0,10,91,1,1,0,26.551782608032227,4.671976618427079,0,True
breast_cancer,0,10,93,1,1,0,16.2326602935791,2.6056720031347207,1,False
breast_cancer,0,10,94,1,1,0,15.820465087890623,3.789840388282416,1,False
breast_cancer,0,10,95,1,1,0,11.064526557922363,2.43868464047498,0,True
breast_cancer,0,10,96,0,0,1,74.6492919921875,4.75271490510851,0,False
breast_cancer,0,10,97,1,1,0,23.25248146057129,3.40436733170883,0,True
breast_cancer,0,10,98,1,1,0,24.026647567749023,2.942923223258739,1,False
breast_cancer,0,10,99,1,1,0,20.87406349182129,4.1486233195893805,1,False
breast_cancer,0,10,100,0,0,1,62.157981872558594,4.579194222685165,0,False
breast_cancer,0,10,101,1,1,0,15.750473022460938,3.3220279995791,1,False
breast_cancer,0,10,102,1,1,0,30.41632080078125,6.226589499693739,0,True
breast_cancer,0,10,103,1,1,0,22.284099578857425,4.567042128310095,1,False
breast_cancer,0,10,105,1,1,0,29.825328826904297,4.1469526067915705,0,True
breast_cancer,0,10,106,1,1,0,17.05012321472168,2.3351817470017564,1,False
breast_cancer,0,10,107,1,1,0,18.248350143432617,2.853835668427358,1,False
breast_cancer,0,10,108,1,1,0,15.791173934936523,2.8228025800557224,1,False
breast_cancer,0,10,109,1,1,0,20.885631561279297,2.134583942091578,1,False
breast_cancer,0,10,110,1,1,0,18.5404109954834,4.735727931865328,0,True
breast_cancer,0,10,111,1,1,0,23.794950485229492,3.5867281503882076,1,False
breast_cancer,0,10,112,1,1,0,22.716306686401367,4.319444901631421,1,False
breast_cancer,0,10,113,0,0,1,117.04901123046876,6.928755914904783,1,True
breast_cancer,1,2,0,1,1,0,32.93559646606445,5.643235219700084,1,False
breast_cancer,1,2,1,0,0,1,41.61518096923828,4.203510742123719,1,True
breast_cancer,1,2,2,1,1,0,29.953081130981445,4.798142745710034,0,True
breast_cancer,1,2,3,1,1,0,24.73212242126465,5.022271001052296,1,False
breast_cancer,1,2,4,1,1,0,28.77327537536621,6.900722553597793,0,True
breast_cancer,1,2,5,1,1,0,25.758743286132812,6.755469135030111,1,False
breast_cancer,1,2,6,0,0,1,20.127456665039062,3.111400771477023,1,True
breast_cancer,1,2,7,1,1,0,16.64927101135254,3.831983237499691,0,True
breast_cancer,1,2,8,1,1,0,1.101188898086548,4.735546875041505,1,False
breast_cancer,1,2,9,0,0,1,42.29502868652344,3.7157976446565857,1,True
breast_cancer,1,2,10,0,0,1,18.730356216430664,2.859582754122338,1,True
breast_cancer,1,2,11,1,1,0,23.322153091430664,4.545002000066957,0,True
breast_cancer,1,2,12,1,1,0,43.56718444824219,6.54968064536224,1,False
breast_cancer,1,2,13,1,1,0,24.20175552368164,3.692500215632192,0,True
breast_cancer,1,2,14,0,0,1,54.416866302490234,6.241226277418244,1,True
breast_cancer,1,2,15,0,0,1,47.12700653076172,10.789031012290636,1,True
breast_cancer,1,2,16,1,1,0,34.39004898071289,5.543356685265032,0,True
breast_cancer,1,2,17,0,0,1,41.35318756103515,3.7893825518397497,1,True
breast_cancer,1,2,18,0,0,1,74.75641632080078,5.109709479055172,1,True
breast_cancer,1,2,19,1,1,0,36.899173736572266,4.143520850006954,1,False
breast_cancer,1,2,20,1,1,0,20.981287002563477,3.5604266475785034,0,True
breast_cancer,1,2,21,0,0,1,86.35446166992188,6.930949866371994,1,True
breast_cancer,1,2,22,0,0,1,28.546701431274418,3.629977965147963,1,True
breast_cancer,1,2,23,1,1,0,23.853422164916992,3.664580046437459,0,True
breast_cancer,1,2,24,0,0,1,47.72859573364258,3.548217177310505,1,True
breast_cancer,1,2,25,1,1,0,17.67754554748535,3.3447605468665147,0,True
breast_cancer,1,2,26,1,1,0,25.045330047607425,4.12954202877554,0,True
breast_cancer,1,2,27,1,1,0,32.71299362182617,6.744064246544706,0,True
breast_cancer,1,2,28,1,1,0,23.70745086669922,4.495428707174666,0,True
breast_cancer,1,2,29,0,0,1,138.3087158203125,11.106712404247032,1,True
breast_cancer,1,2,30,1,1,0,15.775348663330078,3.3708387656482537,0,True
breast_cancer,1,2,31,1,1,0,43.972225189208984,8.150182264014633,1,False
breast_cancer,1,2,32,1,1,0,24.573640823364254,4.859912656350544,0,True
breast_cancer,1,2,33,0,0,1,64.64429473876953,4.919236250417197,1,True
breast_cancer,1,2,34,1,1,0,27.868074417114254,4.639145607553129,0,True
breast_cancer,1,2,35,1,1,0,18.50225257873535,5.0818514927525635,0,True
breast_cancer,1,2,36,1,1,0,22.662696838378903,3.715970815729843,0,True
breast_cancer,1,2,37,1,1,0,25.43165397644043,4.8988388525328626,0,True
breast_cancer,1,2,38,1,1,0,15.911800384521484,4.096360417545412,0,True
breast_cancer,1,2,39,1,1,0,37.64436340332031,5.978212763163205,0,True
breast_cancer,1,2,40,0,0,1,12.745685577392578,3.1778652616690226,1,True
breast_cancer,1,2,41,1,1,0,10.106121063232422,4.112220963238409,1,False
breast_cancer,1,2,42,0,0,1,82.48027038574219,8.913479289704636,1,True
breast_cancer,1,2,43,1,1,0,35.050193786621094,4.710033036194808,1,False
breast_cancer,1,2,44,1,1,0,26.765949249267575,4.785863786430512,0,True
breast_cancer,1,2,45,1,1,0,22.088884353637695,4.491419973667713,0,True
breast_cancer,1,2,46,0,0,1,126.15547943115234,9.28216354206423,1,True
breast_cancer,1,2,47,1,1,0,32.91533279418945,4.096282707055011,1,False
breast_cancer,1,2,48,1,1,0,30.68653106689453,6.824432426334351,0,True
breast_cancer,1,2,49,0,0,1,49.029178619384766,5.592832673575068,1,True
breast_cancer,1,2,51,0,0,1,38.56809616088867,5.138732626450498,1,True
breast_cancer,1,2,52,1,1,0,40.589412689208984,7.642688080194804,1,False
breast_cancer,1,2,53,1,1,0,3.77759051322937,5.26189740096796,1,False
breast_cancer,1,2,54,0,0,1,68.8355712890625,4.984570706658933,1,True
breast_cancer,1,2,55,1,1,0,20.250986099243164,3.9254168688583513,0,True
breast_cancer,1,2,56,0,0,1,93.86509704589844,8.457295145997106,1,True
breast_cancer,1,2,57,1,1,0,30.87870979309082,4.396313480489691,1,False
breast_cancer,1,2,58,1,1,0,28.512243270874023,4.587228778949482,0,True
breast_cancer,1,2,59,0,0,1,41.46099090576172,4.803363170884466,1,True
breast_cancer,1,2,60,0,0,1,40.02264404296875,4.8024384131222755,1,True
breast_cancer,1,2,61,0,0,1,12.667880058288574,2.475571839287605,1,True
breast_cancer,1,2,62,0,0,1,47.577354431152344,4.5566158515119515,1,True
breast_cancer,1,2,63,0,0,1,83.46788787841797,6.275998260599738,1,True
breast_cancer,1,2,65,1,1,0,24.659555435180664,3.5937937595625873,1,False
breast_cancer,1,2,66,0,0,1,41.065460205078125,3.2090650831820384,1,True
breast_cancer,1,2,67,1,1,0,12.684063911437988,3.433525657670572,0,True
breast_cancer,1,2,68,1,1,0,19.755460739135746,3.716739707751204,0,True
breast_cancer,1,2,69,1,1,0,14.562164306640623,3.626598890573768,0,True
breast_cancer,1,2,70,1,1,0,28.35891914367676,4.450547697978414,0,True
breast_cancer,1,2,71,1,1,0,21.701730728149418,3.7542176472926223,1,False
breast_cancer,1,2,72,1,1,0,4.754857063293457,3.2065486863832713,0,True
breast_cancer,1,2,73,1,1,0,18.74330711364746,5.031002632702797,1,False
breast_cancer,1,2,75,1,1,0,54.87321853637695,10.465998439472754,1,False
breast_cancer,1,2,76,1,1,0,21.6011905670166,3.9861227241651833,0,True
breast_cancer,1,2,77,1,1,0,6.949575424194336,4.420971452428778,0,True
breast_cancer,1,2,78,1,1,0,29.19048118591309,4.310658430221669,1,False
breast_cancer,1,2,79,0,0,1,32.417510986328125,3.367918764963552,1,True
breast_cancer,1,2,80,0,0,1,41.21183395385742,6.731028119881287,1,True
breast_cancer,1,2,81,1,1,0,23.63555335998535,5.307974542658567,1,False
breast_cancer,1,2,82,1,1,0,21.839597702026367,4.0663858322745785,0,True
breast_cancer,1,2,83,0,0,1,67.71711730957031,4.423717453901483,1,True
breast_cancer,1,2,85,1,1,0,11.687679290771484,3.780431384127622,1,False
breast_cancer,1,2,86,1,1,0,30.84946632385254,4.618252451475046,0,True
breast_cancer,1,2,87,0,0,1,116.43017578125,8.86315477895696,1,True
breast_cancer,1,2,88,1,1,0,32.814456939697266,5.39023690008601,0,True
breast_cancer,1,2,89,1,1,0,21.67865753173828,5.042247545741082,0,True
breast_cancer,1,2,90,0,0,1,80.14889526367188,7.273375877495992,1,True
breast_cancer,1,2,91,1,1,0,27.022504806518555,4.561013081644646,0,True
breast_cancer,1,2,93,1,1,0,25.263134002685547,3.5199275316591514,0,True
breast_cancer,1,2,95,1,1,0,35.63308334350586,5.715846474501173,1,False
breast_cancer,1,2,96,0,0,1,23.12220764160156,2.784591061267328,1,True
breast_cancer,1,2,97,1,1,0,21.39803123474121,3.423828127134034,0,True
breast_cancer,1,2,98,1,1,0,24.44869041442871,4.495596261498142,0,True
breast_cancer,1,2,99,1,1,0,0.6729292869567871,2.9802427475205104,0,True
breast_cancer,1,2,100,1,1,0,10.34263515472412,5.202020872196363,0,True
breast_cancer,1,2,101,1,1,0,21.442869186401367,4.058539745386328,0,True
breast_cancer,1,2,102,1,1,0,29.1475772857666,4.014001895217167,0,True
breast_cancer,1,2,103,1,1,0,27.84908103942871,5.025794958759058,1,False
breast_cancer,1,2,104,1,1,0,13.737804412841797,2.72689072286626,0,True
breast_cancer,1,2,105,1,1,0,28.19023895263672,6.346734042010805,1,False
breast_cancer,1,2,106,0,0,1,63.55310821533203,5.265165599254591,1,True
breast_cancer,1,2,107,1,1,0,31.269868850708008,4.983911318760471,0,True
breast_cancer,1,2,108,0,0,1,28.90026473999023,3.4555526107578114,1,True
breast_cancer,1,2,109,1,1,0,25.659114837646484,4.528417757437707,0,True
breast_cancer,1,2,110,1,1,0,24.65444564819336,4.2905107903984865,0,True
breast_cancer,1,2,111,1,1,0,22.006105422973633,3.6406151237179665,0,True
breast_cancer,1,2,112,1,1,0,24.048460006713867,4.798711744918169,0,True
breast_cancer,1,2,113,0,0,1,33.0382194519043,3.131459278774505,1,True
breast_cancer,1,3,0,1,1,0,32.93559646606445,5.130691874633656,1,False
breast_cancer,1,3,1,0,0,1,41.61518096923828,4.203510742123719,1,True
breast_cancer,1,3,2,1,1,0,29.953081130981445,3.0827373658941957,1,False
breast_cancer,1,3,3,1,1,0,24.73212242126465,5.022271001052296,1,False
breast_cancer,1,3,4,1,1,0,28.77327537536621,6.900722553597793,0,True
breast_cancer,1,3,5,1,1,0,25.758743286132812,6.755469135030111,1,False
breast_cancer,1,3,6,0,0,1,20.127456665039062,3.1444578864229964,1,True
breast_cancer,1,3,7,1,1,0,16.64927101135254,3.194492936039361,1,False
breast_cancer,1,3,8,1,1,0,1.101188898086548,4.735546875041505,1,False
breast_cancer,1,3,9,0,0,1,42.29502868652344,3.7157976446565857,1,True
breast_cancer,1,3,10,0,0,1,18.730356216430664,2.859582754122338,1,True
breast_cancer,1,3,11,1,1,0,23.322153091430664,3.7573335258105103,1,False
breast_cancer,1,3,12,1,1,0,43.56718444824219,5.928409878831503,1,False
breast_cancer,1,3,13,1,1,0,24.20175552368164,3.448363150309021,1,False
breast_cancer,1,3,14,0,0,1,54.416866302490234,6.241226277418244,1,True
breast_cancer,1,3,15,0,0,1,47.12700653076172,10.789031012290636,1,True
breast_cancer,1,3,16,1,1,0,34.39004898071289,4.626566452307367,1,False
breast_cancer,1,3,17,0,0,1,41.35318756103515,3.7893825518397497,1,True
breast_cancer,1,3,18,0,0,1,74.75641632080078,5.109709479055172,1,True
breast_cancer,1,3,19,1,1,0,36.899173736572266,4.143520850006954,1,False
breast_cancer,1,3,20,1,1,0,20.981287002563477,2.527795460283318,1,False
breast_cancer,1,3,21,0,0,1,86.35446166992188,6.930949866371994,1,True
breast_cancer,1,3,22,0,0,1,28.546701431274418,3.629977965147963,1,True
breast_cancer,1,3,23,1,1,0,23.853422164916992,3.5757257315929776,1,False
breast_cancer,1,3,24,0,0,1,47.72859573364258,3.8050327791749106,1,True
breast_cancer,1,3,25,1,1,0,17.67754554748535,2.6571720339750295,1,False
breast_cancer,1,3,26,1,1,0,25.045330047607425,3.6669294447391545,1,False
breast_cancer,1,3,27,1,1,0,32.71299362182617,6.18533824263639,1,False
breast_cancer,1,3,28,1,1,0,23.70745086669922,3.908839455338508,1,False
breast_cancer,1,3,29,0,0,1,138.3087158203125,11.210836393992498,1,True
breast_cancer,1,3,30,1,1,0,15.775348663330078,2.5384999827191828,1,False
breast_cancer,1,3,31,1,1,0,43.972225189208984,8.150182264014633,1,False
breast_cancer,1,3,32,1,1,0,24.573640823364254,3.071817320404949,1,False
breast_cancer,1,3,33,0,0,1,64.64429473876953,4.919236250417197,1,True
breast_cancer,1,3,34,1,1,0,27.868074417114254,2.8468264654461253,1,False
breast_cancer,1,3,35,1,1,0,18.50225257873535,3.879466743555537,1,False
breast_cancer,1,3,36,1,1,0,22.662696838378903,3.715970815729843,0,True
breast_cancer,1,3,37,1,1,0,25.43165397644043,4.410091528342789,1,False
breast_cancer,1,3,38,1,1,0,15.911800384521484,3.4949229333308893,1,False
breast_cancer,1,3,39,1,1,0,37.64436340332031,4.60473076341729,1,False
breast_cancer,1,3,40,0,0,1,12.745685577392578,3.1778652616690226,1,True
breast_cancer,1,3,41,1,1,0,10.106121063232422,3.861359476357345,1,False
breast_cancer,1,3,42,0,0,1,82.48027038574219,8.913479289704636,1,True
breast_cancer,1,3,43,1,1,0,35.050193786621094,4.059742570103783,1,False
breast_cancer,1,3,44,1,1,0,26.765949249267575,3.627137476366787,1,False
breast_cancer,1,3,45,1,1,0,22.088884353637695,4.491419973667713,0,True
breast_cancer,1,3,46,0,0,1,126.15547943115234,9.28216354206423,1,True
breast_cancer,1,3,47,1,1,0,32.91533279418945,4.096282707055011,1,False
breast_cancer,1,3,48,1,1,0,30.68653106689453,6.6592013033440836,1,False
breast_cancer,1,3,49,0,0,1,49.029178619384766,5.592832673575068,1,True
breast_cancer,1,3,51,0,0,1,38.56809616088867,5.138732626450498,1,True
breast_cancer,1,3,52,1,1,0,40.589412689208984,7.545412040648045,1,False
breast_cancer,1,3,53,1,1,0,3.77759051322937,5.248658292046488,1,False
breast_cancer,1,3,54,0,0,1,68.8355712890625,4.984570706658933,1,True
breast_cancer,1,3,55,1,1,0,20.250986099243164,3.294984572584565,1,False
breast_cancer,1,3,56,0,0,1,93.86509704589844,8.457295145997106,1,True
breast_cancer,1,3,57,1,1,0,30.87870979309082,3.24487696538624,1,False
breast_cancer,1,3,58,1,1,0,28.512243270874023,4.587228778949482,0,True
breast_cancer,1,3,59,0,0,1,41.46099090576172,5.15776634241428,1,True
breast_cancer,1,3,60,0,0,1,40.02264404296875,5.652060295729263,1,True
breast_cancer,1,3,61,0,0,1,12.667880058288574,2.8494640069245745,1,True
breast_cancer,1,3,62,0,0,1,47.577354431152344,4.634169294885788,1,True
breast_cancer,1,3,63,0,0,1,83.46788787841797,6.7528673861713475,1,True
breast_cancer,1,3,65,1,1,0,24.659555435180664,3.5937937595625873,1,False
breast_cancer,1,3,66,0,0,1,41.065460205078125,3.2090650831820384,1,True
breast_cancer,1,3,67,1,1,0,12.684063911437988,3.433525657670572,0,True
breast_cancer,1,3,68,1,1,0,19.755460739135746,2.589121385060148,1,False
breast_cancer,1,3,69,1,1,0,14.562164306640623,2.827802363589387,1,False
breast_cancer,1,3,70,1,1,0,28.35891914367676,2.713601587095956,1,False
breast_cancer,1,3,71,1,1,0,21.701730728149418,3.7542176472926223,1,False
breast_cancer,1,3,72,1,1,0,4.754857063293457,3.2065486863832713,0,True
breast_cancer,1,3,73,1,1,0,18.74330711364746,5.015756251253409,1,False
breast_cancer,1,3,74,0,0,1,11.38019847869873,2.2127901082105947,1,True
breast_cancer,1,3,75,1,1,0,54.87321853637695,10.465998439472754,1,False
breast_cancer,1,3,76,1,1,0,21.6011905670166,3.218689428438093,1,False
breast_cancer,1,3,77,1,1,0,6.949575424194336,3.354443310575842,1,False
breast_cancer,1,3,78,1,1,0,29.19048118591309,4.310658430221669,1,False
breast_cancer,1,3,79,0,0,1,32.417510986328125,4.312705302932508,1,True
breast_cancer,1,3,80,0,0,1,41.21183395385742,6.731028119881287,1,True
breast_cancer,1,3,81,1,1,0,23.63555335998535,4.5835265324210575,1,False
breast_cancer,1,3,82,1,1,0,21.839597702026367,3.4094379948336053,1,False
breast_cancer,1,3,83,0,0,1,67.71711730957031,4.423717453901483,1,True
breast_cancer,1,3,84,0,0,1,14.658156394958496,3.7194855322084175,1,True
breast_cancer,1,3,85,1,1,0,11.687679290771484,3.167907099124052,1,False
breast_cancer,1,3,86,1,1,0,30.84946632385254,3.708912430958227,1,False
breast_cancer,1,3,87,0,0,1,116.43017578125,9.107070937345997,1,True
breast_cancer,1,3,88,1,1,0,32.814456939697266,3.6869313446424066,1,False
breast_cancer,1,3,89,1,1,0,21.67865753173828,4.322500042610728,1,False
breast_cancer,1,3,90,0,0,1,80.14889526367188,7.273375877495992,1,True
breast_cancer,1,3,91,1,1,0,27.022504806518555,3.031233759445479,1,False
breast_cancer,1,3,92,0,0,1,4.387539863586426,2.647691483389133,1,True
breast_cancer,1,3,93,1,1,0,25.263134002685547,2.5228119937672693,1,False
breast_cancer,1,3,95,1,1,0,35.63308334350586,5.3175064325144215,1,False
breast_cancer,1,3,96,0,0,1,23.12220764160156,3.409440609007542,1,True
breast_cancer,1,3,97,1,1,0,21.39803123474121,2.289997609794845,1,False
breast_cancer,1,3,98,1,1,0,24.44869041442871,4.277740957845844,1,False
breast_cancer,1,3,99,1,1,0,0.6729292869567871,2.9802427475205104,0,True
breast_cancer,1,3,100,1,1,0,10.34263515472412,4.313087760019636,1,False
breast_cancer,1,3,101,1,1,0,21.442869186401367,3.3568808766388982,1,False
breast_cancer,1,3,102,1,1,0,29.1475772857666,2.032778301307101,1,False
breast_cancer,1,3,103,1,1,0,27.84908103942871,5.025794958759058,1,False
breast_cancer,1,3,104,1,1,0,13.737804412841797,2.454004385791824,1,False
breast_cancer,1,3,105,1,1,0,28.19023895263672,6.346734042010805,1,False
breast_cancer,1,3,106,0,0,1,63.55310821533203,5.5888967571533605,1,True
breast_cancer,1,3,107,1,1,0,31.269868850708008,4.190951836069828,1,False
breast_cancer,1,3,108,0,0,1,28.90026473999023,3.4555526107578114,1,True
breast_cancer,1,3,109,1,1,0,25.659114837646484,4.242115994499538,1,False
breast_cancer,1,3,110,1,1,0,24.65444564819336,3.5647040061549515,1,False
breast_cancer,1,3,111,1,1,0,22.006105422973633,2.7626917428557447,1,False
breast_cancer,1,3,112,1,1,0,24.048460006713867,4.316212680235392,1,False
breast_cancer,1,3,113,0,0,1,33.0382194519043,3.131459278774505,1,True
breast_cancer,1,5,0,1,1,0,32.93559646606445,5.130691874633656,1,False
breast_cancer,1,5,1,0,0,1,41.61518096923828,4.203510742123719,1,True
breast_cancer,1,5,2,1,1,0,29.953081130981445,3.5506212541034103,1,False
breast_cancer,1,5,3,1,1,0,24.73212242126465,5.022271001052296,1,False
breast_cancer,1,5,4,1,1,0,28.77327537536621,6.900722553597793,0,True
breast_cancer,1,5,5,1,1,0,25.758743286132812,6.755469135030111,1,False
breast_cancer,1,5,6,0,0,1,20.127456665039062,3.1444578864229964,1,True
breast_cancer,1,5,7,1,1,0,16.64927101135254,3.194492936039361,1,False
breast_cancer,1,5,8,1,1,0,1.101188898086548,4.735546875041505,1,False
breast_cancer,1,5,9,0,0,1,42.29502868652344,3.7157976446565857,1,True
breast_cancer,1,5,10,0,0,1,18.730356216430664,2.859582754122338,1,True
breast_cancer,1,5,11,1,1,0,23.322153091430664,3.7573335258105103,1,False
breast_cancer,1,5,12,1,1,0,43.56718444824219,6.54968064536224,1,False
breast_cancer,1,5,13,1,1,0,24.20175552368164,3.448363150309021,1,False
breast_cancer,1,5,14,0,0,1,54.416866302490234,6.241226277418244,1,True
breast_cancer,1,5,15,0,0,1,47.12700653076172,10.789031012290636,1,True
breast_cancer,1,5,16,1,1,0,34.39004898071289,4.626566452307367,1,False
breast_cancer,1,5,17,0,0,1,41.35318756103515,3.7893825518397497,1,True
breast_cancer,1,5,18,0,0,1,74.75641632080078,5.109709479055172,1,True
breast_cancer,1,5,19,1,1,0,36.899173736572266,4.143520850006954,1,False
breast_cancer,1,5,20,1,1,0,20.981287002563477,2.527795460283318,1,False
breast_cancer,1,5,21,0,0,1,86.35446166992188,6.930949866371994,1,True
breast_cancer,1,5,22,0,0,1,28.546701431274418,3.629977965147963,1,True
breast_cancer,1,5,23,1,1,0,23.853422164916992,3.5757257315929776,1,False
breast_cancer,1,5,24,0,0,1,47.72859573364258,3.8050327791749106,1,True
breast_cancer,1,5,25,1,1,0,17.67754554748535,3.3447605468665147,0,True
breast_cancer,1,5,26,1,1,0,25.045330047607425,3.6669294447391545,1,False
breast_cancer,1,5,27,1,1,0,32.71299362182617,6.18533824263639,1,False
breast_cancer,1,5,28,1,1,0,23.70745086669922,4.141682078543996,1,False
breast_cancer,1,5,29,0,0,1,138.3087158203125,11.210836393992498,1,True
breast_cancer,1,5,30,1,1,0,15.775348663330078,2.6985836083715036,1,False
breast_cancer,1,5,31,1,1,0,43.972225189208984,8.150182264014633,1,False
breast_cancer,1,5,32,1,1,0,24.573640823364254,3.5960981937966516,1,False
breast_cancer,1,5,33,0,0,1,64.64429473876953,4.919236250417197,1,True
breast_cancer,1,5,34,1,1,0,27.868074417114254,3.6581626795010447,1,False
breast_cancer,1,5,35,1,1,0,18.50225257873535,3.879466743555537,1,False
breast_cancer,1,5,36,1,1,0,22.662696838378903,3.715970815729843,0,True
breast_cancer,1,5,37,1,1,0,25.43165397644043,4.410091528342789,1,False
breast_cancer,1,5,38,1,1,0,15.911800384521484,3.4949229333308893,1,False
breast_cancer,1,5,39,1,1,0,37.64436340332031,4.60473076341729,1,False
breast_cancer,1,5,40,0,0,1,12.745685577392578,3.1778652616690226,1,True
breast_cancer,1,5,41,1,1,0,10.106121063232422,3.861359476357345,1,False
breast_cancer,1,5,42,0,0,1,82.48027038574219,8.913479289704636,1,True
breast_cancer,1,5,43,1,1,0,35.050193786621094,4.059742570103783,1,False
breast_cancer,1,5,44,1,1,0,26.765949249267575,3.7704595243104113,1,False
breast_cancer,1,5,45,1,1,0,22.088884353637695,4.491419973667713,0,True
breast_cancer,1,5,46,0,0,1,126.15547943115234,9.28216354206423,1,True
breast_cancer,1,5,47,1,1,0,32.91533279418945,4.096282707055011,1,False
breast_cancer,1,5,48,1,1,0,30.68653106689453,6.6592013033440836,1,False
breast_cancer,1,5,49,0,0,1,49.029178619384766,5.592832673575068,1,True
breast_cancer,1,5,51,0,0,1,38.56809616088867,5.138732626450498,1,True
breast_cancer,1,5,52,1,1,0,40.589412689208984,7.545412040648045,1,False
breast_cancer,1,5,53,1,1,0,3.77759051322937,5.248658292046488,1,False
breast_cancer,1,5,54,0,0,1,68.8355712890625,4.984570706658933,1,True
breast_cancer,1,5,55,1,1,0,20.250986099243164,3.294984572584565,1,False
breast_cancer,1,5,56,0,0,1,93.86509704589844,8.457295145997106,1,True
breast_cancer,1,5,57,1,1,0,30.87870979309082,3.24487696538624,1,False
breast_cancer,1,5,58,1,1,0,28.512243270874023,4.587228778949482,0,True
breast_cancer,1,5,59,0,0,1,41.46099090576172,5.15776634241428,1,True
breast_cancer,1,5,60,0,0,1,40.02264404296875,5.652060295729263,1,True
breast_cancer,1,5,61,0,0,1,12.667880058288574,2.8494640069245745,1,True
breast_cancer,1,5,62,0,0,1,47.577354431152344,4.634169294885788,1,True
breast_cancer,1,5,63,0,0,1,83.46788787841797,6.7528673861713475,1,True
breast_cancer,1,5,65,1,1,0,24.659555435180664,3.5937937595625873,1,False
breast_cancer,1,5,66,0,0,1,41.065460205078125,3.2090650831820384,1,True
breast_cancer,1,5,67,1,1,0,12.684063911437988,3.433525657670572,0,True
breast_cancer,1,5,68,1,1,0,19.755460739135746,2.589121385060148,1,False
breast_cancer,1,5,69,1,1,0,14.562164306640623,2.827802363589387,1,False
breast_cancer,1,5,70,1,1,0,28.35891914367676,3.310649359484007,1,False
breast_cancer,1,5,71,1,1,0,21.701730728149418,3.7542176472926223,1,False
breast_cancer,1,5,72,1,1,0,4.754857063293457,3.2065486863832713,0,True
breast_cancer,1,5,73,1,1,0,18.74330711364746,5.015756251253409,1,False
breast_cancer,1,5,74,0,0,1,11.38019847869873,2.2127901082105947,1,True
breast_cancer,1,5,75,1,1,0,54.87321853637695,10.465998439472754,1,False
breast_cancer,1,5,76,1,1,0,21.6011905670166,3.880526652097825,1,False
breast_cancer,1,5,77,1,1,0,6.949575424194336,3.354443310575842,1,False
breast_cancer,1,5,78,1,1,0,29.19048118591309,4.310658430221669,1,False
breast_cancer,1,5,79,0,0,1,32.417510986328125,3.677854809126046,1,True
breast_cancer,1,5,80,0,0,1,41.21183395385742,6.731028119881287,1,True
breast_cancer,1,5,81,1,1,0,23.63555335998535,4.5835265324210575,1,False
breast_cancer,1,5,82,1,1,0,21.839597702026367,3.4094379948336053,1,False
breast_cancer,1,5,83,0,0,1,67.71711730957031,4.423717453901483,1,True
breast_cancer,1,5,84,0,0,1,14.658156394958496,3.7194855322084175,1,True
breast_cancer,1,5,85,1,1,0,11.687679290771484,3.4683589713138847,1,False
breast_cancer,1,5,86,1,1,0,30.84946632385254,4.361417503488658,1,False
breast_cancer,1,5,87,0,0,1,116.43017578125,9.107070937345997,1,True
breast_cancer,1,5,88,1,1,0,32.814456939697266,4.28782748856137,1,False
breast_cancer,1,5,89,1,1,0,21.67865753173828,4.442527736341058,1,False
breast_cancer,1,5,90,0,0,1,80.14889526367188,7.273375877495992,1,True
breast_cancer,1,5,91,1,1,0,27.022504806518555,3.808272135708561,1,False
breast_cancer,1,5,92,0,0,1,4.387539863586426,2.647691483389133,1,True
breast_cancer,1,5,93,1,1,0,25.263134002685547,3.5199275316591514,0,True
breast_cancer,1,5,95,1,1,0,35.63308334350586,5.433190226618229,1,False
breast_cancer,1,5,96,0,0,1,23.12220764160156,3.409440609007542,1,True
breast_cancer,1,5,97,1,1,0,21.39803123474121,2.3525444465249037,1,False
breast_cancer,1,5,98,1,1,0,24.44869041442871,4.277740957845844,1,False
breast_cancer,1,5,99,1,1,0,0.6729292869567871,2.9802427475205104,0,True
breast_cancer,1,5,100,1,1,0,10.34263515472412,4.313087760019636,1,False
breast_cancer,1,5,101,1,1,0,21.442869186401367,3.778484454744713,1,False
breast_cancer,1,5,102,1,1,0,29.1475772857666,3.55058152429401,1,False
breast_cancer,1,5,103,1,1,0,27.84908103942871,5.025794958759058,1,False
breast_cancer,1,5,104,1,1,0,13.737804412841797,2.454004385791824,1,False
breast_cancer,1,5,105,1,1,0,28.19023895263672,6.346734042010805,1,False
breast_cancer,1,5,106,0,0,1,63.55310821533203,5.487612299818554,1,True
breast_cancer,1,5,107,1,1,0,31.269868850708008,4.396181811443646,1,False
breast_cancer,1,5,108,0,0,1,28.90026473999023,3.4555526107578114,1,True
breast_cancer,1,5,109,1,1,0,25.659114837646484,4.242115994499538,1,False
breast_cancer,1,5,110,1,1,0,24.65444564819336,3.5647040061549515,1,False
breast_cancer,1,5,111,1,1,0,22.006105422973633,2.7626917428557447,1,False
breast_cancer,1,5,112,1,1,0,24.048460006713867,4.316212680235392,1,False
breast_cancer,1,5,113,0,0,1,33.0382194519043,3.131459278774505,1,True
breast_cancer,1,7,0,1,1,0,32.93559646606445,5.130691874633656,1,False
breast_cancer,1,7,1,0,0,1,41.61518096923828,4.203510742123719,1,True
breast_cancer,1,7,2,1,1,0,29.953081130981445,3.264216394107612,1,False
breast_cancer,1,7,3,1,1,0,24.73212242126465,4.58361335472997,1,False
breast_cancer,1,7,4,1,1,0,28.77327537536621,6.900722553597793,0,True
breast_cancer,1,7,5,1,1,0,25.758743286132812,6.755469135030111,1,False
breast_cancer,1,7,6,0,0,1,20.127456665039062,3.1444578864229964,1,True
breast_cancer,1,7,7,1,1,0,16.64927101135254,3.194492936039361,1,False
breast_cancer,1,7,9,0,0,1,42.29502868652344,3.7157976446565857,1,True
breast_cancer,1,7,10,0,0,1,18.730356216430664,2.859582754122338,1,True
breast_cancer,1,7,11,1,1,0,23.322153091430664,2.9379438177076507,1,False
breast_cancer,1,7,12,1,1,0,43.56718444824219,6.54968064536224,1,False
breast_cancer,1,7,13,1,1,0,24.20175552368164,3.448363150309021,1,False
breast_cancer,1,7,14,0,0,1,54.416866302490234,6.241226277418244,1,True
breast_cancer,1,7,15,0,0,1,47.12700653076172,12.080869593332178,1,True
breast_cancer,1,7,16,1,1,0,34.39004898071289,4.626566452307367,1,False
breast_cancer,1,7,17,0,0,1,41.35318756103515,3.7893825518397497,1,True
breast_cancer,1,7,18,0,0,1,74.75641632080078,5.109709479055172,1,True
breast_cancer,1,7,19,1,1,0,36.899173736572266,4.143520850006954,1,False
breast_cancer,1,7,20,1,1,0,20.981287002563477,2.527795460283318,1,False
breast_cancer,1,7,21,0,0,1,86.35446166992188,6.877212073106416,0,False
breast_cancer,1,7,22,0,0,1,28.546701431274418,3.629977965147963,1,True
breast_cancer,1,7,23,1,1,0,23.853422164916992,3.5757257315929776,1,False
breast_cancer,1,7,24,0,0,1,47.72859573364258,3.769530605675467,0,False
breast_cancer,1,7,25,1,1,0,17.67754554748535,3.3447605468665147,0,True
breast_cancer,1,7,26,1,1,0,25.045330047607425,3.6669294447391545,1,False
breast_cancer,1,7,27,1,1,0,32.71299362182617,6.18533824263639,1,False
breast_cancer,1,7,28,1,1,0,23.70745086669922,4.141682078543996,1,False
breast_cancer,1,7,29,0,0,1,138.3087158203125,11.120740237116726,0,False
breast_cancer,1,7,30,1,1,0,15.775348663330078,2.6985836083715036,1,False
breast_cancer,1,7,31,1,1,0,43.972225189208984,5.832312639827075,1,False
breast_cancer,1,7,32,1,1,0,24.573640823364254,3.5960981937966516,1,False
breast_cancer,1,7,33,0,0,1,64.64429473876953,4.919236250417197,1,True
breast_cancer,1,7,34,1,1,0,27.868074417114254,3.6581626795010447,1,False
breast_cancer,1,7,35,1,1,0,18.50225257873535,3.879466743555537,1,False
breast_cancer,1,7,36,1,1,0,22.662696838378903,3.78525911561445,1,False
breast_cancer,1,7,37,1,1,0,25.43165397644043,4.3964661187912055,1,False
breast_cancer,1,7,38,1,1,0,15.911800384521484,3.4949229333308893,1,False
breast_cancer,1,7,39,1,1,0,37.64436340332031,2.4508151186917577,1,False
breast_cancer,1,7,40,0,0,1,12.745685577392578,3.1778652616690226,1,True
breast_cancer,1,7,41,1,1,0,10.106121063232422,3.861359476357345,1,False
breast_cancer,1,7,42,0,0,1,82.48027038574219,8.913479289704636,1,True
breast_cancer,1,7,43,1,1,0,35.050193786621094,3.868230575133508,1,False
breast_cancer,1,7,44,1,1,0,26.765949249267575,2.829319398532566,1,False
breast_cancer,1,7,45,1,1,0,22.088884353637695,5.093448509672418,1,False
breast_cancer,1,7,46,0,0,1,126.15547943115234,9.28216354206423,1,True
breast_cancer,1,7,47,1,1,0,32.91533279418945,4.096282707055011,1,False
breast_cancer,1,7,48,1,1,0,30.68653106689453,6.6592013033440836,1,False
breast_cancer,1,7,49,0,0,1,49.029178619384766,5.592832673575068,1,True
breast_cancer,1,7,51,0,0,1,38.56809616088867,5.138732626450498,1,True
breast_cancer,1,7,52,1,1,0,40.589412689208984,7.545412040648045,1,False
breast_cancer,1,7,53,1,1,0,3.77759051322937,4.844730933131079,1,False
breast_cancer,1,7,54,0,0,1,68.8355712890625,4.984570706658933,1,True
breast_cancer,1,7,55,1,1,0,20.250986099243164,3.294984572584565,1,False
breast_cancer,1,7,56,0,0,1,93.86509704589844,8.457295145997106,1,True
breast_cancer,1,7,57,1,1,0,30.87870979309082,2.194841304398664,1,False
breast_cancer,1,7,58,1,1,0,28.512243270874023,4.587228778949482,0,True
breast_cancer,1,7,59,0,0,1,41.46099090576172,4.762140519400944,0,False
breast_cancer,1,7,60,0,0,1,40.02264404296875,5.011870404217016,0,False
breast_cancer,1,7,62,0,0,1,47.577354431152344,4.634169294885788,1,True
breast_cancer,1,7,63,0,0,1,83.46788787841797,5.855259122569599,0,False
breast_cancer,1,7,64,0,0,1,21.333898544311523,4.14418888481301,1,True
breast_cancer,1,7,65,1,1,0,24.659555435180664,3.5937937595625873,1,False
breast_cancer,1,7,66,0,0,1,41.065460205078125,3.2090650831820384,1,True
breast_cancer,1,7,67,1,1,0,12.684063911437988,3.4596722339468604,1,False
breast_cancer,1,7,68,1,1,0,19.755460739135746,2.589121385060148,1,False
breast_cancer,1,7,69,1,1,0,14.562164306640623,2.827802363589387,1,False
breast_cancer,1,7,70,1,1,0,28.35891914367676,3.310649359484007,1,False
breast_cancer,1,7,71,1,1,0,21.701730728149418,3.7542176472926223,1,False
breast_cancer,1,7,72,1,1,0,4.754857063293457,3.2065486863832713,0,True
breast_cancer,1,7,73,1,1,0,18.74330711364746,5.015756251253409,1,False
breast_cancer,1,7,74,0,0,1,11.38019847869873,2.2127901082105947,1,True
breast_cancer,1,7,75,1,1,0,54.87321853637695,9.661577560040254,1,False
breast_cancer,1,7,76,1,1,0,21.6011905670166,3.880526652097825,1,False
breast_cancer,1,7,77,1,1,0,6.949575424194336,3.354443310575842,1,False
breast_cancer,1,7,78,1,1,0,29.19048118591309,4.310658430221669,1,False
breast_cancer,1,7,79,0,0,1,32.417510986328125,3.382274405138075,0,False
breast_cancer,1,7,80,0,0,1,41.21183395385742,6.731028119881287,1,True
breast_cancer,1,7,81,1,1,0,23.63555335998535,4.5835265324210575,1,False
breast_cancer,1,7,82,1,1,0,21.839597702026367,3.4094379948336053,1,False
breast_cancer,1,7,83,0,0,1,67.71711730957031,4.423717453901483,1,True
breast_cancer,1,7,84,0,0,1,14.658156394958496,3.7194855322084175,1,True
breast_cancer,1,7,85,1,1,0,11.687679290771484,3.4683589713138847,1,False
breast_cancer,1,7,86,1,1,0,30.84946632385254,4.361417503488658,1,False
breast_cancer,1,7,87,0,0,1,116.43017578125,8.89982660635499,0,False
breast_cancer,1,7,88,1,1,0,32.814456939697266,4.28782748856137,1,False
breast_cancer,1,7,89,1,1,0,21.67865753173828,4.35888100112636,1,False
breast_cancer,1,7,90,0,0,1,80.14889526367188,7.273375877495992,1,True
breast_cancer,1,7,91,1,1,0,27.022504806518555,3.808272135708561,1,False
breast_cancer,1,7,92,0,0,1,4.387539863586426,2.118855406311361,0,False
breast_cancer,1,7,93,1,1,0,25.263134002685547,3.5199275316591514,0,True
breast_cancer,1,7,95,1,1,0,35.63308334350586,4.750943944613907,1,False
breast_cancer,1,7,96,0,0,1,23.12220764160156,1.869279339776063,0,False
breast_cancer,1,7,97,1,1,0,21.39803123474121,2.3525444465249037,1,False
breast_cancer,1,7,98,1,1,0,24.44869041442871,4.277740957845844,1,False
breast_cancer,1,7,99,1,1,0,0.6729292869567871,2.9802427475205104,0,True
breast_cancer,1,7,100,1,1,0,10.34263515472412,4.313087760019636,1,False
breast_cancer,1,7,101,1,1,0,21.442869186401367,3.778484454744713,1,False
breast_cancer,1,7,102,1,1,0,29.1475772857666,3.55058152429401,1,False
breast_cancer,1,7,103,1,1,0,27.84908103942871,5.025794958759058,1,False
breast_cancer,1,7,104,1,1,0,13.737804412841797,2.454004385791824,1,False
breast_cancer,1,7,105,1,1,0,28.19023895263672,6.346734042010805,1,False
breast_cancer,1,7,106,0,0,1,63.55310821533203,5.487612299818554,1,True
breast_cancer,1,7,107,1,1,0,31.269868850708008,4.396181811443646,1,False
breast_cancer,1,7,108,0,0,1,28.90026473999023,3.4555526107578114,1,True
breast_cancer,1,7,109,1,1,0,25.659114837646484,4.242115994499538,1,False
breast_cancer,1,7,110,1,1,0,24.65444564819336,3.5647040061549515,1,False
breast_cancer,1,7,111,1,1,0,22.006105422973633,2.7626917428557447,1,False
breast_cancer,1,7,112,1,1,0,24.048460006713867,2.30916796164514,1,False
breast_cancer,1,7,113,0,0,1,33.0382194519043,3.131459278774505,1,True
breast_cancer,1,10,0,1,1,0,32.93559646606445,5.130691874633656,1,False
breast_cancer,1,10,1,0,0,1,41.61518096923828,4.203510742123719,1,True
breast_cancer,1,10,2,1,1,0,29.953081130981445,3.264216394107612,1,False
breast_cancer,1,10,3,1,1,0,24.73212242126465,4.58361335472997,1,False
breast_cancer,1,10,4,1,1,0,28.77327537536621,6.900722553597793,0,True
breast_cancer,1,10,5,1,1,0,25.758743286132812,6.755469135030111,1,False
breast_cancer,1,10,6,0,0,1,20.127456665039062,3.1444578864229964,1,True
breast_cancer,1,10,7,1,1,0,16.64927101135254,3.194492936039361,1,False
breast_cancer,1,10,9,0,0,1,42.29502868652344,3.7157976446565857,1,True
breast_cancer,1,10,10,0,0,1,18.730356216430664,2.859582754122338,1,True
breast_cancer,1,10,11,1,1,0,23.322153091430664,2.9379438177076507,1,False
breast_cancer,1,10,12,1,1,0,43.56718444824219,6.54968064536224,1,False
breast_cancer,1,10,13,1,1,0,24.20175552368164,3.3481464883573957,1,False
breast_cancer,1,10,14,0,0,1,54.416866302490234,6.241226277418244,1,True
breast_cancer,1,10,15,0,0,1,47.12700653076172,12.080869593332178,1,True
breast_cancer,1,10,16,1,1,0,34.39004898071289,4.626566452307367,1,False
breast_cancer,1,10,17,0,0,1,41.35318756103515,3.7893825518397497,1,True
breast_cancer,1,10,18,0,0,1,74.75641632080078,5.109709479055172,1,True
breast_cancer,1,10,19,1,1,0,36.899173736572266,4.143520850006954,1,False
breast_cancer,1,10,20,1,1,0,20.981287002563477,2.527795460283318,1,False
breast_cancer,1,10,21,0,0,1,86.35446166992188,6.930949866371994,1,True
breast_cancer,1,10,22,0,0,1,28.546701431274418,3.629977965147963,1,True
breast_cancer,1,10,23,1,1,0,23.853422164916992,3.5757257315929776,1,False
breast_cancer,1,10,24,0,0,1,47.72859573364258,3.8050327791749106,1,True
breast_cancer,1,10,25,1,1,0,17.67754554748535,3.3447605468665147,0,True
breast_cancer,1,10,26,1,1,0,25.045330047607425,3.6669294447391545,1,False
breast_cancer,1,10,27,1,1,0,32.71299362182617,6.18533824263639,1,False
breast_cancer,1,10,28,1,1,0,23.70745086669922,2.715263630408771,1,False
breast_cancer,1,10,29,0,0,1,138.3087158203125,11.210836393992498,1,True
breast_cancer,1,10,30,1,1,0,15.775348663330078,2.6985836083715036,1,False
breast_cancer,1,10,31,1,1,0,43.972225189208984,5.832312639827075,1,False
breast_cancer,1,10,32,1,1,0,24.573640823364254,3.5960981937966516,1,False
breast_cancer,1,10,33,0,0,1,64.64429473876953,4.919236250417197,1,True
breast_cancer,1,10,34,1,1,0,27.868074417114254,3.6581626795010447,1,False
breast_cancer,1,10,35,1,1,0,18.50225257873535,3.879466743555537,1,False
breast_cancer,1,10,36,1,1,0,22.662696838378903,3.715970815729843,0,True
breast_cancer,1,10,37,1,1,0,25.43165397644043,4.3964661187912055,1,False
breast_cancer,1,10,38,1,1,0,15.911800384521484,3.4949229333308893,1,False
breast_cancer,1,10,39,1,1,0,37.64436340332031,2.4508151186917577,1,False
breast_cancer,1,10,40,0,0,1,12.745685577392578,3.1778652616690226,1,True
breast_cancer,1,10,41,1,1,0,10.106121063232422,3.861359476357345,1,False
breast_cancer,1,10,42,0,0,1,82.48027038574219,8.913479289704636,1,True
breast_cancer,1,10,43,1,1,0,35.050193786621094,3.868230575133508,1,False
breast_cancer,1,10,44,1,1,0,26.765949249267575,2.829319398532566,1,False
breast_cancer,1,10,45,1,1,0,22.088884353637695,3.131061381395005,1,False
breast_cancer,1,10,46,0,0,1,126.15547943115234,9.28216354206423,1,True
breast_cancer,1,10,47,1,1,0,32.91533279418945,4.096282707055011,1,False
breast_cancer,1,10,48,1,1,0,30.68653106689453,6.6592013033440836,1,False
breast_cancer,1,10,49,0,0,1,49.029178619384766,5.592832673575068,1,True
breast_cancer,1,10,51,0,0,1,38.56809616088867,5.138732626450498,1,True
breast_cancer,1,10,52,1,1,0,40.589412689208984,7.545412040648045,1,False
breast_cancer,1,10,53,1,1,0,3.77759051322937,4.844730933131079,1,False
breast_cancer,1,10,54,0,0,1,68.8355712890625,4.984570706658933,1,True
breast_cancer,1,10,55,1,1,0,20.250986099243164,3.294984572584565,1,False
breast_cancer,1,10,56,0,0,1,93.86509704589844,8.457295145997106,1,True
breast_cancer,1,10,57,1,1,0,30.87870979309082,2.194841304398664,1,False
breast_cancer,1,10,58,1,1,0,28.512243270874023,4.587228778949482,0,True
breast_cancer,1,10,59,0,0,1,41.46099090576172,5.15776634241428,1,True
breast_cancer,1,10,60,0,0,1,40.02264404296875,5.652060295729263,1,True
breast_cancer,1,10,61,0,0,1,12.667880058288574,2.8494640069245745,1,True
breast_cancer,1,10,62,0,0,1,47.577354431152344,4.634169294885788,1,True
breast_cancer,1,10,63,0,0,1,83.46788787841797,6.7528673861713475,1,True
breast_cancer,1,10,64,0,0,1,21.333898544311523,4.14418888481301,1,True
breast_cancer,1,10,65,1,1,0,24.659555435180664,3.5937937595625873,1,False
breast_cancer,1,10,66,0,0,1,41.065460205078125,3.2090650831820384,1,True
breast_cancer,1,10,67,1,1,0,12.684063911437988,3.2541612076342887,1,False
breast_cancer,1,10,68,1,1,0,19.755460739135746,2.589121385060148,1,False
breast_cancer,1,10,69,1,1,0,14.562164306640623,2.827802363589387,1,False
breast_cancer,1,10,70,1,1,0,28.35891914367676,3.310649359484007,1,False
breast_cancer,1,10,71,1,1,0,21.701730728149418,3.7542176472926223,1,False
breast_cancer,1,10,72,1,1,0,4.754857063293457,3.2065486863832713,0,True
breast_cancer,1,10,73,1,1,0,18.74330711364746,5.015756251253409,1,False
breast_cancer,1,10,74,0,0,1,11.38019847869873,2.2127901082105947,1,True
breast_cancer,1,10,75,1,1,0,54.87321853637695,9.661577560040254,1,False
breast_cancer,1,10,76,1,1,0,21.6011905670166,3.5234089134073012,1,False
breast_cancer,1,10,77,1,1,0,6.949575424194336,3.354443310575842,1,False
breast_cancer,1,10,78,1,1,0,29.19048118591309,4.310658430221669,1,False
breast_cancer,1,10,79,0,0,1,32.417510986328125,3.677854809126046,1,True
breast_cancer,1,10,80,0,0,1,41.21183395385742,6.731028119881287,1,True
breast_cancer,1,10,81,1,1,0,23.63555335998535,4.5835265324210575,1,False
breast_cancer,1,10,82,1,1,0,21.839597702026367,3.4094379948336053,1,False
breast_cancer,1,10,83,0,0,1,67.71711730957031,4.423717453901483,1,True
breast_cancer,1,10,84,0,0,1,14.658156394958496,3.7194855322084175,1,True
breast_cancer,1,10,85,1,1,0,11.687679290771484,3.1485511597597053,1,False
breast_cancer,1,10,86,1,1,0,30.84946632385254,4.361417503488658,1,False
breast_cancer,1,10,87,0,0,1,116.43017578125,9.107070937345997,1,True
breast_cancer,1,10,88,1,1,0,32.814456939697266,4.28782748856137,1,False
breast_cancer,1,10,89,1,1,0,21.67865753173828,4.35888100112636,1,False
breast_cancer,1,10,90,0,0,1,80.14889526367188,7.273375877495992,1,True
breast_cancer,1,10,91,1,1,0,27.022504806518555,3.808272135708561,1,False
breast_cancer,1,10,92,0,0,1,4.387539863586426,2.647691483389133,1,True
breast_cancer,1,10,93,1,1,0,25.263134002685547,3.5199275316591514,0,True
breast_cancer,1,10,95,1,1,0,35.63308334350586,4.750943944613907,1,False
breast_cancer,1,10,96,0,0,1,23.12220764160156,3.409440609007542,1,True
breast_cancer,1,10,97,1,1,0,21.39803123474121,2.3525444465249037,1,False
breast_cancer,1,10,98,1,1,0,24.44869041442871,3.311712822894187,1,False
breast_cancer,1,10,99,1,1,0,0.6729292869567871,2.9802427475205104,0,True
breast_cancer,1,10,100,1,1,0,10.34263515472412,4.313087760019636,1,False
breast_cancer,1,10,101,1,1,0,21.442869186401367,3.778484454744713,1,False
breast_cancer,1,10,102,1,1,0,29.1475772857666,3.55058152429401,1,False
breast_cancer,1,10,103,1,1,0,27.84908103942871,5.025794958759058,1,False
breast_cancer,1,10,104,1,1,0,13.737804412841797,2.454004385791824,1,False
breast_cancer,1,10,105,1,1,0,28.19023895263672,6.346734042010805,1,False
breast_cancer,1,10,106,0,0,1,63.55310821533203,5.487612299818554,1,True
breast_cancer,1,10,107,1,1,0,31.269868850708008,3.567364639233755,1,False
breast_cancer,1,10,108,0,0,1,28.90026473999023,3.4555526107578114,1,True
breast_cancer,1,10,109,1,1,0,25.659114837646484,4.242115994499538,1,False
breast_cancer,1,10,110,1,1,0,24.65444564819336,3.5647040061549515,1,False
breast_cancer,1,10,111,1,1,0,22.006105422973633,2.7626917428557447,1,False
breast_cancer,1,10,112,1,1,0,24.048460006713867,2.30916796164514,1,False
breast_cancer,1,10,113,0,0,1,33.0382194519043,3.131459278774505,1,True
breast_cancer,2,2,1,1,1,0,12.963982582092283,4.562114877542394,0,True
breast_cancer,2,2,2,0,0,1,121.33935546875,6.361761771923729,0,False
breast_cancer,2,2,3,1,1,0,12.372105598449709,3.0822895467009532,0,True
breast_cancer,2,2,5,0,0,1,93.95436096191406,7.570160451745458,0,False
breast_cancer,2,2,7,1,1,0,38.30743789672851,7.161722335127018,0,True
breast_cancer,2,2,8,1,1,0,15.287802696228027,2.969669462361846,0,True
breast_cancer,2,2,9,0,0,1,55.652313232421875,5.866092263956864,0,False
breast_cancer,2,2,11,1,1,0,26.031070709228516,4.119441911820716,0,True
breast_cancer,2,2,12,1,1,0,37.21904754638672,7.28013632074437,0,True
breast_cancer,2,2,13,1,1,0,16.970277786254883,3.093515152671071,0,True
breast_cancer,2,2,14,0,0,1,63.63840866088867,3.4265288871763104,0,False
breast_cancer,2,2,15,0,0,1,24.269994735717773,3.338573291048283,0,False
breast_cancer,2,2,16,0,0,1,130.0753173828125,5.923669641226335,0,False
breast_cancer,2,2,17,1,1,0,37.630916595458984,2.968116155917408,1,False
breast_cancer,2,2,18,1,1,0,35.31342315673828,5.089880671883583,0,True
breast_cancer,2,2,19,1,1,0,31.045000076293945,3.5454591636483626,0,True
breast_cancer,2,2,20,1,1,0,34.69450378417969,5.725814411172995,0,True
breast_cancer,2,2,21,0,0,1,25.87383079528809,3.508422526219641,1,True
breast_cancer,2,2,22,1,1,0,30.81394386291504,3.2829910570040384,0,True
breast_cancer,2,2,23,1,1,0,21.370420455932617,4.1885177284917585,0,True
breast_cancer,2,2,24,1,1,0,19.635129928588867,2.42528902243555,1,False
breast_cancer,2,2,25,1,1,0,27.830591201782227,3.379037647388993,0,True
breast_cancer,2,2,26,1,1,0,71.7046890258789,7.703859191267129,1,False
breast_cancer,2,2,27,1,1,0,15.602993965148926,3.6687145011478943,0,True
breast_cancer,2,2,28,1,1,0,29.16618537902832,3.0699102687362503,0,True
breast_cancer,2,2,29,1,1,0,54.603023529052734,4.9350610289325605,1,False
breast_cancer,2,2,30,1,1,0,59.65102005004883,4.266451033911656,1,False
breast_cancer,2,2,31,0,0,1,162.7792510986328,12.618838917541774,0,False
breast_cancer,2,2,34,0,0,1,73.07268524169922,3.9904228512348254,0,False
breast_cancer,2,2,35,1,1,0,35.280792236328125,5.362342439645176,0,True
breast_cancer,2,2,36,0,0,1,34.46445083618164,6.143017405006089,1,True
breast_cancer,2,2,37,0,0,1,29.562454223632812,4.0823737066394825,1,True
breast_cancer,2,2,38,1,1,0,40.67074966430664,4.068942764669312,0,True
breast_cancer,2,2,39,0,0,1,35.96919250488281,3.6153755407033863,0,False
breast_cancer,2,2,40,1,1,0,26.548498153686523,3.766139054889868,0,True
breast_cancer,2,2,41,1,1,0,56.94744110107422,5.110511294890788,1,False
breast_cancer,2,2,42,0,0,1,39.263648986816406,2.937333208360575,0,False
breast_cancer,2,2,43,0,0,1,49.28604507446289,5.4290518383140896,1,True
breast_cancer,2,2,44,0,0,1,23.530006408691406,2.1836585927420953,0,False
breast_cancer,2,2,45,1,1,0,39.19170379638672,3.16100753013889,1,False
breast_cancer,2,2,46,1,1,0,58.080101013183594,5.78947101226423,0,True
breast_cancer,2,2,47,1,1,0,32.47257995605469,6.231255703636447,1,False
breast_cancer,2,2,48,1,1,0,32.46758270263672,4.3497131499453765,0,True
breast_cancer,2,2,49,0,0,1,51.1555061340332,3.3269346501271957,0,False
breast_cancer,2,2,50,1,1,0,21.97039794921875,2.872821655146633,1,False
breast_cancer,2,2,51,1,1,0,36.38413619995117,3.335030416060146,1,False
breast_cancer,2,2,52,1,1,0,38.954856872558594,2.7757522425183128,0,True
breast_cancer,2,2,53,1,1,0,45.00586700439453,3.717803520239846,0,True
breast_cancer,2,2,54,0,0,1,131.67062377929688,9.044569497450558,0,False
breast_cancer,2,2,55,1,1,0,47.2440071105957,7.216031209441354,0,True
breast_cancer,2,2,56,0,0,1,50.538787841796875,6.5444031349237575,1,True
breast_cancer,2,2,57,1,1,0,59.831356048583984,5.244278862302202,0,True
breast_cancer,2,2,58,1,1,0,35.24201202392578,3.121059333970843,0,True
breast_cancer,2,2,59,1,1,0,25.186201095581055,2.8807454142277287,0,True
breast_cancer,2,2,60,0,0,1,123.15130615234376,7.603558012669639,0,False
breast_cancer,2,2,61,1,1,0,40.718502044677734,4.102017807431954,0,True
breast_cancer,2,2,62,1,1,0,17.880571365356445,1.7477764623964378,0,True
breast_cancer,2,2,63,0,0,1,47.13869857788086,4.125563969167867,0,False
breast_cancer,2,2,64,0,0,1,72.19593811035156,4.2668800865652825,0,False
breast_cancer,2,2,65,0,0,1,45.70856857299805,4.707246613585602,0,False
breast_cancer,2,2,66,1,1,0,47.164100646972656,5.852166229904773,1,False
breast_cancer,2,2,67,1,1,0,60.74537658691406,5.325578425300087,0,True
breast_cancer,2,2,68,0,0,1,82.04591369628906,5.553549774629932,0,False
breast_cancer,2,2,69,0,0,1,0.0631733164191246,2.296800866574664,1,True
breast_cancer,2,2,70,1,1,0,49.32872009277344,5.189876423179182,0,True
breast_cancer,2,2,71,1,1,0,52.579593658447266,7.123893271595843,0,True
breast_cancer,2,2,72,0,0,1,24.861083984375,2.970940761589929,1,True
breast_cancer,2,2,73,1,1,0,56.18758392333984,4.9279727384506975,1,False
breast_cancer,2,2,74,1,1,0,24.81812286376953,6.243626330760763,0,True
breast_cancer,2,2,75,1,1,0,62.27540969848633,6.4080955140963285,1,False
breast_cancer,2,2,76,0,0,1,80.64628601074219,4.8745520574513534,0,False
breast_cancer,2,2,77,0,0,1,81.42288208007812,5.194199808484832,0,False
breast_cancer,2,2,78,1,1,0,30.983308792114254,3.614207216432297,0,True
breast_cancer,2,2,79,1,1,0,49.44913482666016,4.809682250087536,0,True
breast_cancer,2,2,80,0,0,1,38.346927642822266,2.8037975514393954,0,False
breast_cancer,2,2,82,1,1,0,22.40516662597656,3.6459101568585464,0,True
breast_cancer,2,2,83,1,1,0,34.923458099365234,5.133691473439705,1,False
breast_cancer,2,2,84,0,0,1,69.98524475097656,4.467629688845839,0,False
breast_cancer,2,2,85,1,1,0,47.076515197753906,3.673914444488348,1,False
breast_cancer,2,2,86,1,1,0,71.5757064819336,4.490626254074165,1,False
breast_cancer,2,2,87,1,1,0,15.33792781829834,2.825152615208653,0,True
breast_cancer,2,2,88,1,1,0,5.696208953857422,2.4498588392780984,0,True
breast_cancer,2,2,89,1,1,0,79.97196960449219,5.273492215694797,1,False
breast_cancer,2,2,90,1,1,0,53.16984176635742,5.341206872441302,0,True
breast_cancer,2,2,91,1,1,0,17.030134201049805,1.7174426152659004,0,True
breast_cancer,2,2,92,0,0,1,93.89388275146484,6.371830149114006,0,False
breast_cancer,2,2,93,0,0,1,92.12293243408205,5.416854414286616,0,False
breast_cancer,2,2,94,1,1,0,29.19953155517578,3.325244872677204,1,False
breast_cancer,2,2,95,0,0,1,110.31710052490234,5.196959997560968,0,False
breast_cancer,2,2,96,1,1,0,34.72943115234375,4.411926182073305,1,False
breast_cancer,2,2,97,1,1,0,16.251996994018555,2.7187421869616624,1,False
breast_cancer,2,2,98,1,1,0,35.71446228027344,3.5364286033229164,1,False
breast_cancer,2,2,99,1,1,0,8.21254825592041,2.7928032436621346,0,True
breast_cancer,2,2,100,0,0,1,50.98463821411133,3.71097444288315,0,False
breast_cancer,2,2,101,0,0,1,60.11997604370117,4.446643904859539,0,False
breast_cancer,2,2,102,0,0,1,44.09345245361328,2.5430271146816796,0,False
breast_cancer,2,2,103,1,1,0,48.22148132324219,4.255328034552809,1,False
breast_cancer,2,2,104,0,0,1,181.4951629638672,10.846250110967771,0,False
breast_cancer,2,2,105,1,1,0,45.67908477783203,4.40080415653634,0,True
breast_cancer,2,2,106,0,0,1,41.59283447265625,5.325880606722367,0,False
breast_cancer,2,2,108,1,1,0,38.27770233154297,3.5043073960202356,1,False
breast_cancer,2,2,109,0,0,1,22.894105911254883,3.6267741637969673,1,True
breast_cancer,2,2,110,1,1,0,52.33016204833984,6.817900588199739,0,True
breast_cancer,2,2,111,1,1,0,51.2618522644043,3.343509270215369,1,False
breast_cancer,2,2,112,1,1,0,49.513877868652344,5.101583603944893,1,False
breast_cancer,2,2,113,1,1,0,26.10519790649414,2.182107668616863,1,False
breast_cancer,2,3,1,1,1,0,12.963982582092283,4.562114877542394,0,True
breast_cancer,2,3,2,0,0,1,121.33935546875,6.361761771923729,0,False
breast_cancer,2,3,3,1,1,0,12.372105598449709,3.0822895467009532,0,True
breast_cancer,2,3,5,0,0,1,93.95436096191406,7.570160451745458,0,False
breast_cancer,2,3,7,1,1,0,38.30743789672851,7.161722335127018,0,True
breast_cancer,2,3,8,1,1,0,15.287802696228027,2.969669462361846,0,True
breast_cancer,2,3,9,0,0,1,55.652313232421875,5.866092263956864,0,False
breast_cancer,2,3,10,0,0,1,54.43807601928711,6.210291807215345,0,False
breast_cancer,2,3,11,1,1,0,26.031070709228516,4.119441911820716,0,True
breast_cancer,2,3,12,1,1,0,37.21904754638672,7.28013632074437,0,True
breast_cancer,2,3,13,1,1,0,16.970277786254883,3.093515152671071,0,True
breast_cancer,2,3,14,0,0,1,63.63840866088867,3.4265288871763104,0,False
breast_cancer,2,3,15,0,0,1,24.269994735717773,3.338573291048283,0,False
breast_cancer,2,3,16,0,0,1,130.0753173828125,5.923669641226335,0,False
breast_cancer,2,3,17,1,1,0,37.630916595458984,2.968116155917408,1,False
breast_cancer,2,3,18,1,1,0,35.31342315673828,5.089880671883583,0,True
breast_cancer,2,3,19,1,1,0,31.045000076293945,3.5454591636483626,0,True
breast_cancer,2,3,20,1,1,0,34.69450378417969,5.725814411172995,0,True
breast_cancer,2,3,21,0,0,1,25.87383079528809,3.508422526219641,1,True
breast_cancer,2,3,22,1,1,0,30.81394386291504,3.2829910570040384,0,True
breast_cancer,2,3,23,1,1,0,21.370420455932617,4.1885177284917585,0,True
breast_cancer,2,3,24,1,1,0,19.635129928588867,2.42528902243555,1,False
breast_cancer,2,3,25,1,1,0,27.830591201782227,3.379037647388993,0,True
breast_cancer,2,3,26,1,1,0,71.7046890258789,7.703859191267129,1,False
breast_cancer,2,3,27,1,1,0,15.602993965148926,3.6687145011478943,0,True
breast_cancer,2,3,28,1,1,0,29.16618537902832,3.0699102687362503,0,True
breast_cancer,2,3,29,1,1,0,54.603023529052734,4.9350610289325605,1,False
breast_cancer,2,3,30,1,1,0,59.65102005004883,4.266451033911656,1,False
breast_cancer,2,3,31,0,0,1,162.7792510986328,12.618838917541774,0,False
breast_cancer,2,3,34,0,0,1,73.07268524169922,3.9904228512348254,0,False
breast_cancer,2,3,35,1,1,0,35.280792236328125,5.362342439645176,0,True
breast_cancer,2,3,36,0,0,1,34.46445083618164,6.143017405006089,1,True
breast_cancer,2,3,37,0,0,1,29.562454223632812,4.0823737066394825,1,True
breast_cancer,2,3,38,1,1,0,40.67074966430664,4.068942764669312,0,True
breast_cancer,2,3,39,0,0,1,35.96919250488281,3.6153755407033863,0,False
breast_cancer,2,3,40,1,1,0,26.548498153686523,3.766139054889868,0,True
breast_cancer,2,3,41,1,1,0,56.94744110107422,5.110511294890788,1,False
breast_cancer,2,3,42,0,0,1,39.263648986816406,2.937333208360575,0,False
breast_cancer,2,3,43,0,0,1,49.28604507446289,5.4290518383140896,1,True
breast_cancer,2,3,44,0,0,1,23.530006408691406,2.1836585927420953,0,False
breast_cancer,2,3,45,1,1,0,39.19170379638672,3.16100753013889,1,False
breast_cancer,2,3,46,1,1,0,58.080101013183594,5.78947101226423,0,True
breast_cancer,2,3,47,1,1,0,32.47257995605469,6.231255703636447,1,False
breast_cancer,2,3,48,1,1,0,32.46758270263672,4.3497131499453765,0,True
breast_cancer,2,3,49,0,0,1,51.1555061340332,3.3269346501271957,0,False
breast_cancer,2,3,50,1,1,0,21.97039794921875,2.872821655146633,1,False
breast_cancer,2,3,51,1,1,0,36.38413619995117,3.335030416060146,1,False
breast_cancer,2,3,52,1,1,0,38.954856872558594,2.7757522425183128,0,True
breast_cancer,2,3,53,1,1,0,45.00586700439453,3.717803520239846,0,True
breast_cancer,2,3,54,0,0,1,131.67062377929688,9.044569497450558,0,False
breast_cancer,2,3,55,1,1,0,47.2440071105957,7.216031209441354,0,True
breast_cancer,2,3,57,1,1,0,59.831356048583984,5.244278862302202,0,True
breast_cancer,2,3,58,1,1,0,35.24201202392578,3.121059333970843,0,True
breast_cancer,2,3,59,1,1,0,25.186201095581055,2.8807454142277287,0,True
breast_cancer,2,3,60,0,0,1,123.15130615234376,7.603558012669639,0,False
breast_cancer,2,3,61,1,1,0,40.718502044677734,4.102017807431954,0,True
breast_cancer,2,3,62,1,1,0,17.880571365356445,1.7477764623964378,0,True
breast_cancer,2,3,63,0,0,1,47.13869857788086,4.125563969167867,0,False
breast_cancer,2,3,64,0,0,1,72.19593811035156,4.2668800865652825,0,False
breast_cancer,2,3,65,0,0,1,45.70856857299805,4.707246613585602,0,False
breast_cancer,2,3,66,1,1,0,47.164100646972656,5.852166229904773,1,False
breast_cancer,2,3,67,1,1,0,60.74537658691406,5.325578425300087,0,True
breast_cancer,2,3,68,0,0,1,82.04591369628906,5.553549774629932,0,False
breast_cancer,2,3,69,0,0,1,0.0631733164191246,2.296800866574664,1,True
breast_cancer,2,3,70,1,1,0,49.32872009277344,5.189876423179182,0,True
breast_cancer,2,3,71,1,1,0,52.579593658447266,7.123893271595843,0,True
breast_cancer,2,3,72,0,0,1,24.861083984375,2.970940761589929,1,True
breast_cancer,2,3,73,1,1,0,56.18758392333984,4.9279727384506975,1,False
breast_cancer,2,3,74,1,1,0,24.81812286376953,6.243626330760763,0,True
breast_cancer,2,3,75,1,1,0,62.27540969848633,6.4080955140963285,1,False
breast_cancer,2,3,76,0,0,1,80.64628601074219,4.8745520574513534,0,False
breast_cancer,2,3,77,0,0,1,81.42288208007812,5.194199808484832,0,False
breast_cancer,2,3,78,1,1,0,30.983308792114254,3.614207216432297,0,True
breast_cancer,2,3,79,1,1,0,49.44913482666016,4.809682250087536,0,True
breast_cancer,2,3,80,0,0,1,38.346927642822266,2.8037975514393954,0,False
breast_cancer,2,3,82,1,1,0,22.40516662597656,3.6459101568585464,0,True
breast_cancer,2,3,83,1,1,0,34.923458099365234,5.133691473439705,1,False
breast_cancer,2,3,84,0,0,1,69.98524475097656,4.467629688845839,0,False
breast_cancer,2,3,85,1,1,0,47.076515197753906,3.673914444488348,1,False
breast_cancer,2,3,86,1,1,0,71.5757064819336,4.490626254074165,1,False
breast_cancer,2,3,87,1,1,0,15.33792781829834,2.825152615208653,0,True
breast_cancer,2,3,88,1,1,0,5.696208953857422,2.4498588392780984,0,True
breast_cancer,2,3,89,1,1,0,79.97196960449219,5.273492215694797,1,False
breast_cancer,2,3,90,1,1,0,53.16984176635742,5.341206872441302,0,True
breast_cancer,2,3,91,1,1,0,17.030134201049805,1.7174426152659004,0,True
breast_cancer,2,3,92,0,0,1,93.89388275146484,6.371830149114006,0,False
breast_cancer,2,3,93,0,0,1,92.12293243408205,5.416854414286616,0,False
breast_cancer,2,3,94,1,1,0,29.19953155517578,3.325244872677204,1,False
breast_cancer,2,3,95,0,0,1,110.31710052490234,5.196959997560968,0,False
breast_cancer,2,3,96,1,1,0,34.72943115234375,4.411926182073305,1,False
breast_cancer,2,3,97,1,1,0,16.251996994018555,2.7187421869616624,1,False
breast_cancer,2,3,98,1,1,0,35.71446228027344,3.5364286033229164,1,False
breast_cancer,2,3,99,1,1,0,8.21254825592041,2.7928032436621346,0,True
breast_cancer,2,3,100,0,0,1,50.98463821411133,3.71097444288315,0,False
breast_cancer,2,3,101,0,0,1,60.11997604370117,4.446643904859539,0,False
breast_cancer,2,3,102,0,0,1,44.09345245361328,2.5430271146816796,0,False
breast_cancer,2,3,103,1,1,0,48.22148132324219,4.255328034552809,1,False
breast_cancer,2,3,104,0,0,1,181.4951629638672,10.846250110967771,0,False
breast_cancer,2,3,105,1,1,0,45.67908477783203,4.40080415653634,0,True
breast_cancer,2,3,106,0,0,1,41.59283447265625,5.325880606722367,0,False
breast_cancer,2,3,108,1,1,0,38.27770233154297,3.5043073960202356,1,False
breast_cancer,2,3,109,0,0,1,22.894105911254883,3.6267741637969673,1,True
breast_cancer,2,3,110,1,1,0,52.33016204833984,6.817900588199739,0,True
breast_cancer,2,3,111,1,1,0,51.2618522644043,3.343509270215369,1,False
breast_cancer,2,3,112,1,1,0,49.513877868652344,5.101583603944893,1,False
breast_cancer,2,3,113,1,1,0,26.10519790649414,2.182107668616863,1,False
breast_cancer,2,5,1,1,1,0,12.963982582092283,4.562114877542394,0,True
breast_cancer,2,5,2,0,0,1,121.33935546875,6.361761771923729,0,False
breast_cancer,2,5,3,1,1,0,12.372105598449709,3.0822895467009532,0,True
breast_cancer,2,5,5,0,0,1,93.95436096191406,7.570160451745458,0,False
breast_cancer,2,5,7,1,1,0,38.30743789672851,7.161722335127018,0,True
breast_cancer,2,5,8,1,1,0,15.287802696228027,2.969669462361846,0,True
breast_cancer,2,5,9,0,0,1,55.652313232421875,5.866092263956864,0,False
breast_cancer,2,5,10,0,0,1,54.43807601928711,6.815881610465795,1,True
breast_cancer,2,5,11,1,1,0,26.031070709228516,4.09917936826908,0,True
breast_cancer,2,5,12,1,1,0,37.21904754638672,7.28013632074437,0,True
breast_cancer,2,5,13,1,1,0,16.970277786254883,3.093515152671071,0,True
breast_cancer,2,5,14,0,0,1,63.63840866088867,4.6484030198867625,0,False
breast_cancer,2,5,15,0,0,1,24.269994735717773,3.338573291048283,0,False
breast_cancer,2,5,16,0,0,1,130.0753173828125,5.923669641226335,0,False
breast_cancer,2,5,17,1,1,0,37.630916595458984,2.968116155917408,1,False
breast_cancer,2,5,18,1,1,0,35.31342315673828,4.431823514400444,1,False
breast_cancer,2,5,19,1,1,0,31.045000076293945,3.522644285597776,1,False
breast_cancer,2,5,20,1,1,0,34.69450378417969,5.319438222816781,1,False
breast_cancer,2,5,21,0,0,1,25.87383079528809,3.508422526219641,1,True
breast_cancer,2,5,22,1,1,0,30.81394386291504,3.2829910570040384,0,True
breast_cancer,2,5,23,1,1,0,21.370420455932617,4.1885177284917585,0,True
breast_cancer,2,5,24,1,1,0,19.635129928588867,2.42528902243555,1,False
breast_cancer,2,5,25,1,1,0,27.830591201782227,3.114034548311064,1,False
breast_cancer,2,5,26,1,1,0,71.7046890258789,7.703859191267129,1,False
breast_cancer,2,5,27,1,1,0,15.602993965148926,3.6687145011478943,0,True
breast_cancer,2,5,28,1,1,0,29.16618537902832,2.122315110340377,1,False
breast_cancer,2,5,29,1,1,0,54.603023529052734,4.9350610289325605,1,False
breast_cancer,2,5,30,1,1,0,59.65102005004883,4.266451033911656,1,False
breast_cancer,2,5,31,0,0,1,162.7792510986328,12.618838917541774,0,False
breast_cancer,2,5,33,0,0,1,20.00309944152832,3.8385215386932496,1,True
breast_cancer,2,5,34,0,0,1,73.07268524169922,4.9371827993660915,0,False
breast_cancer,2,5,35,1,1,0,35.280792236328125,5.362342439645176,0,True
breast_cancer,2,5,36,0,0,1,34.46445083618164,6.143017405006089,1,True
breast_cancer,2,5,37,0,0,1,29.562454223632812,4.0823737066394825,1,True
breast_cancer,2,5,38,1,1,0,40.67074966430664,4.068942764669312,0,True
breast_cancer,2,5,39,0,0,1,35.96919250488281,4.077041017546273,1,True
breast_cancer,2,5,40,1,1,0,26.548498153686523,3.766139054889868,0,True
breast_cancer,2,5,41,1,1,0,56.94744110107422,5.110511294890788,1,False
breast_cancer,2,5,42,0,0,1,39.263648986816406,3.695808445887665,0,False
breast_cancer,2,5,43,0,0,1,49.28604507446289,5.4290518383140896,1,True
breast_cancer,2,5,44,0,0,1,23.530006408691406,2.665422828868554,1,True
breast_cancer,2,5,45,1,1,0,39.19170379638672,2.9959639983553252,1,False
breast_cancer,2,5,46,1,1,0,58.080101013183594,4.310918985983892,1,False
breast_cancer,2,5,47,1,1,0,32.47257995605469,6.231255703636447,1,False
breast_cancer,2,5,48,1,1,0,32.46758270263672,3.896105728961611,1,False
breast_cancer,2,5,49,0,0,1,51.1555061340332,4.302479888724966,1,True
breast_cancer,2,5,50,1,1,0,21.97039794921875,2.872821655146633,1,False
breast_cancer,2,5,51,1,1,0,36.38413619995117,3.335030416060146,1,False
breast_cancer,2,5,52,1,1,0,38.954856872558594,2.537895656785555,1,False
breast_cancer,2,5,53,1,1,0,45.00586700439453,1.989246661373461,1,False
breast_cancer,2,5,54,0,0,1,131.67062377929688,9.044569497450558,0,False
breast_cancer,2,5,55,1,1,0,47.2440071105957,7.216031209441354,0,True
breast_cancer,2,5,57,1,1,0,59.831356048583984,5.244278862302202,0,True
breast_cancer,2,5,58,1,1,0,35.24201202392578,2.8703537921370317,1,False
breast_cancer,2,5,59,1,1,0,25.186201095581055,2.638242815529581,1,False
breast_cancer,2,5,60,0,0,1,123.15130615234376,8.406101898529434,0,False
breast_cancer,2,5,61,1,1,0,40.718502044677734,2.457694339691624,1,False
breast_cancer,2,5,63,0,0,1,47.13869857788086,4.125563969167867,0,False
breast_cancer,2,5,64,0,0,1,72.19593811035156,5.000124982679097,0,False
breast_cancer,2,5,65,0,0,1,45.70856857299805,4.707246613585602,0,False
breast_cancer,2,5,66,1,1,0,47.164100646972656,5.852166229904773,1,False
breast_cancer,2,5,67,1,1,0,60.74537658691406,5.318452826456941,0,True
breast_cancer,2,5,68,0,0,1,82.04591369628906,5.810666778316812,0,False
breast_cancer,2,5,69,0,0,1,0.0631733164191246,2.296800866574664,1,True
breast_cancer,2,5,70,1,1,0,49.32872009277344,5.189876423179182,0,True
breast_cancer,2,5,71,1,1,0,52.579593658447266,7.123893271595843,0,True
breast_cancer,2,5,72,0,0,1,24.861083984375,2.970940761589929,1,True
breast_cancer,2,5,73,1,1,0,56.18758392333984,4.9279727384506975,1,False
breast_cancer,2,5,74,1,1,0,24.81812286376953,5.659721207976955,0,True
breast_cancer,2,5,75,1,1,0,62.27540969848633,6.079694808481692,1,False
breast_cancer,2,5,76,0,0,1,80.64628601074219,5.368151489994431,0,False
breast_cancer,2,5,77,0,0,1,81.42288208007812,5.271702307040803,0,False
breast_cancer,2,5,78,1,1,0,30.983308792114254,3.614207216432297,0,True
breast_cancer,2,5,79,1,1,0,49.44913482666016,4.809682250087536,0,True
breast_cancer,2,5,80,0,0,1,38.346927642822266,3.375915565946675,1,True
breast_cancer,2,5,81,0,0,1,39.75731658935547,4.277499102101439,0,False
breast_cancer,2,5,82,1,1,0,22.40516662597656,3.5705759509954897,1,False
breast_cancer,2,5,83,1,1,0,34.923458099365234,4.454460538162085,1,False
breast_cancer,2,5,84,0,0,1,69.98524475097656,4.961556507424926,0,False
breast_cancer,2,5,85,1,1,0,47.076515197753906,2.405778863570725,1,False
breast_cancer,2,5,86,1,1,0,71.5757064819336,4.490626254074165,1,False
breast_cancer,2,5,87,1,1,0,15.33792781829834,2.825152615208653,0,True
breast_cancer,2,5,88,1,1,0,5.696208953857422,2.4498588392780984,0,True
breast_cancer,2,5,89,1,1,0,79.97196960449219,3.9782337820194953,1,False
breast_cancer,2,5,90,1,1,0,53.16984176635742,4.155465238800708,1,False
breast_cancer,2,5,91,1,1,0,17.030134201049805,1.7174426152659004,0,True
breast_cancer,2,5,92,0,0,1,93.89388275146484,7.150013170509733,0,False
breast_cancer,2,5,93,0,0,1,92.12293243408205,5.416854414286616,0,False
breast_cancer,2,5,94,1,1,0,29.19953155517578,3.325244872677204,1,False
breast_cancer,2,5,95,0,0,1,110.31710052490234,5.196959997560968,0,False
breast_cancer,2,5,96,1,1,0,34.72943115234375,4.411926182073305,1,False
breast_cancer,2,5,97,1,1,0,16.251996994018555,2.7187421869616624,1,False
breast_cancer,2,5,98,1,1,0,35.71446228027344,3.5364286033229164,1,False
breast_cancer,2,5,99,1,1,0,8.21254825592041,2.7928032436621346,0,True
breast_cancer,2,5,100,0,0,1,50.98463821411133,4.247114165760023,1,True
breast_cancer,2,5,101,0,0,1,60.11997604370117,4.4777180610330785,0,False
breast_cancer,2,5,102,0,0,1,44.09345245361328,3.934627180143451,1,True
breast_cancer,2,5,103,1,1,0,48.22148132324219,3.022457027425031,1,False
breast_cancer,2,5,104,0,0,1,181.4951629638672,10.846250110967771,0,False
breast_cancer,2,5,105,1,1,0,45.67908477783203,4.382933274121479,0,True
breast_cancer,2,5,106,0,0,1,41.59283447265625,5.325880606722367,0,False
breast_cancer,2,5,108,1,1,0,38.27770233154297,3.483919895680186,1,False
breast_cancer,2,5,109,0,0,1,22.894105911254883,3.6267741637969673,1,True
breast_cancer,2,5,110,1,1,0,52.33016204833984,6.817900588199739,0,True
breast_cancer,2,5,111,1,1,0,51.2618522644043,3.1006560420696716,1,False
breast_cancer,2,5,112,1,1,0,49.513877868652344,5.101583603944893,1,False
breast_cancer,2,5,113,1,1,0,26.10519790649414,2.182107668616863,1,False
breast_cancer,2,7,1,1,1,0,12.963982582092283,4.562114877542394,0,True
breast_cancer,2,7,2,0,0,1,121.33935546875,8.858827818802189,0,False
breast_cancer,2,7,3,1,1,0,12.372105598449709,3.0822895467009532,0,True
breast_cancer,2,7,5,0,0,1,93.95436096191406,9.066318104435744,1,True
breast_cancer,2,7,7,1,1,0,38.30743789672851,7.161722335127018,0,True
breast_cancer,2,7,8,1,1,0,15.287802696228027,2.969669462361846,0,True
breast_cancer,2,7,9,0,0,1,55.652313232421875,6.380510299596027,0,False
breast_cancer,2,7,10,0,0,1,54.43807601928711,6.815881610465795,1,True
breast_cancer,2,7,11,1,1,0,26.031070709228516,4.09917936826908,0,True
breast_cancer,2,7,12,1,1,0,37.21904754638672,7.28013632074437,0,True
breast_cancer,2,7,13,1,1,0,16.970277786254883,3.093515152671071,0,True
breast_cancer,2,7,14,0,0,1,63.63840866088867,4.6484030198867625,0,False
breast_cancer,2,7,15,0,0,1,24.269994735717773,3.338573291048283,0,False
breast_cancer,2,7,16,0,0,1,130.0753173828125,9.145990575714118,0,False
breast_cancer,2,7,17,1,1,0,37.630916595458984,2.968116155917408,1,False
breast_cancer,2,7,18,1,1,0,35.31342315673828,4.431823514400444,1,False
breast_cancer,2,7,19,1,1,0,31.045000076293945,3.522644285597776,1,False
breast_cancer,2,7,20,1,1,0,34.69450378417969,5.319438222816781,1,False
breast_cancer,2,7,21,0,0,1,25.87383079528809,3.508422526219641,1,True
breast_cancer,2,7,22,1,1,0,30.81394386291504,3.2829910570040384,0,True
breast_cancer,2,7,23,1,1,0,21.370420455932617,4.1885177284917585,0,True
breast_cancer,2,7,24,1,1,0,19.635129928588867,2.42528902243555,1,False
breast_cancer,2,7,25,1,1,0,27.830591201782227,3.114034548311064,1,False
breast_cancer,2,7,26,1,1,0,71.7046890258789,7.703859191267129,1,False
breast_cancer,2,7,27,1,1,0,15.602993965148926,3.6687145011478943,0,True
breast_cancer,2,7,28,1,1,0,29.16618537902832,2.122315110340377,1,False
breast_cancer,2,7,29,1,1,0,54.603023529052734,4.9350610289325605,1,False
breast_cancer,2,7,30,1,1,0,59.65102005004883,4.266451033911656,1,False
breast_cancer,2,7,31,0,0,1,162.7792510986328,14.319870895425897,1,True
breast_cancer,2,7,32,1,1,0,9.974796295166016,3.4702780847546153,0,True
breast_cancer,2,7,33,0,0,1,20.00309944152832,3.8385215386932496,1,True
breast_cancer,2,7,34,0,0,1,73.07268524169922,4.9371827993660915,0,False
breast_cancer,2,7,35,1,1,0,35.280792236328125,5.362342439645176,0,True
breast_cancer,2,7,36,0,0,1,34.46445083618164,6.143017405006089,1,True
breast_cancer,2,7,37,0,0,1,29.562454223632812,4.0823737066394825,1,True
breast_cancer,2,7,38,1,1,0,40.67074966430664,4.068942764669312,0,True
breast_cancer,2,7,39,0,0,1,35.96919250488281,4.077041017546273,1,True
breast_cancer,2,7,40,1,1,0,26.548498153686523,3.766139054889868,0,True
breast_cancer,2,7,41,1,1,0,56.94744110107422,5.110511294890788,1,False
breast_cancer,2,7,42,0,0,1,39.263648986816406,3.695808445887665,0,False
breast_cancer,2,7,43,0,0,1,49.28604507446289,5.4290518383140896,1,True
breast_cancer,2,7,44,0,0,1,23.530006408691406,2.665422828868554,1,True
breast_cancer,2,7,45,1,1,0,39.19170379638672,2.9959639983553252,1,False
breast_cancer,2,7,46,1,1,0,58.080101013183594,4.310918985983892,1,False
breast_cancer,2,7,47,1,1,0,32.47257995605469,6.231255703636447,1,False
breast_cancer,2,7,48,1,1,0,32.46758270263672,3.896105728961611,1,False
breast_cancer,2,7,49,0,0,1,51.1555061340332,4.302479888724966,1,True
breast_cancer,2,7,50,1,1,0,21.97039794921875,2.872821655146633,1,False
breast_cancer,2,7,51,1,1,0,36.38413619995117,3.335030416060146,1,False
breast_cancer,2,7,52,1,1,0,38.954856872558594,2.537895656785555,1,False
breast_cancer,2,7,53,1,1,0,45.00586700439453,1.989246661373461,1,False
breast_cancer,2,7,54,0,0,1,131.67062377929688,10.26285403595972,1,True
breast_cancer,2,7,55,1,1,0,47.2440071105957,7.216031209441354,0,True
breast_cancer,2,7,57,1,1,0,59.831356048583984,5.244278862302202,0,True
breast_cancer,2,7,58,1,1,0,35.24201202392578,2.8703537921370317,1,False
breast_cancer,2,7,59,1,1,0,25.186201095581055,2.638242815529581,1,False
breast_cancer,2,7,60,0,0,1,123.15130615234376,8.579011854478608,0,False
breast_cancer,2,7,61,1,1,0,40.718502044677734,2.457694339691624,1,False
breast_cancer,2,7,63,0,0,1,47.13869857788086,5.192645881223184,0,False
breast_cancer,2,7,64,0,0,1,72.19593811035156,5.000124982679097,0,False
breast_cancer,2,7,65,0,0,1,45.70856857299805,5.527436350991741,0,False
breast_cancer,2,7,66,1,1,0,47.164100646972656,5.852166229904773,1,False
breast_cancer,2,7,67,1,1,0,60.74537658691406,5.318452826456941,0,True
breast_cancer,2,7,68,0,0,1,82.04591369628906,5.810666778316812,0,False
breast_cancer,2,7,69,0,0,1,0.0631733164191246,2.296800866574664,1,True
breast_cancer,2,7,70,1,1,0,49.32872009277344,5.189876423179182,0,True
breast_cancer,2,7,71,1,1,0,52.579593658447266,7.123893271595843,0,True
breast_cancer,2,7,72,0,0,1,24.861083984375,2.970940761589929,1,True
breast_cancer,2,7,73,1,1,0,56.18758392333984,4.9279727384506975,1,False
breast_cancer,2,7,75,1,1,0,62.27540969848633,6.079694808481692,1,False
breast_cancer,2,7,76,0,0,1,80.64628601074219,5.368151489994431,0,False
breast_cancer,2,7,77,0,0,1,81.42288208007812,5.271702307040803,0,False
breast_cancer,2,7,78,1,1,0,30.983308792114254,3.614207216432297,0,True
breast_cancer,2,7,79,1,1,0,49.44913482666016,4.809682250087536,0,True
breast_cancer,2,7,80,0,0,1,38.346927642822266,3.375915565946675,1,True
breast_cancer,2,7,81,0,0,1,39.75731658935547,4.277499102101439,0,False
breast_cancer,2,7,82,1,1,0,22.40516662597656,3.5705759509954897,1,False
breast_cancer,2,7,83,1,1,0,34.923458099365234,4.454460538162085,1,False
breast_cancer,2,7,84,0,0,1,69.98524475097656,4.961556507424926,0,False
breast_cancer,2,7,85,1,1,0,47.076515197753906,2.405778863570725,1,False
breast_cancer,2,7,86,1,1,0,71.5757064819336,4.490626254074165,1,False
breast_cancer,2,7,87,1,1,0,15.33792781829834,2.825152615208653,0,True
breast_cancer,2,7,88,1,1,0,5.696208953857422,2.4498588392780984,0,True
breast_cancer,2,7,89,1,1,0,79.97196960449219,3.9782337820194953,1,False
breast_cancer,2,7,90,1,1,0,53.16984176635742,4.155465238800708,1,False
breast_cancer,2,7,91,1,1,0,17.030134201049805,1.7174426152659004,0,True
breast_cancer,2,7,92,0,0,1,93.89388275146484,7.150013170509733,0,False
breast_cancer,2,7,93,0,0,1,92.12293243408205,7.29972052464943,0,False
breast_cancer,2,7,94,1,1,0,29.19953155517578,3.325244872677204,1,False
breast_cancer,2,7,95,0,0,1,110.31710052490234,7.838272935177657,0,False
breast_cancer,2,7,96,1,1,0,34.72943115234375,4.411926182073305,1,False
breast_cancer,2,7,97,1,1,0,16.251996994018555,2.7187421869616624,1,False
breast_cancer,2,7,98,1,1,0,35.71446228027344,3.5364286033229164,1,False
breast_cancer,2,7,99,1,1,0,8.21254825592041,2.7928032436621346,0,True
breast_cancer,2,7,100,0,0,1,50.98463821411133,4.247114165760023,1,True
breast_cancer,2,7,101,0,0,1,60.11997604370117,4.4777180610330785,0,False
breast_cancer,2,7,102,0,0,1,44.09345245361328,3.934627180143451,1,True
breast_cancer,2,7,103,1,1,0,48.22148132324219,3.022457027425031,1,False
breast_cancer,2,7,104,0,0,1,181.4951629638672,13.189566937931811,0,False
breast_cancer,2,7,105,1,1,0,45.67908477783203,4.382933274121479,0,True
breast_cancer,2,7,106,0,0,1,41.59283447265625,5.325880606722367,0,False
breast_cancer,2,7,108,1,1,0,38.27770233154297,3.483919895680186,1,False
breast_cancer,2,7,109,0,0,1,22.894105911254883,3.6267741637969673,1,True
breast_cancer,2,7,110,1,1,0,52.33016204833984,6.817900588199739,0,True
breast_cancer,2,7,111,1,1,0,51.2618522644043,3.1006560420696716,1,False
breast_cancer,2,7,112,1,1,0,49.513877868652344,5.101583603944893,1,False
breast_cancer,2,7,113,1,1,0,26.10519790649414,2.182107668616863,1,False
breast_cancer,2,10,1,1,1,0,12.963982582092283,4.562114877542394,0,True
breast_cancer,2,10,2,0,0,1,121.33935546875,8.858827818802189,0,False
breast_cancer,2,10,3,1,1,0,12.372105598449709,3.0822895467009532,0,True
breast_cancer,2,10,5,0,0,1,93.95436096191406,9.066318104435744,1,True
breast_cancer,2,10,7,1,1,0,38.30743789672851,7.161722335127018,0,True
breast_cancer,2,10,8,1,1,0,15.287802696228027,2.969669462361846,0,True
breast_cancer,2,10,9,0,0,1,55.652313232421875,6.380510299596027,0,False
breast_cancer,2,10,10,0,0,1,54.43807601928711,6.815881610465795,1,True
breast_cancer,2,10,11,1,1,0,26.031070709228516,4.09917936826908,0,True
breast_cancer,2,10,12,1,1,0,37.21904754638672,7.28013632074437,0,True
breast_cancer,2,10,13,1,1,0,16.970277786254883,3.093515152671071,0,True
breast_cancer,2,10,14,0,0,1,63.63840866088867,4.6484030198867625,0,False
breast_cancer,2,10,15,0,0,1,24.269994735717773,3.338573291048283,0,False
breast_cancer,2,10,16,0,0,1,130.0753173828125,9.145990575714118,0,False
breast_cancer,2,10,17,1,1,0,37.630916595458984,2.968116155917408,1,False
breast_cancer,2,10,18,1,1,0,35.31342315673828,4.431823514400444,1,False
breast_cancer,2,10,19,1,1,0,31.045000076293945,3.522644285597776,1,False
breast_cancer,2,10,20,1,1,0,34.69450378417969,5.319438222816781,1,False
breast_cancer,2,10,21,0,0,1,25.87383079528809,3.508422526219641,1,True
breast_cancer,2,10,22,1,1,0,30.81394386291504,3.2829910570040384,0,True
breast_cancer,2,10,23,1,1,0,21.370420455932617,4.1885177284917585,0,True
breast_cancer,2,10,24,1,1,0,19.635129928588867,2.42528902243555,1,False
breast_cancer,2,10,25,1,1,0,27.830591201782227,3.114034548311064,1,False
breast_cancer,2,10,26,1,1,0,71.7046890258789,7.703859191267129,1,False
breast_cancer,2,10,27,1,1,0,15.602993965148926,3.6687145011478943,0,True
breast_cancer,2,10,28,1,1,0,29.16618537902832,2.122315110340377,1,False
breast_cancer,2,10,29,1,1,0,54.603023529052734,4.9350610289325605,1,False
breast_cancer,2,10,30,1,1,0,59.65102005004883,4.266451033911656,1,False
breast_cancer,2,10,31,0,0,1,162.7792510986328,14.319870895425897,1,True
breast_cancer,2,10,32,1,1,0,9.974796295166016,3.4702780847546153,0,True
breast_cancer,2,10,33,0,0,1,20.00309944152832,3.8385215386932496,1,True
breast_cancer,2,10,34,0,0,1,73.07268524169922,4.9371827993660915,0,False
breast_cancer,2,10,35,1,1,0,35.280792236328125,5.362342439645176,0,True
breast_cancer,2,10,36,0,0,1,34.46445083618164,6.143017405006089,1,True
breast_cancer,2,10,37,0,0,1,29.562454223632812,4.0823737066394825,1,True
breast_cancer,2,10,38,1,1,0,40.67074966430664,4.068942764669312,0,True
breast_cancer,2,10,39,0,0,1,35.96919250488281,4.077041017546273,1,True
breast_cancer,2,10,40,1,1,0,26.548498153686523,3.766139054889868,0,True
breast_cancer,2,10,41,1,1,0,56.94744110107422,5.110511294890788,1,False
breast_cancer,2,10,42,0,0,1,39.263648986816406,3.695808445887665,0,False
breast_cancer,2,10,43,0,0,1,49.28604507446289,5.4290518383140896,1,True
breast_cancer,2,10,44,0,0,1,23.530006408691406,2.665422828868554,1,True
breast_cancer,2,10,45,1,1,0,39.19170379638672,2.9959639983553252,1,False
breast_cancer,2,10,46,1,1,0,58.080101013183594,4.310918985983892,1,False
breast_cancer,2,10,47,1,1,0,32.47257995605469,6.231255703636447,1,False
breast_cancer,2,10,48,1,1,0,32.46758270263672,3.896105728961611,1,False
breast_cancer,2,10,49,0,0,1,51.1555061340332,4.302479888724966,1,True
breast_cancer,2,10,50,1,1,0,21.97039794921875,2.872821655146633,1,False
breast_cancer,2,10,51,1,1,0,36.38413619995117,3.335030416060146,1,False
breast_cancer,2,10,52,1,1,0,38.954856872558594,2.537895656785555,1,False
breast_cancer,2,10,53,1,1,0,45.00586700439453,1.989246661373461,1,False
breast_cancer,2,10,54,0,0,1,131.67062377929688,10.26285403595972,1,True
breast_cancer,2,10,55,1,1,0,47.2440071105957,7.216031209441354,0,True
breast_cancer,2,10,57,1,1,0,59.831356048583984,5.244278862302202,0,True
breast_cancer,2,10,58,1,1,0,35.24201202392578,2.8703537921370317,1,False
breast_cancer,2,10,59,1,1,0,25.186201095581055,2.638242815529581,1,False
breast_cancer,2,10,60,0,0,1,123.15130615234376,8.579011854478608,0,False
breast_cancer,2,10,61,1,1,0,40.718502044677734,2.457694339691624,1,False
breast_cancer,2,10,63,0,0,1,47.13869857788086,5.192645881223184,0,False
breast_cancer,2,10,64,0,0,1,72.19593811035156,5.000124982679097,0,False
breast_cancer,2,10,65,0,0,1,45.70856857299805,5.527436350991741,0,False
breast_cancer,2,10,66,1,1,0,47.164100646972656,5.852166229904773,1,False
breast_cancer,2,10,67,1,1,0,60.74537658691406,5.318452826456941,0,True
breast_cancer,2,10,68,0,0,1,82.04591369628906,5.810666778316812,0,False
breast_cancer,2,10,69,0,0,1,0.0631733164191246,2.296800866574664,1,True
breast_cancer,2,10,70,1,1,0,49.32872009277344,5.189876423179182,0,True
breast_cancer,2,10,71,1,1,0,52.579593658447266,7.123893271595843,0,True
breast_cancer,2,10,72,0,0,1,24.861083984375,2.970940761589929,1,True
breast_cancer,2,10,73,1,1,0,56.18758392333984,4.9279727384506975,1,False
breast_cancer,2,10,75,1,1,0,62.27540969848633,6.079694808481692,1,False
breast_cancer,2,10,76,0,0,1,80.64628601074219,5.368151489994431,0,False
breast_cancer,2,10,77,0,0,1,81.42288208007812,5.271702307040803,0,False
breast_cancer,2,10,78,1,1,0,30.983308792114254,3.614207216432297,0,True
breast_cancer,2,10,79,1,1,0,49.44913482666016,4.809682250087536,0,True
breast_cancer,2,10,80,0,0,1,38.346927642822266,3.375915565946675,1,True
breast_cancer,2,10,81,0,0,1,39.75731658935547,4.277499102101439,0,False
breast_cancer,2,10,82,1,1,0,22.40516662597656,3.5705759509954897,1,False
breast_cancer,2,10,83,1,1,0,34.923458099365234,4.454460538162085,1,False
breast_cancer,2,10,84,0,0,1,69.98524475097656,4.961556507424926,0,False
breast_cancer,2,10,85,1,1,0,47.076515197753906,2.405778863570725,1,False
breast_cancer,2,10,86,1,1,0,71.5757064819336,4.490626254074165,1,False
breast_cancer,2,10,87,1,1,0,15.33792781829834,2.825152615208653,0,True
breast_cancer,2,10,88,1,1,0,5.696208953857422,2.4498588392780984,0,True
breast_cancer,2,10,89,1,1,0,79.97196960449219,3.9782337820194953,1,False
breast_cancer,2,10,90,1,1,0,53.16984176635742,4.155465238800708,1,False
breast_cancer,2,10,91,1,1,0,17.030134201049805,1.7174426152659004,0,True
breast_cancer,2,10,92,0,0,1,93.89388275146484,7.150013170509733,0,False
breast_cancer,2,10,93,0,0,1,92.12293243408205,7.29972052464943,0,False
breast_cancer,2,10,94,1,1,0,29.19953155517578,3.325244872677204,1,False
breast_cancer,2,10,95,0,0,1,110.31710052490234,7.838272935177657,0,False
breast_cancer,2,10,96,1,1,0,34.72943115234375,4.411926182073305,1,False
breast_cancer,2,10,97,1,1,0,16.251996994018555,2.7187421869616624,1,False
breast_cancer,2,10,98,1,1,0,35.71446228027344,3.5364286033229164,1,False
breast_cancer,2,10,99,1,1,0,8.21254825592041,2.7928032436621346,0,True
breast_cancer,2,10,100,0,0,1,50.98463821411133,4.247114165760023,1,True
breast_cancer,2,10,101,0,0,1,60.11997604370117,4.4777180610330785,0,False
breast_cancer,2,10,102,0,0,1,44.09345245361328,3.934627180143451,1,True
breast_cancer,2,10,103,1,1,0,48.22148132324219,3.022457027425031,1,False
breast_cancer,2,10,104,0,0,1,181.4951629638672,13.189566937931811,0,False
breast_cancer,2,10,105,1,1,0,45.67908477783203,4.382933274121479,0,True
breast_cancer,2,10,106,0,0,1,41.59283447265625,5.325880606722367,0,False
breast_cancer,2,10,108,1,1,0,38.27770233154297,3.483919895680186,1,False
breast_cancer,2,10,109,0,0,1,22.894105911254883,3.6267741637969673,1,True
breast_cancer,2,10,110,1,1,0,52.33016204833984,6.817900588199739,0,True
breast_cancer,2,10,111,1,1,0,51.2618522644043,3.1006560420696716,1,False
breast_cancer,2,10,112,1,1,0,49.513877868652344,5.101583603944893,1,False
breast_cancer,2,10,113,1,1,0,26.10519790649414,2.182107668616863,1,False
breast_cancer,3,2,1,1,1,0,30.92238998413086,5.1328846673635455,0,True
breast_cancer,3,2,2,1,1,0,19.996105194091797,3.663295879130772,0,True
breast_cancer,3,2,3,0,0,1,88.3526382446289,7.7829758472814525,0,False
breast_cancer,3,2,4,1,1,0,14.068821907043455,3.112087713193069,1,False
breast_cancer,3,2,5,1,1,0,36.42888259887695,5.6983977493336635,1,False
breast_cancer,3,2,6,0,0,1,183.0392303466797,22.48661698437108,1,True
breast_cancer,3,2,7,1,1,0,47.83833694458008,6.4403809084166035,0,True
breast_cancer,3,2,8,0,0,1,11.045653343200684,2.6784383095240045,1,True
breast_cancer,3,2,9,1,1,0,37.7962760925293,6.546856798447158,0,True
breast_cancer,3,2,10,0,0,1,22.532318115234375,2.4248051243349247,1,True
breast_cancer,3,2,11,1,1,0,35.00015640258789,6.885434502396725,0,True
breast_cancer,3,2,12,1,1,0,29.40578842163086,4.518961378922377,0,True
breast_cancer,3,2,13,1,1,0,22.19205093383789,10.559499387060686,0,True
breast_cancer,3,2,14,1,1,0,23.730226516723633,7.449107424336455,0,True
breast_cancer,3,2,15,1,1,0,31.342510223388672,4.773632138434803,1,False
breast_cancer,3,2,17,1,1,0,28.671165466308594,6.021525905736295,0,True
breast_cancer,3,2,18,1,1,0,34.32979965209961,6.9440426625742555,0,True
breast_cancer,3,2,20,1,1,0,23.02812767028809,4.436023835689031,0,True
breast_cancer,3,2,22,0,0,1,147.21817016601562,11.838823879422929,0,False
breast_cancer,3,2,23,0,0,1,69.72059631347656,5.110478868399561,1,True
breast_cancer,3,2,24,1,1,0,26.31521987915039,5.197395011797332,0,True
breast_cancer,3,2,25,1,1,0,22.425548553466797,4.236229021040565,0,True
breast_cancer,3,2,26,1,1,0,23.650562286376953,4.708102135004536,0,True
breast_cancer,3,2,27,0,0,1,38.40517807006836,3.545366772867026,0,False
breast_cancer,3,2,28,1,1,0,15.8040189743042,4.5746823910976735,0,True
breast_cancer,3,2,29,1,1,0,29.339750289916992,4.260388706381779,0,True
breast_cancer,3,2,30,0,0,1,76.36790466308594,5.800514846757825,1,True
breast_cancer,3,2,31,1,1,0,18.272294998168945,4.465877004416937,0,True
breast_cancer,3,2,32,1,1,0,22.426189422607425,4.4249246573146195,0,True
breast_cancer,3,2,33,1,1,0,23.459217071533203,4.453319474006062,0,True
breast_cancer,3,2,34,1,1,0,29.94707298278809,5.56598232364681,0,True
breast_cancer,3,2,35,0,0,1,24.67057228088379,3.6627049887067904,1,True
breast_cancer,3,2,36,1,1,0,23.679777145385746,4.5970905277838305,0,True
breast_cancer,3,2,38,0,0,1,6.812802791595459,2.512852012669423,1,True
breast_cancer,3,2,39,1,1,0,29.43345642089844,5.307610747828814,1,False
breast_cancer,3,2,40,0,0,1,40.547752380371094,3.1697976571983477,1,True
breast_cancer,3,2,42,1,1,0,19.09239387512207,3.832002420518498,0,True
breast_cancer,3,2,43,1,1,0,14.270710945129396,4.303906870718231,0,True
breast_cancer,3,2,44,1,1,0,42.03993225097656,7.278071343977387,1,False
breast_cancer,3,2,45,0,0,1,60.85495376586914,5.567782534177145,0,False
breast_cancer,3,2,46,1,1,0,11.43004322052002,3.15390022172893,0,True
breast_cancer,3,2,47,1,1,0,18.769725799560547,3.639396519001561,0,True
breast_cancer,3,2,48,0,0,1,163.63648986816406,12.497436531517758,1,True
breast_cancer,3,2,49,0,0,1,60.32974624633789,5.20757757232504,1,True
breast_cancer,3,2,50,0,0,1,78.85022735595703,6.69489576612338,1,True
breast_cancer,3,2,51,0,0,1,97.62254333496094,6.525387386837981,1,True
breast_cancer,3,2,52,1,1,0,18.974170684814453,5.505141509141479,0,True
breast_cancer,3,2,53,1,1,0,25.119224548339844,6.3181785515803,0,True
breast_cancer,3,2,54,1,1,0,36.383792877197266,6.706952172875393,0,True
breast_cancer,3,2,55,1,1,0,23.026611328125,5.1364607856135525,0,True
breast_cancer,3,2,56,0,0,1,31.301271438598633,4.17771306169208,1,True
breast_cancer,3,2,57,1,1,0,2.609750747680664,2.127681298841188,0,True
breast_cancer,3,2,58,0,0,1,33.00591278076172,3.3835302903794537,1,True
breast_cancer,3,2,59,1,1,0,25.366424560546875,5.718980873097198,0,True
breast_cancer,3,2,60,0,0,1,0.4366268515586853,9.109575136774216,1,True
breast_cancer,3,2,61,1,1,0,25.99435806274414,4.945048128137772,0,True
breast_cancer,3,2,62,1,1,0,13.009501457214355,3.513959837623408,1,False
breast_cancer,3,2,63,0,0,1,66.10921478271484,6.444547077084695,0,False
breast_cancer,3,2,64,1,1,0,20.479835510253903,4.6921429106784975,0,True
breast_cancer,3,2,65,1,1,0,49.025413513183594,6.722057202101023,1,False
breast_cancer,3,2,66,0,0,1,10.985669136047363,3.324275168127914,1,True
breast_cancer,3,2,67,1,1,0,15.582539558410645,4.619549916435916,0,True
breast_cancer,3,2,68,0,0,1,58.5839729309082,4.737438244739527,0,False
breast_cancer,3,2,69,0,0,1,46.01784133911133,3.88801019074692,0,False
breast_cancer,3,2,70,1,1,0,25.474098205566406,4.9656856984842745,0,True
breast_cancer,3,2,71,0,0,1,80.22023010253906,5.998138977904042,1,True
breast_cancer,3,2,72,0,0,1,70.74555206298828,7.641011792477301,1,True
breast_cancer,3,2,73,1,1,0,21.357267379760746,4.219591553051767,0,True
breast_cancer,3,2,74,1,1,0,0.7804037928581238,4.99484087451497,0,True
breast_cancer,3,2,75,0,0,1,72.31571197509766,4.861059651567408,1,True
breast_cancer,3,2,76,1,1,0,40.96171188354492,5.211941665506564,1,False
breast_cancer,3,2,77,0,0,1,59.33774185180664,4.14484505352448,1,True
breast_cancer,3,2,78,0,0,1,31.983108520507812,4.574582108327404,1,True
breast_cancer,3,2,79,0,0,1,46.850067138671875,5.383772699736466,1,True
breast_cancer,3,2,80,1,1,0,22.679462432861328,2.9735837762693498,0,True
breast_cancer,3,2,81,0,0,1,29.51565170288086,3.6029329653641153,0,False
breast_cancer,3,2,82,1,1,0,53.9649772644043,7.713173252172953,0,True
breast_cancer,3,2,84,1,1,0,14.217223167419434,3.8834395578856986,0,True
breast_cancer,3,2,85,1,1,0,33.71577072143555,4.324395807645892,1,False
breast_cancer,3,2,86,1,1,0,26.61501693725586,4.4975009403916,0,True
breast_cancer,3,2,87,0,0,1,35.042579650878906,3.4224844889780273,1,True
breast_cancer,3,2,88,1,1,0,37.30545425415039,6.256574620429597,0,True
breast_cancer,3,2,89,1,1,0,28.186031341552734,3.903424610429719,1,False
breast_cancer,3,2,90,1,1,0,23.749462127685547,4.533883116692728,0,True
breast_cancer,3,2,91,0,0,1,111.77298736572266,8.205177350349462,1,True
breast_cancer,3,2,92,0,0,1,78.16731262207031,5.195136519065116,1,True
breast_cancer,3,2,93,1,1,0,25.560096740722656,4.569228726391938,0,True
breast_cancer,3,2,94,0,0,1,250.1001434326172,23.304488237634963,1,True
breast_cancer,3,2,95,1,1,0,26.434999465942383,5.219993733222409,0,True
breast_cancer,3,2,96,0,0,1,43.02732849121094,3.603594483075427,1,True
breast_cancer,3,2,97,1,1,0,7.006033420562744,3.277225085119845,0,True
breast_cancer,3,2,98,0,0,1,137.63992309570312,10.120421105689442,0,False
breast_cancer,3,2,99,1,1,0,20.809741973876953,6.341357302128457,0,True
breast_cancer,3,2,100,0,0,1,132.91445922851562,10.73112190955625,0,False
breast_cancer,3,2,101,0,0,1,69.43760681152344,7.184209172064812,1,True
breast_cancer,3,2,102,1,1,0,18.678909301757812,4.9259538250480475,0,True
breast_cancer,3,2,104,1,1,0,13.838428497314451,4.105871224803698,0,True
breast_cancer,3,2,105,1,1,0,47.216922760009766,6.448611726875085,0,True
breast_cancer,3,2,106,1,1,0,5.2436370849609375,4.159588123813362,0,True
breast_cancer,3,2,107,1,1,0,14.351988792419434,4.299314999645494,0,True
breast_cancer,3,2,108,1,1,0,36.02161407470703,6.2918880748158745,0,True
breast_cancer,3,2,109,1,1,0,26.84473419189453,4.5434992380877475,0,True
breast_cancer,3,2,110,1,1,0,36.43286895751953,6.056187960854518,1,False
breast_cancer,3,2,111,0,0,1,113.50944519042967,8.502755203161701,1,True
breast_cancer,3,2,112,1,1,0,34.868553161621094,5.904391916795985,1,False
breast_cancer,3,2,113,1,1,0,28.946292877197266,6.345805427376551,0,True
breast_cancer,3,3,0,1,1,0,13.181878089904783,3.3363477937645896,0,True
breast_cancer,3,3,1,1,1,0,30.92238998413086,5.1328846673635455,0,True
breast_cancer,3,3,2,1,1,0,19.996105194091797,3.663295879130772,0,True
breast_cancer,3,3,3,0,0,1,88.3526382446289,7.7829758472814525,0,False
breast_cancer,3,3,4,1,1,0,14.068821907043455,3.112087713193069,1,False
breast_cancer,3,3,5,1,1,0,36.42888259887695,5.6983977493336635,1,False
breast_cancer,3,3,6,0,0,1,183.0392303466797,22.48661698437108,1,True
breast_cancer,3,3,7,1,1,0,47.83833694458008,6.4403809084166035,0,True
breast_cancer,3,3,8,0,0,1,11.045653343200684,2.6784383095240045,1,True
breast_cancer,3,3,9,1,1,0,37.7962760925293,6.546856798447158,0,True
breast_cancer,3,3,10,0,0,1,22.532318115234375,2.4248051243349247,1,True
breast_cancer,3,3,11,1,1,0,35.00015640258789,6.885434502396725,0,True
breast_cancer,3,3,12,1,1,0,29.40578842163086,4.518961378922377,0,True
breast_cancer,3,3,13,1,1,0,22.19205093383789,10.559499387060686,0,True
breast_cancer,3,3,14,1,1,0,23.730226516723633,7.449107424336455,0,True
breast_cancer,3,3,15,1,1,0,31.342510223388672,4.773632138434803,1,False
breast_cancer,3,3,16,1,1,0,55.12215042114258,14.149041884005978,1,False
breast_cancer,3,3,17,1,1,0,28.671165466308594,6.021525905736295,0,True
breast_cancer,3,3,18,1,1,0,34.32979965209961,6.9440426625742555,0,True
breast_cancer,3,3,20,1,1,0,23.02812767028809,4.436023835689031,0,True
breast_cancer,3,3,22,0,0,1,147.21817016601562,11.454108998062594,0,False
breast_cancer,3,3,23,0,0,1,69.72059631347656,5.110478868399561,1,True
breast_cancer,3,3,24,1,1,0,26.31521987915039,5.197395011797332,0,True
breast_cancer,3,3,25,1,1,0,22.425548553466797,4.236229021040565,0,True
breast_cancer,3,3,26,1,1,0,23.650562286376953,4.708102135004536,0,True
breast_cancer,3,3,27,0,0,1,38.40517807006836,3.545366772867026,0,False
breast_cancer,3,3,28,1,1,0,15.8040189743042,4.5746823910976735,0,True
breast_cancer,3,3,29,1,1,0,29.339750289916992,4.260388706381779,0,True
breast_cancer,3,3,30,0,0,1,76.36790466308594,5.800514846757825,1,True
breast_cancer,3,3,31,1,1,0,18.272294998168945,4.465877004416937,0,True
breast_cancer,3,3,32,1,1,0,22.426189422607425,4.4249246573146195,0,True
breast_cancer,3,3,33,1,1,0,23.459217071533203,4.453319474006062,0,True
breast_cancer,3,3,34,1,1,0,29.94707298278809,5.56598232364681,0,True
breast_cancer,3,3,35,0,0,1,24.67057228088379,3.6627049887067904,1,True
breast_cancer,3,3,36,1,1,0,23.679777145385746,4.5970905277838305,0,True
breast_cancer,3,3,38,0,0,1,6.812802791595459,2.512852012669423,1,True
breast_cancer,3,3,39,1,1,0,29.43345642089844,5.307610747828814,1,False
breast_cancer,3,3,40,0,0,1,40.547752380371094,3.1697976571983477,1,True
breast_cancer,3,3,42,1,1,0,19.09239387512207,3.832002420518498,0,True
breast_cancer,3,3,43,1,1,0,14.270710945129396,4.303906870718231,0,True
breast_cancer,3,3,44,1,1,0,42.03993225097656,7.278071343977387,1,False
breast_cancer,3,3,45,0,0,1,60.85495376586914,5.567782534177145,0,False
breast_cancer,3,3,46,1,1,0,11.43004322052002,3.15390022172893,0,True
breast_cancer,3,3,47,1,1,0,18.769725799560547,3.639396519001561,0,True
breast_cancer,3,3,48,0,0,1,163.63648986816406,12.482135558890413,0,False
breast_cancer,3,3,49,0,0,1,60.32974624633789,5.20757757232504,1,True
breast_cancer,3,3,50,0,0,1,78.85022735595703,5.9842080141925305,0,False
breast_cancer,3,3,51,0,0,1,97.62254333496094,6.525387386837981,1,True
breast_cancer,3,3,52,1,1,0,18.974170684814453,5.505141509141479,0,True
breast_cancer,3,3,53,1,1,0,25.119224548339844,6.3181785515803,0,True
breast_cancer,3,3,54,1,1,0,36.383792877197266,6.706952172875393,0,True
breast_cancer,3,3,55,1,1,0,23.026611328125,5.1364607856135525,0,True
breast_cancer,3,3,56,0,0,1,31.301271438598633,3.6504212865745806,0,False
breast_cancer,3,3,57,1,1,0,2.609750747680664,2.127681298841188,0,True
breast_cancer,3,3,58,0,0,1,33.00591278076172,3.3835302903794537,1,True
breast_cancer,3,3,59,1,1,0,25.366424560546875,5.718980873097198,0,True
breast_cancer,3,3,60,0,0,1,0.4366268515586853,9.109575136774216,1,True
breast_cancer,3,3,61,1,1,0,25.99435806274414,4.945048128137772,0,True
breast_cancer,3,3,62,1,1,0,13.009501457214355,3.513959837623408,1,False
breast_cancer,3,3,63,0,0,1,66.10921478271484,6.444547077084695,0,False
breast_cancer,3,3,64,1,1,0,20.479835510253903,4.6921429106784975,0,True
breast_cancer,3,3,65,1,1,0,49.025413513183594,6.722057202101023,1,False
breast_cancer,3,3,66,0,0,1,10.985669136047363,3.324275168127914,1,True
breast_cancer,3,3,67,1,1,0,15.582539558410645,4.619549916435916,0,True
breast_cancer,3,3,68,0,0,1,58.5839729309082,4.737438244739527,0,False
breast_cancer,3,3,69,0,0,1,46.01784133911133,3.88801019074692,0,False
breast_cancer,3,3,70,1,1,0,25.474098205566406,4.9656856984842745,0,True
breast_cancer,3,3,71,0,0,1,80.22023010253906,5.998138977904042,1,True
breast_cancer,3,3,72,0,0,1,70.74555206298828,7.496162043588853,0,False
breast_cancer,3,3,73,1,1,0,21.357267379760746,4.219591553051767,0,True
breast_cancer,3,3,74,1,1,0,0.7804037928581238,4.99484087451497,0,True
breast_cancer,3,3,75,0,0,1,72.31571197509766,4.861059651567408,1,True
breast_cancer,3,3,76,1,1,0,40.96171188354492,5.211941665506564,1,False
breast_cancer,3,3,77,0,0,1,59.33774185180664,4.14484505352448,1,True
breast_cancer,3,3,78,0,0,1,31.983108520507812,4.574582108327404,1,True
breast_cancer,3,3,79,0,0,1,46.850067138671875,5.383772699736466,1,True
breast_cancer,3,3,80,1,1,0,22.679462432861328,2.9735837762693498,0,True
breast_cancer,3,3,81,0,0,1,29.51565170288086,3.6029329653641153,0,False
breast_cancer,3,3,82,1,1,0,53.9649772644043,7.713173252172953,0,True
breast_cancer,3,3,84,1,1,0,14.217223167419434,3.8834395578856986,0,True
breast_cancer,3,3,85,1,1,0,33.71577072143555,4.324395807645892,1,False
breast_cancer,3,3,86,1,1,0,26.61501693725586,4.4975009403916,0,True
breast_cancer,3,3,87,0,0,1,35.042579650878906,3.4224844889780273,1,True
breast_cancer,3,3,88,1,1,0,37.30545425415039,6.256574620429597,0,True
breast_cancer,3,3,89,1,1,0,28.186031341552734,3.903424610429719,1,False
breast_cancer,3,3,90,1,1,0,23.749462127685547,4.533883116692728,0,True
breast_cancer,3,3,91,0,0,1,111.77298736572266,7.913754865648197,0,False
breast_cancer,3,3,92,0,0,1,78.16731262207031,5.195136519065116,1,True
breast_cancer,3,3,93,1,1,0,25.560096740722656,4.569228726391938,0,True
breast_cancer,3,3,94,0,0,1,250.1001434326172,23.304488237634963,1,True
breast_cancer,3,3,95,1,1,0,26.434999465942383,5.219993733222409,0,True
breast_cancer,3,3,96,0,0,1,43.02732849121094,3.603594483075427,1,True
breast_cancer,3,3,97,1,1,0,7.006033420562744,3.277225085119845,0,True
breast_cancer,3,3,98,0,0,1,137.63992309570312,10.120421105689442,0,False
breast_cancer,3,3,99,1,1,0,20.809741973876953,6.341357302128457,0,True
breast_cancer,3,3,100,0,0,1,132.91445922851562,9.561380069990712,0,False
breast_cancer,3,3,101,0,0,1,69.43760681152344,7.184209172064812,1,True
breast_cancer,3,3,102,1,1,0,18.678909301757812,4.9259538250480475,0,True
breast_cancer,3,3,104,1,1,0,13.838428497314451,4.105871224803698,0,True
breast_cancer,3,3,105,1,1,0,47.216922760009766,6.448611726875085,0,True
breast_cancer,3,3,106,1,1,0,5.2436370849609375,4.159588123813362,0,True
breast_cancer,3,3,107,1,1,0,14.351988792419434,4.299314999645494,0,True
breast_cancer,3,3,108,1,1,0,36.02161407470703,6.2918880748158745,0,True
breast_cancer,3,3,109,1,1,0,26.84473419189453,4.5434992380877475,0,True
breast_cancer,3,3,110,1,1,0,36.43286895751953,6.056187960854518,1,False
breast_cancer,3,3,111,0,0,1,113.50944519042967,8.455526393692185,0,False
breast_cancer,3,3,112,1,1,0,34.868553161621094,5.904391916795985,1,False
breast_cancer,3,3,113,1,1,0,28.946292877197266,6.345805427376551,0,True
breast_cancer,3,5,0,1,1,0,13.181878089904783,3.3363477937645896,0,True
breast_cancer,3,5,1,1,1,0,30.92238998413086,5.1328846673635455,0,True
breast_cancer,3,5,2,1,1,0,19.996105194091797,3.663295879130772,0,True
breast_cancer,3,5,3,0,0,1,88.3526382446289,7.7829758472814525,0,False
breast_cancer,3,5,4,1,1,0,14.068821907043455,3.112087713193069,1,False
breast_cancer,3,5,5,1,1,0,36.42888259887695,5.629448571868214,1,False
breast_cancer,3,5,6,0,0,1,183.0392303466797,22.48661698437108,1,True
breast_cancer,3,5,7,1,1,0,47.83833694458008,6.4403809084166035,0,True
breast_cancer,3,5,8,0,0,1,11.045653343200684,2.6784383095240045,1,True
breast_cancer,3,5,9,1,1,0,37.7962760925293,6.546856798447158,0,True
breast_cancer,3,5,10,0,0,1,22.532318115234375,2.4248051243349247,1,True
breast_cancer,3,5,11,1,1,0,35.00015640258789,6.31438560357822,1,False
breast_cancer,3,5,12,1,1,0,29.40578842163086,4.518961378922377,0,True
breast_cancer,3,5,13,1,1,0,22.19205093383789,9.43484828404708,1,False
breast_cancer,3,5,14,1,1,0,23.730226516723633,7.129676544385295,1,False
breast_cancer,3,5,15,1,1,0,31.342510223388672,4.773632138434803,1,False
breast_cancer,3,5,16,1,1,0,55.12215042114258,14.149041884005978,1,False
breast_cancer,3,5,17,1,1,0,28.671165466308594,5.985764155572985,1,False
breast_cancer,3,5,18,1,1,0,34.32979965209961,5.881776807062315,1,False
breast_cancer,3,5,19,0,0,1,19.60738945007324,4.570133639697904,1,True
breast_cancer,3,5,20,1,1,0,23.02812767028809,4.436023835689031,0,True
breast_cancer,3,5,22,0,0,1,147.21817016601562,11.454108998062594,0,False
breast_cancer,3,5,23,0,0,1,69.72059631347656,5.110478868399561,1,True
breast_cancer,3,5,24,1,1,0,26.31521987915039,5.197395011797332,0,True
breast_cancer,3,5,25,1,1,0,22.425548553466797,4.236229021040565,0,True
breast_cancer,3,5,26,1,1,0,23.650562286376953,4.708102135004536,0,True
breast_cancer,3,5,27,0,0,1,38.40517807006836,3.545366772867026,0,False
breast_cancer,3,5,28,1,1,0,15.8040189743042,4.5746823910976735,0,True
breast_cancer,3,5,29,1,1,0,29.339750289916992,4.260388706381779,0,True
breast_cancer,3,5,30,0,0,1,76.36790466308594,5.800514846757825,1,True
breast_cancer,3,5,31,1,1,0,18.272294998168945,4.465877004416937,0,True
breast_cancer,3,5,32,1,1,0,22.426189422607425,4.4249246573146195,0,True
breast_cancer,3,5,33,1,1,0,23.459217071533203,4.453319474006062,0,True
breast_cancer,3,5,34,1,1,0,29.94707298278809,5.56598232364681,0,True
breast_cancer,3,5,35,0,0,1,24.67057228088379,3.6627049887067904,1,True
breast_cancer,3,5,36,1,1,0,23.679777145385746,4.5970905277838305,0,True
breast_cancer,3,5,38,0,0,1,6.812802791595459,2.512852012669423,1,True
breast_cancer,3,5,39,1,1,0,29.43345642089844,3.9198055594796544,1,False
breast_cancer,3,5,40,0,0,1,40.547752380371094,3.1697976571983477,1,True
breast_cancer,3,5,42,1,1,0,19.09239387512207,3.832002420518498,0,True
breast_cancer,3,5,43,1,1,0,14.270710945129396,4.303906870718231,0,True
breast_cancer,3,5,44,1,1,0,42.03993225097656,5.114472641428568,1,False
breast_cancer,3,5,45,0,0,1,60.85495376586914,5.567782534177145,0,False
breast_cancer,3,5,46,1,1,0,11.43004322052002,3.15390022172893,0,True
breast_cancer,3,5,47,1,1,0,18.769725799560547,3.639396519001561,0,True
breast_cancer,3,5,48,0,0,1,163.63648986816406,12.482135558890413,0,False
breast_cancer,3,5,49,0,0,1,60.32974624633789,5.20757757232504,1,True
breast_cancer,3,5,50,0,0,1,78.85022735595703,5.9842080141925305,0,False
breast_cancer,3,5,51,0,0,1,97.62254333496094,6.525387386837981,1,True
breast_cancer,3,5,52,1,1,0,18.974170684814453,5.505141509141479,0,True
breast_cancer,3,5,53,1,1,0,25.119224548339844,6.3181785515803,0,True
breast_cancer,3,5,54,1,1,0,36.383792877197266,4.437553525928625,1,False
breast_cancer,3,5,55,1,1,0,23.026611328125,5.1364607856135525,0,True
breast_cancer,3,5,56,0,0,1,31.301271438598633,3.6504212865745806,0,False
breast_cancer,3,5,57,1,1,0,2.609750747680664,2.127681298841188,0,True
breast_cancer,3,5,58,0,0,1,33.00591278076172,3.3835302903794537,1,True
breast_cancer,3,5,59,1,1,0,25.366424560546875,5.718980873097198,0,True
breast_cancer,3,5,60,0,0,1,0.4366268515586853,9.109575136774216,1,True
breast_cancer,3,5,61,1,1,0,25.99435806274414,4.612752492453033,1,False
breast_cancer,3,5,62,1,1,0,13.009501457214355,3.513959837623408,1,False
breast_cancer,3,5,63,0,0,1,66.10921478271484,6.444547077084695,0,False
breast_cancer,3,5,64,1,1,0,20.479835510253903,4.6921429106784975,0,True
breast_cancer,3,5,65,1,1,0,49.025413513183594,5.188263198710824,1,False
breast_cancer,3,5,66,0,0,1,10.985669136047363,3.324275168127914,1,True
breast_cancer,3,5,67,1,1,0,15.582539558410645,4.619549916435916,0,True
breast_cancer,3,5,68,0,0,1,58.5839729309082,4.737438244739527,0,False
breast_cancer,3,5,69,0,0,1,46.01784133911133,3.88801019074692,0,False
breast_cancer,3,5,70,1,1,0,25.474098205566406,4.9656856984842745,0,True
breast_cancer,3,5,71,0,0,1,80.22023010253906,5.998138977904042,1,True
breast_cancer,3,5,72,0,0,1,70.74555206298828,7.496162043588853,0,False
breast_cancer,3,5,73,1,1,0,21.357267379760746,4.219591553051767,0,True
breast_cancer,3,5,75,0,0,1,72.31571197509766,4.861059651567408,1,True
breast_cancer,3,5,76,1,1,0,40.96171188354492,5.211941665506564,1,False
breast_cancer,3,5,77,0,0,1,59.33774185180664,4.14484505352448,1,True
breast_cancer,3,5,78,0,0,1,31.983108520507812,4.574582108327404,1,True
breast_cancer,3,5,79,0,0,1,46.850067138671875,5.383772699736466,1,True
breast_cancer,3,5,80,1,1,0,22.679462432861328,2.9735837762693498,0,True
breast_cancer,3,5,81,0,0,1,29.51565170288086,3.6029329653641153,0,False
breast_cancer,3,5,82,1,1,0,53.9649772644043,5.646357292358312,1,False
breast_cancer,3,5,84,1,1,0,14.217223167419434,3.8834395578856986,0,True
breast_cancer,3,5,85,1,1,0,33.71577072143555,4.324395807645892,1,False
breast_cancer,3,5,86,1,1,0,26.61501693725586,4.4975009403916,0,True
breast_cancer,3,5,87,0,0,1,35.042579650878906,3.4224844889780273,1,True
breast_cancer,3,5,88,1,1,0,37.30545425415039,6.256574620429597,0,True
breast_cancer,3,5,89,1,1,0,28.186031341552734,3.903424610429719,1,False
breast_cancer,3,5,90,1,1,0,23.749462127685547,4.533883116692728,0,True
breast_cancer,3,5,91,0,0,1,111.77298736572266,7.913754865648197,0,False
breast_cancer,3,5,92,0,0,1,78.16731262207031,5.195136519065116,1,True
breast_cancer,3,5,93,1,1,0,25.560096740722656,4.569228726391938,0,True
breast_cancer,3,5,94,0,0,1,250.1001434326172,23.304488237634963,1,True
breast_cancer,3,5,95,1,1,0,26.434999465942383,5.219993733222409,0,True
breast_cancer,3,5,96,0,0,1,43.02732849121094,3.603594483075427,1,True
breast_cancer,3,5,97,1,1,0,7.006033420562744,3.277225085119845,0,True
breast_cancer,3,5,98,0,0,1,137.63992309570312,10.120421105689442,0,False
breast_cancer,3,5,99,1,1,0,20.809741973876953,6.341357302128457,0,True
breast_cancer,3,5,100,0,0,1,132.91445922851562,9.561380069990712,0,False
breast_cancer,3,5,101,0,0,1,69.43760681152344,7.184209172064812,1,True
breast_cancer,3,5,102,1,1,0,18.678909301757812,4.9259538250480475,0,True
breast_cancer,3,5,103,0,0,1,13.400553703308104,2.487779130871664,1,True
breast_cancer,3,5,104,1,1,0,13.838428497314451,4.105871224803698,0,True
breast_cancer,3,5,105,1,1,0,47.216922760009766,6.448611726875085,0,True
breast_cancer,3,5,106,1,1,0,5.2436370849609375,4.159588123813362,0,True
breast_cancer,3,5,107,1,1,0,14.351988792419434,4.299314999645494,0,True
breast_cancer,3,5,108,1,1,0,36.02161407470703,6.2918880748158745,0,True
breast_cancer,3,5,109,1,1,0,26.84473419189453,4.5434992380877475,0,True
breast_cancer,3,5,110,1,1,0,36.43286895751953,4.237161256020434,1,False
breast_cancer,3,5,111,0,0,1,113.50944519042967,8.455526393692185,0,False
breast_cancer,3,5,112,1,1,0,34.868553161621094,4.136525756624533,1,False
breast_cancer,3,5,113,1,1,0,28.946292877197266,6.345805427376551,0,True
breast_cancer,3,7,0,1,1,0,13.181878089904783,1.8500859901641935,1,False
breast_cancer,3,7,1,1,1,0,30.92238998413086,4.453071125347724,1,False
breast_cancer,3,7,2,1,1,0,19.996105194091797,1.8272030706316416,1,False
breast_cancer,3,7,3,0,0,1,88.3526382446289,7.7829758472814525,0,False
breast_cancer,3,7,4,1,1,0,14.068821907043455,3.112087713193069,1,False
breast_cancer,3,7,5,1,1,0,36.42888259887695,4.853090842566957,1,False
breast_cancer,3,7,6,0,0,1,183.0392303466797,22.48661698437108,1,True
breast_cancer,3,7,7,1,1,0,47.83833694458008,6.4403809084166035,0,True
breast_cancer,3,7,8,0,0,1,11.045653343200684,2.6784383095240045,1,True
breast_cancer,3,7,9,1,1,0,37.7962760925293,5.688471113810902,1,False
breast_cancer,3,7,10,0,0,1,22.532318115234375,2.4248051243349247,1,True
breast_cancer,3,7,11,1,1,0,35.00015640258789,6.128573634946829,1,False
breast_cancer,3,7,12,1,1,0,29.40578842163086,3.0857099905606855,1,False
breast_cancer,3,7,13,1,1,0,22.19205093383789,9.43484828404708,1,False
breast_cancer,3,7,14,1,1,0,23.730226516723633,7.129676544385295,1,False
breast_cancer,3,7,15,1,1,0,31.342510223388672,4.243693816633602,1,False
breast_cancer,3,7,16,1,1,0,55.12215042114258,14.149041884005978,1,False
breast_cancer,3,7,17,1,1,0,28.671165466308594,5.6371446827120595,1,False
breast_cancer,3,7,18,1,1,0,34.32979965209961,5.881776807062315,1,False
breast_cancer,3,7,19,0,0,1,19.60738945007324,4.570133639697904,1,True
breast_cancer,3,7,20,1,1,0,23.02812767028809,3.753597510263308,1,False
breast_cancer,3,7,22,0,0,1,147.21817016601562,11.454108998062594,0,False
breast_cancer,3,7,23,0,0,1,69.72059631347656,5.634163089602825,0,False
breast_cancer,3,7,24,1,1,0,26.31521987915039,4.274808833142979,1,False
breast_cancer,3,7,25,1,1,0,22.425548553466797,3.1767732408233775,1,False
breast_cancer,3,7,26,1,1,0,23.650562286376953,3.662808882303702,1,False
breast_cancer,3,7,27,0,0,1,38.40517807006836,3.545366772867026,0,False
breast_cancer,3,7,28,1,1,0,15.8040189743042,4.5746823910976735,0,True
breast_cancer,3,7,29,1,1,0,29.339750289916992,2.7537661876086976,1,False
breast_cancer,3,7,30,0,0,1,76.36790466308594,5.8787304715288435,0,False
breast_cancer,3,7,31,1,1,0,18.272294998168945,3.6003241489874855,1,False
breast_cancer,3,7,32,1,1,0,22.426189422607425,3.2403932647473987,1,False
breast_cancer,3,7,33,1,1,0,23.459217071533203,4.287100403909518,1,False
breast_cancer,3,7,34,1,1,0,29.94707298278809,4.538929255290952,1,False
breast_cancer,3,7,35,0,0,1,24.67057228088379,3.6627049887067904,1,True
breast_cancer,3,7,36,1,1,0,23.679777145385746,4.495806107836352,1,False
breast_cancer,3,7,38,0,0,1,6.812802791595459,2.797085383428219,1,True
breast_cancer,3,7,39,1,1,0,29.43345642089844,3.9198055594796544,1,False
breast_cancer,3,7,40,0,0,1,40.547752380371094,3.1697976571983477,1,True
breast_cancer,3,7,42,1,1,0,19.09239387512207,2.6416756010556948,1,False
breast_cancer,3,7,43,1,1,0,14.270710945129396,4.303906870718231,0,True
breast_cancer,3,7,44,1,1,0,42.03993225097656,5.114472641428568,1,False
breast_cancer,3,7,45,0,0,1,60.85495376586914,5.567782534177145,0,False
breast_cancer,3,7,46,1,1,0,11.43004322052002,2.208088370946315,1,False
breast_cancer,3,7,47,1,1,0,18.769725799560547,3.639396519001561,0,True
breast_cancer,3,7,48,0,0,1,163.63648986816406,12.482135558890413,0,False
breast_cancer,3,7,49,0,0,1,60.32974624633789,5.20757757232504,1,True
breast_cancer,3,7,50,0,0,1,78.85022735595703,5.9842080141925305,0,False
breast_cancer,3,7,51,0,0,1,97.62254333496094,6.983277137170077,0,False
breast_cancer,3,7,52,1,1,0,18.974170684814453,5.239395265610557,1,False
breast_cancer,3,7,53,1,1,0,25.119224548339844,6.3181785515803,0,True
breast_cancer,3,7,54,1,1,0,36.383792877197266,4.437553525928625,1,False
breast_cancer,3,7,55,1,1,0,23.026611328125,4.282881935482754,1,False
breast_cancer,3,7,56,0,0,1,31.301271438598633,3.6504212865745806,0,False
breast_cancer,3,7,57,1,1,0,2.609750747680664,2.127681298841188,0,True
breast_cancer,3,7,58,0,0,1,33.00591278076172,3.4282713754411342,1,True
breast_cancer,3,7,59,1,1,0,25.366424560546875,5.2623324521412815,1,False
breast_cancer,3,7,60,0,0,1,0.4366268515586853,9.109575136774216,1,True
breast_cancer,3,7,61,1,1,0,25.99435806274414,3.9762893357093336,1,False
breast_cancer,3,7,62,1,1,0,13.009501457214355,2.247970553210631,1,False
breast_cancer,3,7,63,0,0,1,66.10921478271484,6.444547077084695,0,False
breast_cancer,3,7,64,1,1,0,20.479835510253903,3.9346351830725497,1,False
breast_cancer,3,7,65,1,1,0,49.025413513183594,5.188263198710824,1,False
breast_cancer,3,7,66,0,0,1,10.985669136047363,3.324275168127914,1,True
breast_cancer,3,7,67,1,1,0,15.582539558410645,4.608436905213759,1,False
breast_cancer,3,7,68,0,0,1,58.5839729309082,4.737438244739527,0,False
breast_cancer,3,7,69,0,0,1,46.01784133911133,3.88801019074692,0,False
breast_cancer,3,7,70,1,1,0,25.474098205566406,3.831280024672339,1,False
breast_cancer,3,7,71,0,0,1,80.22023010253906,6.415326928718224,0,False
breast_cancer,3,7,72,0,0,1,70.74555206298828,7.496162043588853,0,False
breast_cancer,3,7,73,1,1,0,21.357267379760746,2.9650433786143235,1,False
breast_cancer,3,7,75,0,0,1,72.31571197509766,5.36393132883537,0,False
breast_cancer,3,7,76,1,1,0,40.96171188354492,5.211941665506564,1,False
breast_cancer,3,7,77,0,0,1,59.33774185180664,4.6336657693802525,0,False
breast_cancer,3,7,78,0,0,1,31.983108520507812,4.574582108327404,1,True
breast_cancer,3,7,79,0,0,1,46.850067138671875,5.383772699736466,1,True
breast_cancer,3,7,80,1,1,0,22.679462432861328,2.2527826715664374,1,False
breast_cancer,3,7,81,0,0,1,29.51565170288086,3.6029329653641153,0,False
breast_cancer,3,7,82,1,1,0,53.9649772644043,5.646357292358312,1,False
breast_cancer,3,7,84,1,1,0,14.217223167419434,3.607028744025177,1,False
breast_cancer,3,7,85,1,1,0,33.71577072143555,3.47563166994724,1,False
breast_cancer,3,7,86,1,1,0,26.61501693725586,3.471739761140614,1,False
breast_cancer,3,7,87,0,0,1,35.042579650878906,3.4224844889780273,1,True
breast_cancer,3,7,88,1,1,0,37.30545425415039,6.256574620429597,0,True
breast_cancer,3,7,89,1,1,0,28.186031341552734,3.159524930556586,1,False
breast_cancer,3,7,90,1,1,0,23.749462127685547,4.533883116692728,0,True
breast_cancer,3,7,91,0,0,1,111.77298736572266,7.913754865648197,0,False
breast_cancer,3,7,92,0,0,1,78.16731262207031,6.207212433176399,1,True
breast_cancer,3,7,93,1,1,0,25.560096740722656,3.241991136839873,1,False
breast_cancer,3,7,94,0,0,1,250.1001434326172,23.304488237634963,1,True
breast_cancer,3,7,95,1,1,0,26.434999465942383,4.191842135311456,1,False
breast_cancer,3,7,96,0,0,1,43.02732849121094,3.836914047799729,1,True
breast_cancer,3,7,97,1,1,0,7.006033420562744,2.6378366675978624,1,False
breast_cancer,3,7,98,0,0,1,137.63992309570312,10.120421105689442,0,False
breast_cancer,3,7,99,1,1,0,20.809741973876953,6.134555087174951,1,False
breast_cancer,3,7,100,0,0,1,132.91445922851562,9.561380069990712,0,False
breast_cancer,3,7,101,0,0,1,69.43760681152344,7.349877915587703,0,False
breast_cancer,3,7,102,1,1,0,18.678909301757812,4.57848320796735,1,False
breast_cancer,3,7,104,1,1,0,13.838428497314451,3.611861158217063,1,False
breast_cancer,3,7,105,1,1,0,47.216922760009766,5.022570336075214,1,False
breast_cancer,3,7,106,1,1,0,5.2436370849609375,4.072334274828754,1,False
breast_cancer,3,7,107,1,1,0,14.351988792419434,4.278966906756693,1,False
breast_cancer,3,7,108,1,1,0,36.02161407470703,5.416929712438135,1,False
breast_cancer,3,7,109,1,1,0,26.84473419189453,3.75601939068576,1,False
breast_cancer,3,7,110,1,1,0,36.43286895751953,4.237161256020434,1,False
breast_cancer,3,7,111,0,0,1,113.50944519042967,8.455526393692185,0,False
breast_cancer,3,7,112,1,1,0,34.868553161621094,4.136525756624533,1,False
breast_cancer,3,7,113,1,1,0,28.946292877197266,6.345805427376551,0,True
breast_cancer,3,10,0,1,1,0,13.181878089904783,1.8500859901641935,1,False
breast_cancer,3,10,1,1,1,0,30.92238998413086,4.453071125347724,1,False
breast_cancer,3,10,2,1,1,0,19.996105194091797,1.8272030706316416,1,False
breast_cancer,3,10,3,0,0,1,88.3526382446289,7.7829758472814525,0,False
breast_cancer,3,10,4,1,1,0,14.068821907043455,3.112087713193069,1,False
breast_cancer,3,10,5,1,1,0,36.42888259887695,4.853090842566957,1,False
breast_cancer,3,10,6,0,0,1,183.0392303466797,22.48661698437108,1,True
breast_cancer,3,10,7,1,1,0,47.83833694458008,6.4403809084166035,0,True
breast_cancer,3,10,8,0,0,1,11.045653343200684,2.6784383095240045,1,True
breast_cancer,3,10,9,1,1,0,37.7962760925293,5.688471113810902,1,False
breast_cancer,3,10,10,0,0,1,22.532318115234375,2.4248051243349247,1,True
breast_cancer,3,10,11,1,1,0,35.00015640258789,6.128573634946829,1,False
breast_cancer,3,10,12,1,1,0,29.40578842163086,3.0857099905606855,1,False
breast_cancer,3,10,13,1,1,0,22.19205093383789,9.43484828404708,1,False
breast_cancer,3,10,14,1,1,0,23.730226516723633,7.129676544385295,1,False
breast_cancer,3,10,15,1,1,0,31.342510223388672,4.243693816633602,1,False
breast_cancer,3,10,16,1,1,0,55.12215042114258,14.149041884005978,1,False
breast_cancer,3,10,17,1,1,0,28.671165466308594,5.6371446827120595,1,False
breast_cancer,3,10,18,1,1,0,34.32979965209961,5.881776807062315,1,False
breast_cancer,3,10,19,0,0,1,19.60738945007324,4.570133639697904,1,True
breast_cancer,3,10,20,1,1,0,23.02812767028809,3.753597510263308,1,False
breast_cancer,3,10,22,0,0,1,147.21817016601562,11.454108998062594,0,False
breast_cancer,3,10,23,0,0,1,69.72059631347656,5.634163089602825,0,False
breast_cancer,3,10,24,1,1,0,26.31521987915039,4.274808833142979,1,False
breast_cancer,3,10,25,1,1,0,22.425548553466797,3.1767732408233775,1,False
breast_cancer,3,10,26,1,1,0,23.650562286376953,3.662808882303702,1,False
breast_cancer,3,10,27,0,0,1,38.40517807006836,3.545366772867026,0,False
breast_cancer,3,10,28,1,1,0,15.8040189743042,4.5746823910976735,0,True
breast_cancer,3,10,29,1,1,0,29.339750289916992,2.7537661876086976,1,False
breast_cancer,3,10,30,0,0,1,76.36790466308594,5.8787304715288435,0,False
breast_cancer,3,10,31,1,1,0,18.272294998168945,3.6003241489874855,1,False
breast_cancer,3,10,32,1,1,0,22.426189422607425,3.2403932647473987,1,False
breast_cancer,3,10,33,1,1,0,23.459217071533203,4.287100403909518,1,False
breast_cancer,3,10,34,1,1,0,29.94707298278809,4.538929255290952,1,False
breast_cancer,3,10,35,0,0,1,24.67057228088379,3.6627049887067904,1,True
breast_cancer,3,10,36,1,1,0,23.679777145385746,4.495806107836352,1,False
breast_cancer,3,10,38,0,0,1,6.812802791595459,2.797085383428219,1,True
breast_cancer,3,10,39,1,1,0,29.43345642089844,3.9198055594796544,1,False
breast_cancer,3,10,40,0,0,1,40.547752380371094,3.1697976571983477,1,True
breast_cancer,3,10,42,1,1,0,19.09239387512207,2.6416756010556948,1,False
breast_cancer,3,10,43,1,1,0,14.270710945129396,4.303906870718231,0,True
breast_cancer,3,10,44,1,1,0,42.03993225097656,5.114472641428568,1,False
breast_cancer,3,10,45,0,0,1,60.85495376586914,5.567782534177145,0,False
breast_cancer,3,10,46,1,1,0,11.43004322052002,2.208088370946315,1,False
breast_cancer,3,10,47,1,1,0,18.769725799560547,3.639396519001561,0,True
breast_cancer,3,10,48,0,0,1,163.63648986816406,12.482135558890413,0,False
breast_cancer,3,10,49,0,0,1,60.32974624633789,5.20757757232504,1,True
breast_cancer,3,10,50,0,0,1,78.85022735595703,5.9842080141925305,0,False
breast_cancer,3,10,51,0,0,1,97.62254333496094,6.983277137170077,0,False
breast_cancer,3,10,52,1,1,0,18.974170684814453,5.239395265610557,1,False
breast_cancer,3,10,53,1,1,0,25.119224548339844,6.3181785515803,0,True
breast_cancer,3,10,54,1,1,0,36.383792877197266,4.437553525928625,1,False
breast_cancer,3,10,55,1,1,0,23.026611328125,4.282881935482754,1,False
breast_cancer,3,10,56,0,0,1,31.301271438598633,3.6504212865745806,0,False
breast_cancer,3,10,57,1,1,0,2.609750747680664,2.127681298841188,0,True
breast_cancer,3,10,58,0,0,1,33.00591278076172,3.4282713754411342,1,True
breast_cancer,3,10,59,1,1,0,25.366424560546875,5.2623324521412815,1,False
breast_cancer,3,10,60,0,0,1,0.4366268515586853,9.109575136774216,1,True
breast_cancer,3,10,61,1,1,0,25.99435806274414,3.9762893357093336,1,False
breast_cancer,3,10,62,1,1,0,13.009501457214355,2.247970553210631,1,False
breast_cancer,3,10,63,0,0,1,66.10921478271484,6.444547077084695,0,False
breast_cancer,3,10,64,1,1,0,20.479835510253903,3.9346351830725497,1,False
breast_cancer,3,10,65,1,1,0,49.025413513183594,5.188263198710824,1,False
breast_cancer,3,10,66,0,0,1,10.985669136047363,3.324275168127914,1,True
breast_cancer,3,10,67,1,1,0,15.582539558410645,4.608436905213759,1,False
breast_cancer,3,10,68,0,0,1,58.5839729309082,4.737438244739527,0,False
breast_cancer,3,10,69,0,0,1,46.01784133911133,3.88801019074692,0,False
breast_cancer,3,10,70,1,1,0,25.474098205566406,3.831280024672339,1,False
breast_cancer,3,10,71,0,0,1,80.22023010253906,6.415326928718224,0,False
breast_cancer,3,10,72,0,0,1,70.74555206298828,7.496162043588853,0,False
breast_cancer,3,10,73,1,1,0,21.357267379760746,2.9650433786143235,1,False
breast_cancer,3,10,75,0,0,1,72.31571197509766,5.36393132883537,0,False
breast_cancer,3,10,76,1,1,0,40.96171188354492,5.211941665506564,1,False
breast_cancer,3,10,77,0,0,1,59.33774185180664,4.6336657693802525,0,False
breast_cancer,3,10,78,0,0,1,31.983108520507812,4.574582108327404,1,True
breast_cancer,3,10,79,0,0,1,46.850067138671875,5.383772699736466,1,True
breast_cancer,3,10,80,1,1,0,22.679462432861328,2.2527826715664374,1,False
breast_cancer,3,10,81,0,0,1,29.51565170288086,3.6029329653641153,0,False
breast_cancer,3,10,82,1,1,0,53.9649772644043,5.646357292358312,1,False
breast_cancer,3,10,84,1,1,0,14.217223167419434,3.607028744025177,1,False
breast_cancer,3,10,85,1,1,0,33.71577072143555,3.47563166994724,1,False
breast_cancer,3,10,86,1,1,0,26.61501693725586,3.471739761140614,1,False
breast_cancer,3,10,87,0,0,1,35.042579650878906,3.4224844889780273,1,True
breast_cancer,3,10,88,1,1,0,37.30545425415039,6.256574620429597,0,True
breast_cancer,3,10,89,1,1,0,28.186031341552734,3.159524930556586,1,False
breast_cancer,3,10,90,1,1,0,23.749462127685547,4.533883116692728,0,True
breast_cancer,3,10,91,0,0,1,111.77298736572266,7.913754865648197,0,False
breast_cancer,3,10,92,0,0,1,78.16731262207031,6.207212433176399,1,True
breast_cancer,3,10,93,1,1,0,25.560096740722656,3.241991136839873,1,False
breast_cancer,3,10,94,0,0,1,250.1001434326172,23.304488237634963,1,True
breast_cancer,3,10,95,1,1,0,26.434999465942383,4.191842135311456,1,False
breast_cancer,3,10,96,0,0,1,43.02732849121094,3.836914047799729,1,True
breast_cancer,3,10,97,1,1,0,7.006033420562744,2.6378366675978624,1,False
breast_cancer,3,10,98,0,0,1,137.63992309570312,10.120421105689442,0,False
breast_cancer,3,10,99,1,1,0,20.809741973876953,6.134555087174951,1,False
breast_cancer,3,10,100,0,0,1,132.91445922851562,9.561380069990712,0,False
breast_cancer,3,10,101,0,0,1,69.43760681152344,7.349877915587703,0,False
breast_cancer,3,10,102,1,1,0,18.678909301757812,4.57848320796735,1,False
breast_cancer,3,10,104,1,1,0,13.838428497314451,3.611861158217063,1,False
breast_cancer,3,10,105,1,1,0,47.216922760009766,5.022570336075214,1,False
breast_cancer,3,10,106,1,1,0,5.2436370849609375,4.072334274828754,1,False
breast_cancer,3,10,107,1,1,0,14.351988792419434,4.278966906756693,1,False
breast_cancer,3,10,108,1,1,0,36.02161407470703,5.416929712438135,1,False
breast_cancer,3,10,109,1,1,0,26.84473419189453,3.75601939068576,1,False
breast_cancer,3,10,110,1,1,0,36.43286895751953,4.237161256020434,1,False
breast_cancer,3,10,111,0,0,1,113.50944519042967,8.455526393692185,0,False
breast_cancer,3,10,112,1,1,0,34.868553161621094,4.136525756624533,1,False
breast_cancer,3,10,113,1,1,0,28.946292877197266,6.345805427376551,0,True
breast_cancer,4,2,0,1,1,0,49.03390884399414,4.20281187885893,1,False
breast_cancer,4,2,1,1,1,0,42.82744216918945,5.692659499760194,0,True
breast_cancer,4,2,2,1,1,0,29.58720016479492,3.734992226584208,1,False
breast_cancer,4,2,3,1,1,0,40.04334259033203,4.427060242022215,0,True
breast_cancer,4,2,5,1,1,0,68.50244140625,5.980602501555043,1,False
breast_cancer,4,2,6,0,0,1,18.4089412689209,2.352073280610729,1,True
breast_cancer,4,2,7,1,1,0,48.76274108886719,3.8096375457948928,1,False
breast_cancer,4,2,8,0,0,1,62.78285598754883,7.207222842421573,1,True
breast_cancer,4,2,9,1,1,0,17.595836639404297,2.1956245514819184,1,False
breast_cancer,4,2,10,0,0,1,67.2777099609375,7.480723854309638,1,True
breast_cancer,4,2,11,1,1,0,34.33711242675781,3.2538318559646076,1,False
breast_cancer,4,2,14,0,0,1,113.62971496582033,11.149911612568816,1,True
breast_cancer,4,2,15,1,1,0,22.582548141479492,3.199007971136641,1,False
breast_cancer,4,2,16,1,1,0,22.70981788635254,3.1611890747721136,1,False
breast_cancer,4,2,17,0,0,1,49.14866256713867,5.596814118217045,1,True
breast_cancer,4,2,18,1,1,0,26.68366050720215,4.991617284991374,1,False
breast_cancer,4,2,19,1,1,0,13.371726036071776,3.3876873221228787,0,True
breast_cancer,4,2,20,1,1,0,24.779544830322266,4.211616014517529,1,False
breast_cancer,4,2,21,0,0,1,31.660459518432617,7.2712223867624255,0,False
breast_cancer,4,2,22,0,0,1,28.96192741394043,3.744619252552424,1,True
breast_cancer,4,2,23,1,1,0,62.62211608886719,4.568662550030322,1,False
breast_cancer,4,2,24,1,1,0,46.00040054321289,4.228376477438826,0,True
breast_cancer,4,2,25,0,0,1,36.711212158203125,5.026505681302618,1,True
breast_cancer,4,2,26,1,1,0,37.47215270996094,3.431763246410374,1,False
breast_cancer,4,2,27,1,1,0,34.04532241821289,3.0034698432465503,0,True
breast_cancer,4,2,28,0,0,1,38.82575988769531,5.550461308524825,1,True
breast_cancer,4,2,29,0,0,1,35.47052764892578,4.295017617248445,1,True
breast_cancer,4,2,30,0,0,1,9.536383628845217,2.8734499263933353,1,True
breast_cancer,4,2,31,1,1,0,24.85258674621582,2.5915101848594415,1,False
breast_cancer,4,2,32,0,0,1,56.330928802490234,5.455170529127812,1,True
breast_cancer,4,2,33,1,1,0,35.91069030761719,3.906866380303138,1,False
breast_cancer,4,2,34,0,0,1,0.5981904864311218,2.316933421703426,1,True
breast_cancer,4,2,35,1,1,0,37.03504180908203,3.151189812314798,1,False
breast_cancer,4,2,36,0,0,1,42.997066497802734,11.753665101701214,1,True
breast_cancer,4,2,39,0,0,1,46.12076568603515,4.742712372804304,1,True
breast_cancer,4,2,40,1,1,0,70.48103332519531,6.877885610743933,0,True
breast_cancer,4,2,41,1,1,0,46.60025787353515,4.291813404513117,1,False
breast_cancer,4,2,42,0,0,1,58.343963623046875,5.440341495911453,0,False
breast_cancer,4,2,43,0,0,1,33.66262435913086,5.198384021183212,1,True
breast_cancer,4,2,44,1,1,0,44.54126739501953,4.374323532461445,1,False
breast_cancer,4,2,45,0,0,1,58.14485549926758,5.915217591803219,0,False
breast_cancer,4,2,46,1,1,0,29.31000709533691,3.0190469809170115,1,False
breast_cancer,4,2,47,1,1,0,36.512325286865234,3.5110664489837307,1,False
breast_cancer,4,2,48,0,0,1,53.26271438598633,5.429837684857249,1,True
breast_cancer,4,2,49,1,1,0,36.08635711669922,5.199764494612042,1,False
breast_cancer,4,2,51,1,1,0,46.27421569824219,3.669697590607999,1,False
breast_cancer,4,2,52,0,0,1,71.73450469970703,7.383571469625324,1,True
breast_cancer,4,2,53,0,0,1,92.82136535644533,9.220683388872567,1,True
breast_cancer,4,2,54,1,1,0,35.027183532714844,2.9017640437721637,1,False
breast_cancer,4,2,55,1,1,0,44.53683090209961,3.383686738539837,1,False
breast_cancer,4,2,56,0,0,1,78.34454345703125,7.755129974154769,1,True
breast_cancer,4,2,57,1,1,0,84.40677642822266,7.99393106978945,1,False
breast_cancer,4,2,58,1,1,0,32.28899383544922,3.389765354469962,1,False
breast_cancer,4,2,59,1,1,0,63.82317352294922,9.041684311064673,0,True
breast_cancer,4,2,60,0,0,1,27.947813034057617,5.0101517217089695,1,True
breast_cancer,4,2,61,1,1,0,40.94453048706055,2.319487707675959,1,False
breast_cancer,4,2,62,1,1,0,48.33588409423828,3.760590288552173,1,False
breast_cancer,4,2,63,1,1,0,20.92093086242676,2.72326832918623,0,True
breast_cancer,4,2,64,0,0,1,43.517578125,4.348529927214514,1,True
breast_cancer,4,2,65,1,1,0,67.40652465820312,5.77131535676006,1,False
breast_cancer,4,2,66,0,0,1,79.81198120117188,8.795492690417639,1,True
breast_cancer,4,2,67,1,1,0,54.91040802001953,5.241348982060624,1,False
breast_cancer,4,2,68,1,1,0,28.92698860168457,3.713026068531744,1,False
breast_cancer,4,2,69,1,1,0,31.4365234375,4.765075205181977,0,True
breast_cancer,4,2,70,1,1,0,27.19517707824707,4.145125195294321,0,True
breast_cancer,4,2,71,1,1,0,40.22193908691406,2.8058014321265348,1,False
breast_cancer,4,2,72,1,1,0,35.668663024902344,4.651443555298108,1,False
breast_cancer,4,2,73,0,0,1,32.92402648925781,3.9975103871155846,0,False
breast_cancer,4,2,74,0,0,1,34.78025817871094,4.663079275361878,1,True
breast_cancer,4,2,75,1,1,0,36.564170837402344,3.6312543366414585,1,False
breast_cancer,4,2,76,0,0,1,54.66925811767578,5.1413015008809335,1,True
breast_cancer,4,2,77,1,1,0,58.59575653076172,5.755832045539226,1,False
breast_cancer,4,2,78,0,0,1,64.7660140991211,5.9491907764356275,1,True
breast_cancer,4,2,79,1,1,0,6.39316987991333,3.8328736638703726,0,True
breast_cancer,4,2,80,1,1,0,45.0828971862793,3.469654225245893,1,False
breast_cancer,4,2,81,1,1,0,35.717803955078125,4.542464594181138,1,False
breast_cancer,4,2,82,1,1,0,59.84331130981445,4.967430746516764,1,False
breast_cancer,4,2,83,0,0,1,30.24715232849121,3.59769977333893,1,True
breast_cancer,4,2,85,1,1,0,50.27971649169922,4.079122089310294,1,False
breast_cancer,4,2,86,1,1,0,56.46275329589844,5.123197931182137,1,False
breast_cancer,4,2,87,1,1,0,73.49517059326172,6.0745518015860664,1,False
breast_cancer,4,2,88,0,0,1,56.14617156982422,5.52406283966318,0,False
breast_cancer,4,2,89,1,1,0,26.30403709411621,4.043317393842781,1,False
breast_cancer,4,2,90,0,0,1,43.82018280029297,4.452389277385548,1,True
breast_cancer,4,2,91,1,1,0,54.021087646484375,5.063722283105106,1,False
breast_cancer,4,2,92,1,1,0,39.742095947265625,2.9714651746726473,1,False
breast_cancer,4,2,93,1,1,0,48.483116149902344,4.320505323919369,1,False
breast_cancer,4,2,94,0,0,1,13.219698905944824,4.2870802389510345,0,False
breast_cancer,4,2,95,0,0,1,38.144554138183594,5.627582261528077,1,True
breast_cancer,4,2,96,1,1,0,40.02686309814453,4.548109626628382,0,True
breast_cancer,4,2,97,1,1,0,33.37556076049805,4.3761779267315095,1,False
breast_cancer,4,2,98,1,1,0,37.1968879699707,3.7039306649878303,1,False
breast_cancer,4,2,99,0,0,1,63.49275207519531,6.4558011387097,1,True
breast_cancer,4,2,100,1,1,0,63.606109619140625,4.8362418287781255,1,False
breast_cancer,4,2,102,1,1,0,39.66578674316406,6.117428772838971,1,False
breast_cancer,4,2,103,0,0,1,25.477609634399418,4.1840345894486966,1,True
breast_cancer,4,2,104,1,1,0,53.71748352050781,3.839328420778728,1,False
breast_cancer,4,2,105,1,1,0,56.36507415771485,5.245386660172906,1,False
breast_cancer,4,2,106,1,1,0,65.51229858398438,6.8030611312415825,1,False
breast_cancer,4,2,107,0,0,1,48.21742248535156,5.1194520707364495,0,False
breast_cancer,4,2,108,1,1,0,24.133283615112305,2.61963797638266,0,True
breast_cancer,4,2,109,1,1,0,64.29762268066406,5.325293109753242,1,False
breast_cancer,4,2,110,0,0,1,40.93144226074219,6.065276479829312,1,True
breast_cancer,4,2,111,0,0,1,41.00457000732422,5.286092283031544,0,False
breast_cancer,4,2,112,1,1,0,52.694583892822266,4.1659761265015725,1,False
breast_cancer,4,2,113,1,1,0,60.75271987915039,4.550479421012241,1,False
breast_cancer,4,3,0,1,1,0,49.03390884399414,3.002745154330793,1,False
breast_cancer,4,3,1,1,1,0,42.82744216918945,5.692659499760194,0,True
breast_cancer,4,3,2,1,1,0,29.58720016479492,2.808991222746703,1,False
breast_cancer,4,3,3,1,1,0,40.04334259033203,4.427060242022215,0,True
breast_cancer,4,3,4,1,1,0,17.589101791381836,3.087175929435895,1,False
breast_cancer,4,3,5,1,1,0,68.50244140625,5.912093287060204,1,False
breast_cancer,4,3,6,0,0,1,18.4089412689209,2.352073280610729,1,True
breast_cancer,4,3,7,1,1,0,48.76274108886719,4.219664266801371,1,False
breast_cancer,4,3,8,0,0,1,62.78285598754883,7.207222842421573,1,True
breast_cancer,4,3,9,1,1,0,17.595836639404297,2.1956245514819184,1,False
breast_cancer,4,3,10,0,0,1,67.2777099609375,4.989632737058677,0,False
breast_cancer,4,3,11,1,1,0,34.33711242675781,3.2538318559646076,1,False
breast_cancer,4,3,14,0,0,1,113.62971496582033,10.79771025775122,0,False
breast_cancer,4,3,15,1,1,0,22.582548141479492,3.331973563475659,0,True
breast_cancer,4,3,16,1,1,0,22.70981788635254,3.1611890747721136,1,False
breast_cancer,4,3,17,0,0,1,49.14866256713867,5.596814118217045,1,True
breast_cancer,4,3,18,1,1,0,26.68366050720215,4.991617284991374,1,False
breast_cancer,4,3,19,1,1,0,13.371726036071776,3.3876873221228787,0,True
breast_cancer,4,3,20,1,1,0,24.779544830322266,4.211616014517529,1,False
breast_cancer,4,3,21,0,0,1,31.660459518432617,7.2712223867624255,0,False
breast_cancer,4,3,22,0,0,1,28.96192741394043,3.744619252552424,1,True
breast_cancer,4,3,23,1,1,0,62.62211608886719,3.7139154734049455,1,False
breast_cancer,4,3,24,1,1,0,46.00040054321289,4.228376477438826,0,True
breast_cancer,4,3,25,0,0,1,36.711212158203125,5.026505681302618,1,True
breast_cancer,4,3,26,1,1,0,37.47215270996094,2.6904427030938236,1,False
breast_cancer,4,3,27,1,1,0,34.04532241821289,3.0034698432465503,0,True
breast_cancer,4,3,28,0,0,1,38.82575988769531,5.254763960298494,0,False
breast_cancer,4,3,29,0,0,1,35.47052764892578,4.295017617248445,1,True
breast_cancer,4,3,30,0,0,1,9.536383628845217,2.8734499263933353,1,True
breast_cancer,4,3,31,1,1,0,24.85258674621582,2.5915101848594415,1,False
breast_cancer,4,3,32,0,0,1,56.330928802490234,5.455170529127812,1,True
breast_cancer,4,3,33,1,1,0,35.91069030761719,3.906866380303138,1,False
breast_cancer,4,3,34,0,0,1,0.5981904864311218,2.316933421703426,1,True
breast_cancer,4,3,35,1,1,0,37.03504180908203,3.0807500250916413,1,False
breast_cancer,4,3,36,0,0,1,42.997066497802734,10.65408245586944,0,False
breast_cancer,4,3,37,1,1,0,25.631032943725582,2.063293134855769,1,False
breast_cancer,4,3,39,0,0,1,46.12076568603515,4.742712372804304,1,True
breast_cancer,4,3,40,1,1,0,70.48103332519531,6.877885610743933,0,True
breast_cancer,4,3,41,1,1,0,46.60025787353515,3.7598390458343607,1,False
breast_cancer,4,3,42,0,0,1,58.343963623046875,5.440341495911453,0,False
breast_cancer,4,3,43,0,0,1,33.66262435913086,5.198384021183212,1,True
breast_cancer,4,3,44,1,1,0,44.54126739501953,4.374323532461445,1,False
breast_cancer,4,3,45,0,0,1,58.14485549926758,5.915217591803219,0,False
breast_cancer,4,3,46,1,1,0,29.31000709533691,3.0190469809170115,1,False
breast_cancer,4,3,47,1,1,0,36.512325286865234,2.44817570237863,1,False
breast_cancer,4,3,48,0,0,1,53.26271438598633,5.429837684857249,1,True
breast_cancer,4,3,49,1,1,0,36.08635711669922,5.199764494612042,1,False
breast_cancer,4,3,50,1,1,0,12.33396339416504,3.5920844470267395,0,True
breast_cancer,4,3,51,1,1,0,46.27421569824219,2.687418077062675,1,False
breast_cancer,4,3,52,0,0,1,71.73450469970703,7.383571469625324,1,True
breast_cancer,4,3,53,0,0,1,92.82136535644533,9.220683388872567,1,True
breast_cancer,4,3,54,1,1,0,35.027183532714844,2.9017640437721637,1,False
breast_cancer,4,3,55,1,1,0,44.53683090209961,3.3835323243580664,1,False
breast_cancer,4,3,56,0,0,1,78.34454345703125,7.755129974154769,1,True
breast_cancer,4,3,57,1,1,0,84.40677642822266,9.072039136754956,1,False
breast_cancer,4,3,58,1,1,0,32.28899383544922,2.636715269257005,1,False
breast_cancer,4,3,59,1,1,0,63.82317352294922,9.041684311064673,0,True
breast_cancer,4,3,60,0,0,1,27.947813034057617,3.7050587891003146,0,False
breast_cancer,4,3,61,1,1,0,40.94453048706055,1.855957031613583,1,False
breast_cancer,4,3,62,1,1,0,48.33588409423828,3.254784826685843,1,False
breast_cancer,4,3,63,1,1,0,20.92093086242676,2.72326832918623,0,True
breast_cancer,4,3,64,0,0,1,43.517578125,4.348529927214514,1,True
breast_cancer,4,3,65,1,1,0,67.40652465820312,3.5967201563982147,1,False
breast_cancer,4,3,66,0,0,1,79.81198120117188,8.795492690417639,1,True
breast_cancer,4,3,67,1,1,0,54.91040802001953,5.241348982060624,1,False
breast_cancer,4,3,68,1,1,0,28.92698860168457,3.713026068531744,1,False
breast_cancer,4,3,69,1,1,0,31.4365234375,4.765075205181977,0,True
breast_cancer,4,3,70,1,1,0,27.19517707824707,4.145125195294321,0,True
breast_cancer,4,3,71,1,1,0,40.22193908691406,2.8058014321265348,1,False
breast_cancer,4,3,72,1,1,0,35.668663024902344,5.376591100259051,1,False
breast_cancer,4,3,73,0,0,1,32.92402648925781,3.9975103871155846,0,False
breast_cancer,4,3,74,0,0,1,34.78025817871094,4.663079275361878,1,True
breast_cancer,4,3,75,1,1,0,36.564170837402344,3.6312543366414585,1,False
breast_cancer,4,3,76,0,0,1,54.66925811767578,5.1413015008809335,1,True
breast_cancer,4,3,77,1,1,0,58.59575653076172,5.524350212753689,1,False
breast_cancer,4,3,78,0,0,1,64.7660140991211,5.9491907764356275,1,True
breast_cancer,4,3,79,1,1,0,6.39316987991333,3.8328736638703726,0,True
breast_cancer,4,3,80,1,1,0,45.0828971862793,3.469654225245893,1,False
breast_cancer,4,3,81,1,1,0,35.717803955078125,3.0655156834715416,1,False
breast_cancer,4,3,82,1,1,0,59.84331130981445,4.7708328549684165,1,False
breast_cancer,4,3,83,0,0,1,30.24715232849121,3.59769977333893,1,True
breast_cancer,4,3,85,1,1,0,50.27971649169922,2.2453188350612425,1,False
breast_cancer,4,3,86,1,1,0,56.46275329589844,2.84871265774619,1,False
breast_cancer,4,3,87,1,1,0,73.49517059326172,6.0745518015860664,1,False
breast_cancer,4,3,88,0,0,1,56.14617156982422,5.52406283966318,0,False
breast_cancer,4,3,89,1,1,0,26.30403709411621,4.043317393842781,1,False
breast_cancer,4,3,90,0,0,1,43.82018280029297,4.452389277385548,1,True
breast_cancer,4,3,91,1,1,0,54.021087646484375,3.0211687720428477,1,False
breast_cancer,4,3,92,1,1,0,39.742095947265625,2.7648919040412605,1,False
breast_cancer,4,3,93,1,1,0,48.483116149902344,4.320505323919369,1,False
breast_cancer,4,3,94,0,0,1,13.219698905944824,4.2870802389510345,0,False
breast_cancer,4,3,95,0,0,1,38.144554138183594,4.583834063817873,0,False
breast_cancer,4,3,96,1,1,0,40.02686309814453,4.548109626628382,0,True
breast_cancer,4,3,97,1,1,0,33.37556076049805,4.3761779267315095,1,False
breast_cancer,4,3,98,1,1,0,37.1968879699707,2.875905132345035,1,False
breast_cancer,4,3,99,0,0,1,63.49275207519531,6.4558011387097,1,True
breast_cancer,4,3,100,1,1,0,63.606109619140625,2.865016093572776,1,False
breast_cancer,4,3,101,1,1,0,18.789613723754883,2.022396198897767,1,False
breast_cancer,4,3,102,1,1,0,39.66578674316406,6.117428772838971,1,False
breast_cancer,4,3,103,0,0,1,25.477609634399418,4.1840345894486966,1,True
breast_cancer,4,3,104,1,1,0,53.71748352050781,2.9952140601713855,1,False
breast_cancer,4,3,105,1,1,0,56.36507415771485,3.3041676224146337,1,False
breast_cancer,4,3,106,1,1,0,65.51229858398438,6.8030611312415825,1,False
breast_cancer,4,3,107,0,0,1,48.21742248535156,5.1194520707364495,0,False
breast_cancer,4,3,108,1,1,0,24.133283615112305,2.61963797638266,0,True
breast_cancer,4,3,109,1,1,0,64.29762268066406,4.114064966471533,1,False
breast_cancer,4,3,110,0,0,1,40.93144226074219,5.4725716108989,0,False
breast_cancer,4,3,111,0,0,1,41.00457000732422,5.286092283031544,0,False
breast_cancer,4,3,112,1,1,0,52.694583892822266,2.077481435632941,1,False
breast_cancer,4,3,113,1,1,0,60.75271987915039,4.01428024656484,1,False
breast_cancer,4,5,0,1,1,0,49.03390884399414,3.002745154330793,1,False
breast_cancer,4,5,1,1,1,0,42.82744216918945,5.692659499760194,0,True
breast_cancer,4,5,2,1,1,0,29.58720016479492,2.808991222746703,1,False
breast_cancer,4,5,3,1,1,0,40.04334259033203,4.427060242022215,0,True
breast_cancer,4,5,4,1,1,0,17.589101791381836,3.087175929435895,1,False
breast_cancer,4,5,5,1,1,0,68.50244140625,5.912093287060204,1,False
breast_cancer,4,5,6,0,0,1,18.4089412689209,2.352073280610729,1,True
breast_cancer,4,5,7,1,1,0,48.76274108886719,4.219664266801371,1,False
breast_cancer,4,5,8,0,0,1,62.78285598754883,7.207222842421573,1,True
breast_cancer,4,5,9,1,1,0,17.595836639404297,2.1956245514819184,1,False
breast_cancer,4,5,10,0,0,1,67.2777099609375,4.989632737058677,0,False
breast_cancer,4,5,11,1,1,0,34.33711242675781,3.2538318559646076,1,False
breast_cancer,4,5,14,0,0,1,113.62971496582033,10.79771025775122,0,False
breast_cancer,4,5,15,1,1,0,22.582548141479492,3.331973563475659,0,True
breast_cancer,4,5,16,1,1,0,22.70981788635254,3.1611890747721136,1,False
breast_cancer,4,5,17,0,0,1,49.14866256713867,5.596814118217045,1,True
breast_cancer,4,5,18,1,1,0,26.68366050720215,4.991617284991374,1,False
breast_cancer,4,5,19,1,1,0,13.371726036071776,3.3876873221228787,0,True
breast_cancer,4,5,20,1,1,0,24.779544830322266,4.211616014517529,1,False
breast_cancer,4,5,21,0,0,1,31.660459518432617,7.2712223867624255,0,False
breast_cancer,4,5,22,0,0,1,28.96192741394043,3.744619252552424,1,True
breast_cancer,4,5,23,1,1,0,62.62211608886719,3.7139154734049455,1,False
breast_cancer,4,5,24,1,1,0,46.00040054321289,4.228376477438826,0,True
breast_cancer,4,5,25,0,0,1,36.711212158203125,5.026505681302618,1,True
breast_cancer,4,5,26,1,1,0,37.47215270996094,2.6904427030938236,1,False
breast_cancer,4,5,27,1,1,0,34.04532241821289,3.0034698432465503,0,True
breast_cancer,4,5,28,0,0,1,38.82575988769531,5.254763960298494,0,False
breast_cancer,4,5,29,0,0,1,35.47052764892578,4.295017617248445,1,True
breast_cancer,4,5,30,0,0,1,9.536383628845217,2.8734499263933353,1,True
breast_cancer,4,5,31,1,1,0,24.85258674621582,2.5915101848594415,1,False
breast_cancer,4,5,32,0,0,1,56.330928802490234,5.455170529127812,1,True
breast_cancer,4,5,33,1,1,0,35.91069030761719,3.906866380303138,1,False
breast_cancer,4,5,34,0,0,1,0.5981904864311218,2.316933421703426,1,True
breast_cancer,4,5,35,1,1,0,37.03504180908203,3.0807500250916413,1,False
breast_cancer,4,5,36,0,0,1,42.997066497802734,10.65408245586944,0,False
breast_cancer,4,5,37,1,1,0,25.631032943725582,2.063293134855769,1,False
breast_cancer,4,5,39,0,0,1,46.12076568603515,4.742712372804304,1,True
breast_cancer,4,5,40,1,1,0,70.48103332519531,6.877885610743933,0,True
breast_cancer,4,5,41,1,1,0,46.60025787353515,3.7598390458343607,1,False
breast_cancer,4,5,42,0,0,1,58.343963623046875,5.440341495911453,0,False
breast_cancer,4,5,43,0,0,1,33.66262435913086,5.198384021183212,1,True
breast_cancer,4,5,44,1,1,0,44.54126739501953,4.374323532461445,1,False
breast_cancer,4,5,45,0,0,1,58.14485549926758,5.915217591803219,0,False
breast_cancer,4,5,46,1,1,0,29.31000709533691,3.0190469809170115,1,False
breast_cancer,4,5,47,1,1,0,36.512325286865234,2.44817570237863,1,False
breast_cancer,4,5,48,0,0,1,53.26271438598633,5.429837684857249,1,True
breast_cancer,4,5,49,1,1,0,36.08635711669922,5.199764494612042,1,False
breast_cancer,4,5,50,1,1,0,12.33396339416504,3.5920844470267395,0,True
breast_cancer,4,5,51,1,1,0,46.27421569824219,2.687418077062675,1,False
breast_cancer,4,5,52,0,0,1,71.73450469970703,7.383571469625324,1,True
breast_cancer,4,5,53,0,0,1,92.82136535644533,9.220683388872567,1,True
breast_cancer,4,5,54,1,1,0,35.027183532714844,2.9017640437721637,1,False
breast_cancer,4,5,55,1,1,0,44.53683090209961,3.3835323243580664,1,False
breast_cancer,4,5,56,0,0,1,78.34454345703125,7.755129974154769,1,True
breast_cancer,4,5,57,1,1,0,84.40677642822266,9.072039136754956,1,False
breast_cancer,4,5,58,1,1,0,32.28899383544922,2.636715269257005,1,False
breast_cancer,4,5,59,1,1,0,63.82317352294922,9.041684311064673,0,True
breast_cancer,4,5,60,0,0,1,27.947813034057617,3.7050587891003146,0,False
breast_cancer,4,5,61,1,1,0,40.94453048706055,1.855957031613583,1,False
breast_cancer,4,5,62,1,1,0,48.33588409423828,3.254784826685843,1,False
breast_cancer,4,5,63,1,1,0,20.92093086242676,2.72326832918623,0,True
breast_cancer,4,5,64,0,0,1,43.517578125,4.348529927214514,1,True
breast_cancer,4,5,65,1,1,0,67.40652465820312,3.5967201563982147,1,False
breast_cancer,4,5,66,0,0,1,79.81198120117188,8.795492690417639,1,True
breast_cancer,4,5,67,1,1,0,54.91040802001953,5.241348982060624,1,False
breast_cancer,4,5,68,1,1,0,28.92698860168457,3.713026068531744,1,False
breast_cancer,4,5,69,1,1,0,31.4365234375,4.765075205181977,0,True
breast_cancer,4,5,70,1,1,0,27.19517707824707,4.145125195294321,0,True
breast_cancer,4,5,71,1,1,0,40.22193908691406,2.8058014321265348,1,False
breast_cancer,4,5,72,1,1,0,35.668663024902344,5.376591100259051,1,False
breast_cancer,4,5,73,0,0,1,32.92402648925781,3.9975103871155846,0,False
breast_cancer,4,5,74,0,0,1,34.78025817871094,4.663079275361878,1,True
breast_cancer,4,5,75,1,1,0,36.564170837402344,3.6312543366414585,1,False
breast_cancer,4,5,76,0,0,1,54.66925811767578,5.1413015008809335,1,True
breast_cancer,4,5,77,1,1,0,58.59575653076172,5.524350212753689,1,False
breast_cancer,4,5,78,0,0,1,64.7660140991211,5.9491907764356275,1,True
breast_cancer,4,5,79,1,1,0,6.39316987991333,3.8328736638703726,0,True
breast_cancer,4,5,80,1,1,0,45.0828971862793,3.469654225245893,1,False
breast_cancer,4,5,81,1,1,0,35.717803955078125,3.0655156834715416,1,False
breast_cancer,4,5,82,1,1,0,59.84331130981445,4.7708328549684165,1,False
breast_cancer,4,5,83,0,0,1,30.24715232849121,3.59769977333893,1,True
breast_cancer,4,5,85,1,1,0,50.27971649169922,2.2453188350612425,1,False
breast_cancer,4,5,86,1,1,0,56.46275329589844,2.84871265774619,1,False
breast_cancer,4,5,87,1,1,0,73.49517059326172,6.0745518015860664,1,False
breast_cancer,4,5,88,0,0,1,56.14617156982422,5.52406283966318,0,False
breast_cancer,4,5,89,1,1,0,26.30403709411621,4.043317393842781,1,False
breast_cancer,4,5,90,0,0,1,43.82018280029297,4.452389277385548,1,True
breast_cancer,4,5,91,1,1,0,54.021087646484375,3.0211687720428477,1,False
breast_cancer,4,5,92,1,1,0,39.742095947265625,2.7648919040412605,1,False
breast_cancer,4,5,93,1,1,0,48.483116149902344,4.320505323919369,1,False
breast_cancer,4,5,94,0,0,1,13.219698905944824,4.2870802389510345,0,False
breast_cancer,4,5,95,0,0,1,38.144554138183594,4.583834063817873,0,False
breast_cancer,4,5,96,1,1,0,40.02686309814453,4.548109626628382,0,True
breast_cancer,4,5,97,1,1,0,33.37556076049805,4.3761779267315095,1,False
breast_cancer,4,5,98,1,1,0,37.1968879699707,2.875905132345035,1,False
breast_cancer,4,5,99,0,0,1,63.49275207519531,6.4558011387097,1,True
breast_cancer,4,5,100,1,1,0,63.606109619140625,2.865016093572776,1,False
breast_cancer,4,5,101,1,1,0,18.789613723754883,2.022396198897767,1,False
breast_cancer,4,5,102,1,1,0,39.66578674316406,6.117428772838971,1,False
breast_cancer,4,5,103,0,0,1,25.477609634399418,4.1840345894486966,1,True
breast_cancer,4,5,104,1,1,0,53.71748352050781,2.9952140601713855,1,False
breast_cancer,4,5,105,1,1,0,56.36507415771485,3.3041676224146337,1,False
breast_cancer,4,5,106,1,1,0,65.51229858398438,6.8030611312415825,1,False
breast_cancer,4,5,107,0,0,1,48.21742248535156,5.1194520707364495,0,False
breast_cancer,4,5,108,1,1,0,24.133283615112305,2.61963797638266,0,True
breast_cancer,4,5,109,1,1,0,64.29762268066406,4.114064966471533,1,False
breast_cancer,4,5,110,0,0,1,40.93144226074219,5.4725716108989,0,False
breast_cancer,4,5,111,0,0,1,41.00457000732422,5.286092283031544,0,False
breast_cancer,4,5,112,1,1,0,52.694583892822266,2.077481435632941,1,False
breast_cancer,4,5,113,1,1,0,60.75271987915039,4.01428024656484,1,False
breast_cancer,4,7,0,1,1,0,49.03390884399414,4.360612574547759,1,False
breast_cancer,4,7,1,1,1,0,42.82744216918945,6.157654034895256,0,True
breast_cancer,4,7,2,1,1,0,29.58720016479492,3.734992226584208,1,False
breast_cancer,4,7,3,1,1,0,40.04334259033203,4.427060242022215,0,True
breast_cancer,4,7,4,1,1,0,17.589101791381836,3.087175929435895,1,False
breast_cancer,4,7,5,1,1,0,68.50244140625,5.980602501555043,1,False
breast_cancer,4,7,6,0,0,1,18.4089412689209,2.352073280610729,1,True
breast_cancer,4,7,7,1,1,0,48.76274108886719,4.219664266801371,1,False
breast_cancer,4,7,8,0,0,1,62.78285598754883,4.413476995315672,0,False
breast_cancer,4,7,9,1,1,0,17.595836639404297,2.1956245514819184,1,False
breast_cancer,4,7,10,0,0,1,67.2777099609375,4.989632737058677,0,False
breast_cancer,4,7,11,1,1,0,34.33711242675781,3.2538318559646076,1,False
breast_cancer,4,7,12,1,1,0,2.5388388633728027,1.9865647860478324,0,True
breast_cancer,4,7,14,0,0,1,113.62971496582033,10.79771025775122,0,False
breast_cancer,4,7,15,1,1,0,22.582548141479492,3.331973563475659,0,True
breast_cancer,4,7,16,1,1,0,22.70981788635254,3.1611890747721136,1,False
breast_cancer,4,7,17,0,0,1,49.14866256713867,5.596814118217045,1,True
breast_cancer,4,7,18,1,1,0,26.68366050720215,4.991617284991374,1,False
breast_cancer,4,7,19,1,1,0,13.371726036071776,3.3876873221228787,0,True
breast_cancer,4,7,20,1,1,0,24.779544830322266,4.211616014517529,1,False
breast_cancer,4,7,21,0,0,1,31.660459518432617,7.2712223867624255,0,False
breast_cancer,4,7,22,0,0,1,28.96192741394043,3.744619252552424,1,True
breast_cancer,4,7,23,1,1,0,62.62211608886719,4.645701053214275,1,False
breast_cancer,4,7,24,1,1,0,46.00040054321289,4.228376477438826,0,True
breast_cancer,4,7,25,0,0,1,36.711212158203125,5.026505681302618,1,True
breast_cancer,4,7,26,1,1,0,37.47215270996094,3.7190420992298567,1,False
breast_cancer,4,7,27,1,1,0,34.04532241821289,3.0034698432465503,0,True
breast_cancer,4,7,28,0,0,1,38.82575988769531,3.654835061348406,0,False
breast_cancer,4,7,29,0,0,1,35.47052764892578,4.295017617248445,1,True
breast_cancer,4,7,30,0,0,1,9.536383628845217,2.8734499263933353,1,True
breast_cancer,4,7,31,1,1,0,24.85258674621582,2.5915101848594415,1,False
breast_cancer,4,7,32,0,0,1,56.330928802490234,5.455170529127812,1,True
breast_cancer,4,7,33,1,1,0,35.91069030761719,3.906866380303138,1,False
breast_cancer,4,7,34,0,0,1,0.5981904864311218,2.316933421703426,1,True
breast_cancer,4,7,35,1,1,0,37.03504180908203,3.151189812314798,1,False
breast_cancer,4,7,36,0,0,1,42.997066497802734,10.65408245586944,0,False
breast_cancer,4,7,37,1,1,0,25.631032943725582,3.607607796193468,1,False
breast_cancer,4,7,39,0,0,1,46.12076568603515,4.742712372804304,1,True
breast_cancer,4,7,40,1,1,0,70.48103332519531,6.877885610743933,0,True
breast_cancer,4,7,41,1,1,0,46.60025787353515,4.291813404513117,1,False
breast_cancer,4,7,42,0,0,1,58.343963623046875,5.440341495911453,0,False
breast_cancer,4,7,43,0,0,1,33.66262435913086,5.198384021183212,1,True
breast_cancer,4,7,44,1,1,0,44.54126739501953,4.374323532461445,1,False
breast_cancer,4,7,45,0,0,1,58.14485549926758,5.915217591803219,0,False
breast_cancer,4,7,46,1,1,0,29.31000709533691,3.0190469809170115,1,False
breast_cancer,4,7,47,1,1,0,36.512325286865234,3.9126219518067216,1,False
breast_cancer,4,7,48,0,0,1,53.26271438598633,5.429837684857249,1,True
breast_cancer,4,7,49,1,1,0,36.08635711669922,5.199764494612042,1,False
breast_cancer,4,7,50,1,1,0,12.33396339416504,3.5920844470267395,0,True
breast_cancer,4,7,51,1,1,0,46.27421569824219,3.8448852320456472,1,False
breast_cancer,4,7,52,0,0,1,71.73450469970703,7.175120032533083,0,False
breast_cancer,4,7,53,0,0,1,92.82136535644533,9.220683388872567,1,True
breast_cancer,4,7,54,1,1,0,35.027183532714844,2.9017640437721637,1,False
breast_cancer,4,7,55,1,1,0,44.53683090209961,3.383686738539837,1,False
breast_cancer,4,7,56,0,0,1,78.34454345703125,7.755129974154769,1,True
breast_cancer,4,7,57,1,1,0,84.40677642822266,9.072039136754956,1,False
breast_cancer,4,7,58,1,1,0,32.28899383544922,3.389765354469962,1,False
breast_cancer,4,7,59,1,1,0,63.82317352294922,9.041684311064673,0,True
breast_cancer,4,7,60,0,0,1,27.947813034057617,3.3499449192492627,0,False
breast_cancer,4,7,61,1,1,0,40.94453048706055,3.6103495601146567,1,False
breast_cancer,4,7,62,1,1,0,48.33588409423828,3.760590288552173,1,False
breast_cancer,4,7,63,1,1,0,20.92093086242676,2.72326832918623,0,True
breast_cancer,4,7,64,0,0,1,43.517578125,4.348529927214514,1,True
breast_cancer,4,7,65,1,1,0,67.40652465820312,5.77131535676006,1,False
breast_cancer,4,7,66,0,0,1,79.81198120117188,8.795492690417639,1,True
breast_cancer,4,7,67,1,1,0,54.91040802001953,5.241348982060624,1,False
breast_cancer,4,7,68,1,1,0,28.92698860168457,3.713026068531744,1,False
breast_cancer,4,7,69,1,1,0,31.4365234375,4.765075205181977,0,True
breast_cancer,4,7,70,1,1,0,27.19517707824707,4.145125195294321,0,True
breast_cancer,4,7,71,1,1,0,40.22193908691406,2.8058014321265348,1,False
breast_cancer,4,7,72,1,1,0,35.668663024902344,5.376591100259051,1,False
breast_cancer,4,7,73,0,0,1,32.92402648925781,3.970889221103541,0,False
breast_cancer,4,7,74,0,0,1,34.78025817871094,4.663079275361878,1,True
breast_cancer,4,7,75,1,1,0,36.564170837402344,3.6312543366414585,1,False
breast_cancer,4,7,76,0,0,1,54.66925811767578,5.1413015008809335,1,True
breast_cancer,4,7,77,1,1,0,58.59575653076172,5.755832045539226,1,False
breast_cancer,4,7,78,0,0,1,64.7660140991211,5.9491907764356275,1,True
breast_cancer,4,7,79,1,1,0,6.39316987991333,5.277766535973609,1,False
breast_cancer,4,7,80,1,1,0,45.0828971862793,3.469654225245893,1,False
breast_cancer,4,7,81,1,1,0,35.717803955078125,4.701731489489663,0,True
breast_cancer,4,7,82,1,1,0,59.84331130981445,4.967430746516764,1,False
breast_cancer,4,7,83,0,0,1,30.24715232849121,3.59769977333893,1,True
breast_cancer,4,7,85,1,1,0,50.27971649169922,5.235194184495425,0,True
breast_cancer,4,7,86,1,1,0,56.46275329589844,5.6142018489713745,1,False
breast_cancer,4,7,87,1,1,0,73.49517059326172,6.0745518015860664,1,False
breast_cancer,4,7,88,0,0,1,56.14617156982422,5.52406283966318,0,False
breast_cancer,4,7,89,1,1,0,26.30403709411621,4.043317393842781,1,False
breast_cancer,4,7,90,0,0,1,43.82018280029297,4.452389277385548,1,True
breast_cancer,4,7,91,1,1,0,54.021087646484375,5.136058009496757,1,False
breast_cancer,4,7,92,1,1,0,39.742095947265625,2.9714651746726473,1,False
breast_cancer,4,7,93,1,1,0,48.483116149902344,4.320505323919369,1,False
breast_cancer,4,7,94,0,0,1,13.219698905944824,4.2870802389510345,0,False
breast_cancer,4,7,95,0,0,1,38.144554138183594,4.583834063817873,0,False
breast_cancer,4,7,96,1,1,0,40.02686309814453,4.548109626628382,0,True
breast_cancer,4,7,97,1,1,0,33.37556076049805,4.3761779267315095,1,False
breast_cancer,4,7,98,1,1,0,37.1968879699707,4.575374146218341,0,True
breast_cancer,4,7,99,0,0,1,63.49275207519531,6.294347393096639,0,False
breast_cancer,4,7,100,1,1,0,63.606109619140625,5.350845140094113,1,False
breast_cancer,4,7,101,1,1,0,18.789613723754883,2.9611270586306735,0,True
breast_cancer,4,7,102,1,1,0,39.66578674316406,6.117428772838971,1,False
breast_cancer,4,7,103,0,0,1,25.477609634399418,4.1840345894486966,1,True
breast_cancer,4,7,104,1,1,0,53.71748352050781,4.24793291521804,1,False
breast_cancer,4,7,105,1,1,0,56.36507415771485,5.356327893891715,1,False
breast_cancer,4,7,106,1,1,0,65.51229858398438,6.8030611312415825,1,False
breast_cancer,4,7,107,0,0,1,48.21742248535156,5.1194520707364495,0,False
breast_cancer,4,7,108,1,1,0,24.133283615112305,2.61963797638266,0,True
breast_cancer,4,7,109,1,1,0,64.29762268066406,5.325293109753242,1,False
breast_cancer,4,7,110,0,0,1,40.93144226074219,5.004808212950487,0,False
breast_cancer,4,7,111,0,0,1,41.00457000732422,5.286092283031544,0,False
breast_cancer,4,7,112,1,1,0,52.694583892822266,4.6703082399817335,1,False
breast_cancer,4,7,113,1,1,0,60.75271987915039,4.550479421012241,1,False
breast_cancer,4,10,0,1,1,0,49.03390884399414,4.360612574547759,1,False
breast_cancer,4,10,1,1,1,0,42.82744216918945,6.157654034895256,0,True
breast_cancer,4,10,2,1,1,0,29.58720016479492,3.734992226584208,1,False
breast_cancer,4,10,3,1,1,0,40.04334259033203,4.427060242022215,0,True
breast_cancer,4,10,4,1,1,0,17.589101791381836,3.087175929435895,1,False
breast_cancer,4,10,5,1,1,0,68.50244140625,5.980602501555043,1,False
breast_cancer,4,10,6,0,0,1,18.4089412689209,2.352073280610729,1,True
breast_cancer,4,10,7,1,1,0,48.76274108886719,4.219664266801371,1,False
breast_cancer,4,10,8,0,0,1,62.78285598754883,4.413476995315672,0,False
breast_cancer,4,10,9,1,1,0,17.595836639404297,2.1956245514819184,1,False
breast_cancer,4,10,10,0,0,1,67.2777099609375,4.989632737058677,0,False
breast_cancer,4,10,11,1,1,0,34.33711242675781,3.2538318559646076,1,False
breast_cancer,4,10,12,1,1,0,2.5388388633728027,1.9865647860478324,0,True
breast_cancer,4,10,14,0,0,1,113.62971496582033,10.79771025775122,0,False
breast_cancer,4,10,15,1,1,0,22.582548141479492,3.331973563475659,0,True
breast_cancer,4,10,16,1,1,0,22.70981788635254,3.1611890747721136,1,False
breast_cancer,4,10,17,0,0,1,49.14866256713867,5.596814118217045,1,True
breast_cancer,4,10,18,1,1,0,26.68366050720215,4.991617284991374,1,False
breast_cancer,4,10,19,1,1,0,13.371726036071776,3.3876873221228787,0,True
breast_cancer,4,10,20,1,1,0,24.779544830322266,4.211616014517529,1,False
breast_cancer,4,10,21,0,0,1,31.660459518432617,7.2712223867624255,0,False
breast_cancer,4,10,22,0,0,1,28.96192741394043,3.744619252552424,1,True
breast_cancer,4,10,23,1,1,0,62.62211608886719,4.645701053214275,1,False
breast_cancer,4,10,24,1,1,0,46.00040054321289,4.228376477438826,0,True
breast_cancer,4,10,25,0,0,1,36.711212158203125,5.026505681302618,1,True
breast_cancer,4,10,26,1,1,0,37.47215270996094,3.7190420992298567,1,False
breast_cancer,4,10,27,1,1,0,34.04532241821289,3.0034698432465503,0,True
breast_cancer,4,10,28,0,0,1,38.82575988769531,3.654835061348406,0,False
breast_cancer,4,10,29,0,0,1,35.47052764892578,4.295017617248445,1,True
breast_cancer,4,10,30,0,0,1,9.536383628845217,2.8734499263933353,1,True
breast_cancer,4,10,31,1,1,0,24.85258674621582,2.5915101848594415,1,False
breast_cancer,4,10,32,0,0,1,56.330928802490234,5.455170529127812,1,True
breast_cancer,4,10,33,1,1,0,35.91069030761719,3.906866380303138,1,False
breast_cancer,4,10,34,0,0,1,0.5981904864311218,2.316933421703426,1,True
breast_cancer,4,10,35,1,1,0,37.03504180908203,3.151189812314798,1,False
breast_cancer,4,10,36,0,0,1,42.997066497802734,10.65408245586944,0,False
breast_cancer,4,10,37,1,1,0,25.631032943725582,3.607607796193468,1,False
breast_cancer,4,10,39,0,0,1,46.12076568603515,4.742712372804304,1,True
breast_cancer,4,10,40,1,1,0,70.48103332519531,6.877885610743933,0,True
breast_cancer,4,10,41,1,1,0,46.60025787353515,4.291813404513117,1,False
breast_cancer,4,10,42,0,0,1,58.343963623046875,5.440341495911453,0,False
breast_cancer,4,10,43,0,0,1,33.66262435913086,5.198384021183212,1,True
breast_cancer,4,10,44,1,1,0,44.54126739501953,4.374323532461445,1,False
breast_cancer,4,10,45,0,0,1,58.14485549926758,5.915217591803219,0,False
breast_cancer,4,10,46,1,1,0,29.31000709533691,3.0190469809170115,1,False
breast_cancer,4,10,47,1,1,0,36.512325286865234,3.9126219518067216,1,False
breast_cancer,4,10,48,0,0,1,53.26271438598633,5.429837684857249,1,True
breast_cancer,4,10,49,1,1,0,36.08635711669922,5.199764494612042,1,False
breast_cancer,4,10,50,1,1,0,12.33396339416504,3.5920844470267395,0,True
breast_cancer,4,10,51,1,1,0,46.27421569824219,3.8448852320456472,1,False
breast_cancer,4,10,52,0,0,1,71.73450469970703,7.175120032533083,0,False
breast_cancer,4,10,53,0,0,1,92.82136535644533,9.220683388872567,1,True
breast_cancer,4,10,54,1,1,0,35.027183532714844,2.9017640437721637,1,False
breast_cancer,4,10,55,1,1,0,44.53683090209961,3.383686738539837,1,False
breast_cancer,4,10,56,0,0,1,78.34454345703125,7.755129974154769,1,True
breast_cancer,4,10,57,1,1,0,84.40677642822266,9.072039136754956,1,False
breast_cancer,4,10,58,1,1,0,32.28899383544922,3.389765354469962,1,False
breast_cancer,4,10,59,1,1,0,63.82317352294922,9.041684311064673,0,True
breast_cancer,4,10,60,0,0,1,27.947813034057617,3.3499449192492627,0,False
breast_cancer,4,10,61,1,1,0,40.94453048706055,3.6103495601146567,1,False
breast_cancer,4,10,62,1,1,0,48.33588409423828,3.760590288552173,1,False
breast_cancer,4,10,63,1,1,0,20.92093086242676,2.72326832918623,0,True
breast_cancer,4,10,64,0,0,1,43.517578125,4.348529927214514,1,True
breast_cancer,4,10,65,1,1,0,67.40652465820312,5.77131535676006,1,False
breast_cancer,4,10,66,0,0,1,79.81198120117188,8.795492690417639,1,True
breast_cancer,4,10,67,1,1,0,54.91040802001953,5.241348982060624,1,False
breast_cancer,4,10,68,1,1,0,28.92698860168457,3.713026068531744,1,False
breast_cancer,4,10,69,1,1,0,31.4365234375,4.765075205181977,0,True
breast_cancer,4,10,70,1,1,0,27.19517707824707,4.145125195294321,0,True
breast_cancer,4,10,71,1,1,0,40.22193908691406,2.8058014321265348,1,False
breast_cancer,4,10,72,1,1,0,35.668663024902344,5.376591100259051,1,False
breast_cancer,4,10,73,0,0,1,32.92402648925781,3.970889221103541,0,False
breast_cancer,4,10,74,0,0,1,34.78025817871094,4.663079275361878,1,True
breast_cancer,4,10,75,1,1,0,36.564170837402344,3.6312543366414585,1,False
breast_cancer,4,10,76,0,0,1,54.66925811767578,5.1413015008809335,1,True
breast_cancer,4,10,77,1,1,0,58.59575653076172,5.755832045539226,1,False
breast_cancer,4,10,78,0,0,1,64.7660140991211,5.9491907764356275,1,True
breast_cancer,4,10,79,1,1,0,6.39316987991333,5.277766535973609,1,False
breast_cancer,4,10,80,1,1,0,45.0828971862793,3.469654225245893,1,False
breast_cancer,4,10,81,1,1,0,35.717803955078125,4.701731489489663,0,True
breast_cancer,4,10,82,1,1,0,59.84331130981445,4.967430746516764,1,False
breast_cancer,4,10,83,0,0,1,30.24715232849121,3.59769977333893,1,True
breast_cancer,4,10,85,1,1,0,50.27971649169922,5.235194184495425,0,True
breast_cancer,4,10,86,1,1,0,56.46275329589844,5.6142018489713745,1,False
breast_cancer,4,10,87,1,1,0,73.49517059326172,6.0745518015860664,1,False
breast_cancer,4,10,88,0,0,1,56.14617156982422,5.52406283966318,0,False
breast_cancer,4,10,89,1,1,0,26.30403709411621,4.043317393842781,1,False
breast_cancer,4,10,90,0,0,1,43.82018280029297,4.452389277385548,1,True
breast_cancer,4,10,91,1,1,0,54.021087646484375,5.136058009496757,1,False
breast_cancer,4,10,92,1,1,0,39.742095947265625,2.9714651746726473,1,False
breast_cancer,4,10,93,1,1,0,48.483116149902344,4.320505323919369,1,False
breast_cancer,4,10,94,0,0,1,13.219698905944824,4.2870802389510345,0,False
breast_cancer,4,10,95,0,0,1,38.144554138183594,4.583834063817873,0,False
breast_cancer,4,10,96,1,1,0,40.02686309814453,4.548109626628382,0,True
breast_cancer,4,10,97,1,1,0,33.37556076049805,4.3761779267315095,1,False
breast_cancer,4,10,98,1,1,0,37.1968879699707,4.575374146218341,0,True
breast_cancer,4,10,99,0,0,1,63.49275207519531,6.294347393096639,0,False
breast_cancer,4,10,100,1,1,0,63.606109619140625,5.350845140094113,1,False
breast_cancer,4,10,101,1,1,0,18.789613723754883,2.9611270586306735,0,True
breast_cancer,4,10,102,1,1,0,39.66578674316406,6.117428772838971,1,False
breast_cancer,4,10,103,0,0,1,25.477609634399418,4.1840345894486966,1,True
breast_cancer,4,10,104,1,1,0,53.71748352050781,4.24793291521804,1,False
breast_cancer,4,10,105,1,1,0,56.36507415771485,5.356327893891715,1,False
breast_cancer,4,10,106,1,1,0,65.51229858398438,6.8030611312415825,1,False
breast_cancer,4,10,107,0,0,1,48.21742248535156,5.1194520707364495,0,False
breast_cancer,4,10,108,1,1,0,24.133283615112305,2.61963797638266,0,True
breast_cancer,4,10,109,1,1,0,64.29762268066406,5.325293109753242,1,False
breast_cancer,4,10,110,0,0,1,40.93144226074219,5.004808212950487,0,False
breast_cancer,4,10,111,0,0,1,41.00457000732422,5.286092283031544,0,False
breast_cancer,4,10,112,1,1,0,52.694583892822266,4.6703082399817335,1,False
breast_cancer,4,10,113,1,1,0,60.75271987915039,4.550479421012241,1,False
breast_cancer,5,2,0,1,1,0,39.60206604003906,5.09469930932338,0,True
breast_cancer,5,2,1,0,0,1,21.80488967895508,3.802388967421328,0,False
breast_cancer,5,2,2,0,0,1,95.92841339111328,4.525679854789038,0,False
breast_cancer,5,2,3,1,1,0,8.34324836730957,2.816750551052025,1,False
breast_cancer,5,2,4,1,1,0,11.006250381469728,3.629249772738742,0,True
breast_cancer,5,2,5,0,0,1,60.122222900390625,2.769513885848147,0,False
breast_cancer,5,2,6,1,1,0,27.215051651000977,3.513485353957353,1,False
breast_cancer,5,2,7,0,0,1,153.498291015625,6.903943997718423,0,False
breast_cancer,5,2,8,0,0,1,51.3563117980957,3.206879086119824,0,False
breast_cancer,5,2,9,1,1,0,60.444278717041016,9.21270461468614,0,True
breast_cancer,5,2,10,1,1,0,58.273956298828125,5.432117645657125,1,False
breast_cancer,5,2,11,1,1,0,43.237693786621094,4.132288568209743,1,False
breast_cancer,5,2,12,0,0,1,119.12272644042967,5.539069902241919,0,False
breast_cancer,5,2,13,0,0,1,48.58264923095703,3.3813887558696027,0,False
breast_cancer,5,2,14,0,0,1,75.88957214355469,7.238007210559067,1,True
breast_cancer,5,2,15,1,1,0,30.86342430114746,4.188998705693846,0,True
breast_cancer,5,2,16,1,1,0,35.023345947265625,2.8662170566455054,1,False
breast_cancer,5,2,17,1,1,0,54.04291915893555,5.855993688125231,1,False
breast_cancer,5,2,18,1,1,0,24.121854782104492,4.235804375296035,1,False
breast_cancer,5,2,19,1,1,0,48.21215057373047,5.613747276419448,1,False
breast_cancer,5,2,20,0,0,1,84.90906524658203,4.525185755554311,0,False
breast_cancer,5,2,21,0,0,1,144.52398681640625,6.340607906406994,0,False
breast_cancer,5,2,22,1,1,0,34.15898513793945,3.405401392445073,1,False
breast_cancer,5,2,23,0,0,1,56.83074951171875,2.7583572581482483,0,False
breast_cancer,5,2,25,1,1,0,14.233814239501951,3.0684359432059565,0,True
breast_cancer,5,2,26,1,1,0,47.24875259399414,3.926283393467107,1,False
breast_cancer,5,2,27,0,0,1,165.37205505371094,8.355199458205592,0,False
breast_cancer,5,2,28,1,1,0,38.37340545654297,3.426922354734096,1,False
breast_cancer,5,2,29,0,0,1,74.40721130371094,6.574777037763136,0,False
breast_cancer,5,2,31,1,1,0,30.180830001831055,4.602324608883112,1,False
breast_cancer,5,2,32,1,1,0,18.886396408081055,3.101875553511088,0,True
breast_cancer,5,2,33,1,1,0,37.51075744628906,5.1854732163267006,1,False
breast_cancer,5,2,34,1,1,0,56.534610748291016,6.082931636919934,1,False
breast_cancer,5,2,35,1,1,0,10.945755004882812,1.6651764190530427,0,True
breast_cancer,5,2,36,1,1,0,9.603715896606444,2.534395952348929,1,False
breast_cancer,5,2,37,1,1,0,43.63691711425781,4.406192900186482,1,False
breast_cancer,5,2,38,1,1,0,23.65928649902344,3.4512333144736655,1,False
breast_cancer,5,2,39,1,1,0,16.641189575195312,3.72338755244068,1,False
breast_cancer,5,2,40,1,1,0,22.116775512695312,4.688112021366526,0,True
breast_cancer,5,2,41,1,1,0,30.251699447631836,5.352677128400327,0,True
breast_cancer,5,2,42,0,0,1,105.00450134277344,5.291588621043037,0,False
breast_cancer,5,2,43,1,1,0,24.166955947875977,2.0893612802396,1,False
breast_cancer,5,2,44,1,1,0,37.33469772338867,3.669810688145707,1,False
breast_cancer,5,2,45,1,1,0,41.0622673034668,5.013682566315054,1,False
breast_cancer,5,2,46,0,0,1,110.1928939819336,8.09321324742883,1,True
breast_cancer,5,2,47,0,0,1,155.1148223876953,8.412528478216782,0,False
breast_cancer,5,2,48,1,1,0,28.011754989624023,5.120195618574948,0,True
breast_cancer,5,2,49,1,1,0,20.053342819213867,2.59477861752809,0,True
breast_cancer,5,2,50,0,0,1,61.170040130615234,5.144066460620511,1,True
breast_cancer,5,2,51,1,1,0,28.864057540893555,3.5537583899504734,0,True
breast_cancer,5,2,52,1,1,0,71.05330657958984,6.431384739393733,1,False
breast_cancer,5,2,53,1,1,0,16.903501510620117,2.5216689275046624,0,True
breast_cancer,5,2,54,0,0,1,47.39786148071289,3.0190832170234536,0,False
breast_cancer,5,2,55,1,1,0,0.8864731192588806,3.625453182809161,0,True
breast_cancer,5,2,56,0,0,1,106.20079040527344,5.40308372202245,0,False
breast_cancer,5,2,57,0,0,1,139.37843322753906,6.795206018112263,0,False
breast_cancer,5,2,58,0,0,1,123.85492706298828,5.6454050733365335,0,False
breast_cancer,5,2,59,1,1,0,42.18214797973633,4.223243535785025,0,True
breast_cancer,5,2,60,1,1,0,33.278907775878906,3.5564555089169616,1,False
breast_cancer,5,2,61,0,0,1,167.0539093017578,7.1304920789124955,0,False
breast_cancer,5,2,62,1,1,0,13.7576322555542,3.2379077516199595,0,True
breast_cancer,5,2,63,1,1,0,30.991575241088867,3.2170071622260763,1,False
breast_cancer,5,2,64,0,0,1,147.9661865234375,6.972114738127393,0,False
breast_cancer,5,2,65,1,1,0,24.38563346862793,3.3075037814431503,0,True
breast_cancer,5,2,66,1,1,0,2.987516164779663,2.9673949287766805,0,True
breast_cancer,5,2,67,1,1,0,22.241689682006836,2.1237397695688776,1,False
breast_cancer,5,2,68,1,1,0,35.37276840209961,3.397489349021008,1,False
breast_cancer,5,2,69,1,1,0,50.27582550048828,5.174880067605385,1,False
breast_cancer,5,2,70,0,0,1,107.76788330078124,4.873557646231515,0,False
breast_cancer,5,2,71,0,0,1,71.16441345214844,3.3284504785010913,0,False
breast_cancer,5,2,73,1,1,0,24.773494720458984,3.658138978571794,0,True
breast_cancer,5,2,74,1,1,0,58.1828498840332,6.48491966639022,1,False
breast_cancer,5,2,75,1,1,0,48.597904205322266,4.9602002488760535,1,False
breast_cancer,5,2,76,1,1,0,28.07971954345703,3.9411835807044273,1,False
breast_cancer,5,2,77,1,1,0,30.962236404418945,2.6324057650095933,1,False
breast_cancer,5,2,78,0,0,1,173.25595092773438,9.253020339629682,0,False
breast_cancer,5,2,79,1,1,0,28.046775817871097,2.950526689148788,1,False
breast_cancer,5,2,80,1,1,0,48.38948059082031,4.5956600501573375,0,True
breast_cancer,5,2,82,0,0,1,56.512474060058594,5.27814842784171,0,False
breast_cancer,5,2,84,1,1,0,21.381338119506836,2.4893078933583004,1,False
breast_cancer,5,2,87,1,1,0,15.59628677368164,2.149047639115342,1,False
breast_cancer,5,2,88,0,0,1,85.17212677001953,4.790828834003057,0,False
breast_cancer,5,2,89,1,1,0,35.50892639160156,3.290914486623935,1,False
breast_cancer,5,2,90,0,0,1,113.80322265625,4.852795043848932,0,False
breast_cancer,5,2,91,1,1,0,19.663148880004883,3.743594438799931,1,False
breast_cancer,5,2,92,1,1,0,9.924429893493652,1.7464173419011186,0,True
breast_cancer,5,2,93,1,1,0,28.437589645385746,3.2524102181003887,1,False
breast_cancer,5,2,95,0,0,1,66.85713195800781,3.620255894479469,0,False
breast_cancer,5,2,96,0,0,1,18.656232833862305,2.14657589153132,1,True
breast_cancer,5,2,97,1,1,0,19.819496154785156,3.7145696627539015,1,False
breast_cancer,5,2,98,0,0,1,32.73396682739258,2.9542547711557736,1,True
breast_cancer,5,2,99,0,0,1,58.647987365722656,4.628095684885585,0,False
breast_cancer,5,2,100,1,1,0,25.825349807739254,2.858221871337491,0,True
breast_cancer,5,2,101,1,1,0,33.57859420776367,4.247538514258526,1,False
breast_cancer,5,2,103,1,1,0,26.543848037719727,3.785807064292224,1,False
breast_cancer,5,2,104,1,1,0,42.201866149902344,4.4825513024743255,1,False
breast_cancer,5,2,105,1,1,0,34.69286346435547,4.44500758777465,0,True
breast_cancer,5,2,106,0,0,1,23.248510360717773,2.3552556188539984,1,True
breast_cancer,5,2,107,1,1,0,32.710758209228516,5.238016939596395,0,True
breast_cancer,5,2,108,0,0,1,75.96815490722656,5.210003307386878,1,True
breast_cancer,5,2,109,1,1,0,21.4533748626709,2.7630992765193705,0,True
breast_cancer,5,2,110,1,1,0,11.636110305786133,3.115951509304946,1,False
breast_cancer,5,2,111,0,0,1,103.5102996826172,5.96194422679511,1,True
breast_cancer,5,2,112,1,1,0,15.670374870300291,3.726386439895154,1,False
breast_cancer,5,3,0,1,1,0,39.60206604003906,5.09469930932338,0,True
breast_cancer,5,3,1,0,0,1,21.80488967895508,4.578019034926537,0,False
breast_cancer,5,3,2,0,0,1,95.92841339111328,4.525679854789038,0,False
breast_cancer,5,3,3,1,1,0,8.34324836730957,2.816750551052025,1,False
breast_cancer,5,3,4,1,1,0,11.006250381469728,3.629249772738742,0,True
breast_cancer,5,3,5,0,0,1,60.122222900390625,2.769513885848147,0,False
breast_cancer,5,3,6,1,1,0,27.215051651000977,3.513485353957353,1,False
breast_cancer,5,3,7,0,0,1,153.498291015625,6.903943997718423,0,False
breast_cancer,5,3,8,0,0,1,51.3563117980957,3.206879086119824,0,False
breast_cancer,5,3,9,1,1,0,60.444278717041016,9.21270461468614,0,True
breast_cancer,5,3,10,1,1,0,58.273956298828125,5.432117645657125,1,False
breast_cancer,5,3,11,1,1,0,43.237693786621094,4.132288568209743,1,False
breast_cancer,5,3,12,0,0,1,119.12272644042967,5.539069902241919,0,False
breast_cancer,5,3,13,0,0,1,48.58264923095703,3.3813887558696027,0,False
breast_cancer,5,3,14,0,0,1,75.88957214355469,7.238007210559067,1,True
breast_cancer,5,3,15,1,1,0,30.86342430114746,4.188998705693846,0,True
breast_cancer,5,3,16,1,1,0,35.023345947265625,2.8662170566455054,1,False
breast_cancer,5,3,17,1,1,0,54.04291915893555,5.15864747124341,1,False
breast_cancer,5,3,18,1,1,0,24.121854782104492,4.235804375296035,1,False
breast_cancer,5,3,19,1,1,0,48.21215057373047,4.710141334564143,1,False
breast_cancer,5,3,20,0,0,1,84.90906524658203,5.041894559292385,1,True
breast_cancer,5,3,21,0,0,1,144.52398681640625,6.340607906406994,0,False
breast_cancer,5,3,22,1,1,0,34.15898513793945,3.405401392445073,1,False
breast_cancer,5,3,23,0,0,1,56.83074951171875,2.7583572581482483,0,False
breast_cancer,5,3,25,1,1,0,14.233814239501951,3.0684359432059565,0,True
breast_cancer,5,3,26,1,1,0,47.24875259399414,3.926283393467107,1,False
breast_cancer,5,3,27,0,0,1,165.37205505371094,8.355199458205592,0,False
breast_cancer,5,3,28,1,1,0,38.37340545654297,3.426922354734096,1,False
breast_cancer,5,3,29,0,0,1,74.40721130371094,7.654107561271535,1,True
breast_cancer,5,3,31,1,1,0,30.180830001831055,4.602324608883112,1,False
breast_cancer,5,3,32,1,1,0,18.886396408081055,3.101875553511088,0,True
breast_cancer,5,3,33,1,1,0,37.51075744628906,5.1854732163267006,1,False
breast_cancer,5,3,34,1,1,0,56.534610748291016,6.082931636919934,1,False
breast_cancer,5,3,35,1,1,0,10.945755004882812,1.6651764190530427,0,True
breast_cancer,5,3,36,1,1,0,9.603715896606444,2.534395952348929,1,False
breast_cancer,5,3,37,1,1,0,43.63691711425781,4.406192900186482,1,False
breast_cancer,5,3,38,1,1,0,23.65928649902344,3.4512333144736655,1,False
breast_cancer,5,3,39,1,1,0,16.641189575195312,3.72338755244068,1,False
breast_cancer,5,3,40,1,1,0,22.116775512695312,4.688112021366526,0,True
breast_cancer,5,3,41,1,1,0,30.251699447631836,5.352677128400327,0,True
breast_cancer,5,3,42,0,0,1,105.00450134277344,5.571594572476456,0,False
breast_cancer,5,3,43,1,1,0,24.166955947875977,2.0893612802396,1,False
breast_cancer,5,3,44,1,1,0,37.33469772338867,3.669810688145707,1,False
breast_cancer,5,3,45,1,1,0,41.0622673034668,5.013682566315054,1,False
breast_cancer,5,3,46,0,0,1,110.1928939819336,8.09321324742883,1,True
breast_cancer,5,3,47,0,0,1,155.1148223876953,8.412528478216782,0,False
breast_cancer,5,3,48,1,1,0,28.011754989624023,5.120195618574948,0,True
breast_cancer,5,3,49,1,1,0,20.053342819213867,2.59477861752809,0,True
breast_cancer,5,3,50,0,0,1,61.170040130615234,5.144066460620511,1,True
breast_cancer,5,3,51,1,1,0,28.864057540893555,3.5537583899504734,0,True
breast_cancer,5,3,52,1,1,0,71.05330657958984,6.431384739393733,1,False
breast_cancer,5,3,53,1,1,0,16.903501510620117,2.5216689275046624,0,True
breast_cancer,5,3,54,0,0,1,47.39786148071289,3.0190832170234536,0,False
breast_cancer,5,3,55,1,1,0,0.8864731192588806,3.625453182809161,0,True
breast_cancer,5,3,56,0,0,1,106.20079040527344,5.40308372202245,0,False
breast_cancer,5,3,57,0,0,1,139.37843322753906,6.795206018112263,0,False
breast_cancer,5,3,58,0,0,1,123.85492706298828,5.6454050733365335,0,False
breast_cancer,5,3,59,1,1,0,42.18214797973633,4.223243535785025,0,True
breast_cancer,5,3,60,1,1,0,33.278907775878906,3.5564555089169616,1,False
breast_cancer,5,3,61,0,0,1,167.0539093017578,7.1304920789124955,0,False
breast_cancer,5,3,62,1,1,0,13.7576322555542,3.2379077516199595,0,True
breast_cancer,5,3,63,1,1,0,30.991575241088867,3.2170071622260763,1,False
breast_cancer,5,3,64,0,0,1,147.9661865234375,6.972114738127393,0,False
breast_cancer,5,3,65,1,1,0,24.38563346862793,3.3075037814431503,0,True
breast_cancer,5,3,66,1,1,0,2.987516164779663,2.9673949287766805,0,True
breast_cancer,5,3,67,1,1,0,22.241689682006836,2.1237397695688776,1,False
breast_cancer,5,3,68,1,1,0,35.37276840209961,3.397489349021008,1,False
breast_cancer,5,3,69,1,1,0,50.27582550048828,5.174880067605385,1,False
breast_cancer,5,3,70,0,0,1,107.76788330078124,4.873557646231515,0,False
breast_cancer,5,3,71,0,0,1,71.16441345214844,3.3284504785010913,0,False
breast_cancer,5,3,73,1,1,0,24.773494720458984,3.658138978571794,0,True
breast_cancer,5,3,74,1,1,0,58.1828498840332,5.861068097054563,0,True
breast_cancer,5,3,75,1,1,0,48.597904205322266,4.9602002488760535,1,False
breast_cancer,5,3,76,1,1,0,28.07971954345703,3.9411835807044273,1,False
breast_cancer,5,3,77,1,1,0,30.962236404418945,2.6324057650095933,1,False
breast_cancer,5,3,78,0,0,1,173.25595092773438,10.02611573392412,0,False
breast_cancer,5,3,79,1,1,0,28.046775817871097,2.950526689148788,1,False
breast_cancer,5,3,80,1,1,0,48.38948059082031,4.5956600501573375,0,True
breast_cancer,5,3,82,0,0,1,56.512474060058594,5.27814842784171,0,False
breast_cancer,5,3,84,1,1,0,21.381338119506836,2.4893078933583004,1,False
breast_cancer,5,3,87,1,1,0,15.59628677368164,2.149047639115342,1,False
breast_cancer,5,3,88,0,0,1,85.17212677001953,4.790828834003057,0,False
breast_cancer,5,3,89,1,1,0,35.50892639160156,3.290914486623935,1,False
breast_cancer,5,3,90,0,0,1,113.80322265625,4.852795043848932,0,False
breast_cancer,5,3,91,1,1,0,19.663148880004883,3.743594438799931,1,False
breast_cancer,5,3,92,1,1,0,9.924429893493652,1.7464173419011186,0,True
breast_cancer,5,3,93,1,1,0,28.437589645385746,3.2524102181003887,1,False
breast_cancer,5,3,95,0,0,1,66.85713195800781,3.711942810993509,0,False
breast_cancer,5,3,96,0,0,1,18.656232833862305,2.14657589153132,1,True
breast_cancer,5,3,97,1,1,0,19.819496154785156,3.7145696627539015,1,False
breast_cancer,5,3,98,0,0,1,32.73396682739258,2.9542547711557736,1,True
breast_cancer,5,3,99,0,0,1,58.647987365722656,4.665214095801544,1,True
breast_cancer,5,3,100,1,1,0,25.825349807739254,2.858221871337491,0,True
breast_cancer,5,3,101,1,1,0,33.57859420776367,4.247538514258526,1,False
breast_cancer,5,3,103,1,1,0,26.543848037719727,3.785807064292224,1,False
breast_cancer,5,3,104,1,1,0,42.201866149902344,4.4825513024743255,1,False
breast_cancer,5,3,105,1,1,0,34.69286346435547,4.44500758777465,0,True
breast_cancer,5,3,106,0,0,1,23.248510360717773,2.3552556188539984,1,True
breast_cancer,5,3,107,1,1,0,32.710758209228516,5.238016939596395,0,True
breast_cancer,5,3,108,0,0,1,75.96815490722656,5.210003307386878,1,True
breast_cancer,5,3,109,1,1,0,21.4533748626709,2.7630992765193705,0,True
breast_cancer,5,3,110,1,1,0,11.636110305786133,3.115951509304946,1,False
breast_cancer,5,3,111,0,0,1,103.5102996826172,5.96194422679511,1,True
breast_cancer,5,3,112,1,1,0,15.670374870300291,3.726386439895154,1,False
breast_cancer,5,5,0,1,1,0,39.60206604003906,5.09469930932338,0,True
breast_cancer,5,5,1,0,0,1,21.80488967895508,4.578019034926537,0,False
breast_cancer,5,5,2,0,0,1,95.92841339111328,2.901546135229105,0,False
breast_cancer,5,5,3,1,1,0,8.34324836730957,2.816750551052025,1,False
breast_cancer,5,5,4,1,1,0,11.006250381469728,3.629249772738742,0,True
breast_cancer,5,5,5,0,0,1,60.122222900390625,2.769513885848147,0,False
breast_cancer,5,5,6,1,1,0,27.215051651000977,3.59351379931858,1,False
breast_cancer,5,5,7,0,0,1,153.498291015625,6.903943997718423,0,False
breast_cancer,5,5,8,0,0,1,51.3563117980957,3.206879086119824,0,False
breast_cancer,5,5,9,1,1,0,60.444278717041016,9.21270461468614,0,True
breast_cancer,5,5,10,1,1,0,58.273956298828125,5.672696299186267,1,False
breast_cancer,5,5,11,1,1,0,43.237693786621094,4.132288568209743,1,False
breast_cancer,5,5,12,0,0,1,119.12272644042967,4.46929890531569,0,False
breast_cancer,5,5,13,0,0,1,48.58264923095703,2.3679036616074356,0,False
breast_cancer,5,5,14,0,0,1,75.88957214355469,7.095404176325208,1,True
breast_cancer,5,5,15,1,1,0,30.86342430114746,4.188998705693846,0,True
breast_cancer,5,5,16,1,1,0,35.023345947265625,2.8662170566455054,1,False
breast_cancer,5,5,17,1,1,0,54.04291915893555,5.15864747124341,1,False
breast_cancer,5,5,18,1,1,0,24.121854782104492,4.235804375296035,1,False
breast_cancer,5,5,19,1,1,0,48.21215057373047,4.710141334564143,1,False
breast_cancer,5,5,20,0,0,1,84.90906524658203,5.041894559292385,1,True
breast_cancer,5,5,21,0,0,1,144.52398681640625,5.311118758161125,0,False
breast_cancer,5,5,22,1,1,0,34.15898513793945,3.405401392445073,1,False
breast_cancer,5,5,23,0,0,1,56.83074951171875,2.7583572581482483,0,False
breast_cancer,5,5,25,1,1,0,14.233814239501951,3.0684359432059565,0,True
breast_cancer,5,5,26,1,1,0,47.24875259399414,4.746312693331664,1,False
breast_cancer,5,5,27,0,0,1,165.37205505371094,6.817503813855847,0,False
breast_cancer,5,5,28,1,1,0,38.37340545654297,3.426922354734096,1,False
breast_cancer,5,5,29,0,0,1,74.40721130371094,7.654107561271535,1,True
breast_cancer,5,5,31,1,1,0,30.180830001831055,4.602324608883112,1,False
breast_cancer,5,5,32,1,1,0,18.886396408081055,3.101875553511088,0,True
breast_cancer,5,5,33,1,1,0,37.51075744628906,5.1854732163267006,1,False
breast_cancer,5,5,34,1,1,0,56.534610748291016,6.123987549883347,0,True
breast_cancer,5,5,35,1,1,0,10.945755004882812,1.6651764190530427,0,True
breast_cancer,5,5,36,1,1,0,9.603715896606444,2.534395952348929,1,False
breast_cancer,5,5,37,1,1,0,43.63691711425781,4.470057869104659,1,False
breast_cancer,5,5,38,1,1,0,23.65928649902344,3.4512333144736655,1,False
breast_cancer,5,5,39,1,1,0,16.641189575195312,3.72338755244068,1,False
breast_cancer,5,5,40,1,1,0,22.116775512695312,4.688112021366526,0,True
breast_cancer,5,5,41,1,1,0,30.251699447631836,5.352677128400327,0,True
breast_cancer,5,5,42,0,0,1,105.00450134277344,5.571594572476456,0,False
breast_cancer,5,5,43,1,1,0,24.166955947875977,2.0893612802396,1,False
breast_cancer,5,5,44,1,1,0,37.33469772338867,3.669810688145707,1,False
breast_cancer,5,5,45,1,1,0,41.0622673034668,5.502097140067498,1,False
breast_cancer,5,5,46,0,0,1,110.1928939819336,8.09321324742883,1,True
breast_cancer,5,5,47,0,0,1,155.1148223876953,7.301540521624364,0,False
breast_cancer,5,5,48,1,1,0,28.011754989624023,5.120195618574948,0,True
breast_cancer,5,5,49,1,1,0,20.053342819213867,2.59477861752809,0,True
breast_cancer,5,5,50,0,0,1,61.170040130615234,4.079679305325072,0,False
breast_cancer,5,5,51,1,1,0,28.864057540893555,3.5537583899504734,0,True
breast_cancer,5,5,52,1,1,0,71.05330657958984,6.484577772485263,1,False
breast_cancer,5,5,53,1,1,0,16.903501510620117,2.5216689275046624,0,True
breast_cancer,5,5,54,0,0,1,47.39786148071289,3.0190832170234536,0,False
breast_cancer,5,5,55,1,1,0,0.8864731192588806,3.625453182809161,0,True
breast_cancer,5,5,56,0,0,1,106.20079040527344,3.1664234084842264,0,False
breast_cancer,5,5,57,0,0,1,139.37843322753906,4.455507727964997,0,False
breast_cancer,5,5,58,0,0,1,123.85492706298828,5.022097818075664,0,False
breast_cancer,5,5,59,1,1,0,42.18214797973633,4.223243535785025,0,True
breast_cancer,5,5,60,1,1,0,33.278907775878906,3.9133923162190807,1,False
breast_cancer,5,5,61,0,0,1,167.0539093017578,6.83372268498036,0,False
breast_cancer,5,5,62,1,1,0,13.7576322555542,3.2379077516199595,0,True
breast_cancer,5,5,63,1,1,0,30.991575241088867,3.2170071622260763,1,False
breast_cancer,5,5,64,0,0,1,147.9661865234375,6.3752356696648675,0,False
breast_cancer,5,5,65,1,1,0,24.38563346862793,3.3075037814431503,0,True
breast_cancer,5,5,66,1,1,0,2.987516164779663,2.9673949287766805,0,True
breast_cancer,5,5,67,1,1,0,22.241689682006836,2.1237397695688776,1,False
breast_cancer,5,5,68,1,1,0,35.37276840209961,3.397489349021008,1,False
breast_cancer,5,5,69,1,1,0,50.27582550048828,5.174880067605385,1,False
breast_cancer,5,5,70,0,0,1,107.76788330078124,4.442137656153589,0,False
breast_cancer,5,5,71,0,0,1,71.16441345214844,3.3284504785010913,0,False
breast_cancer,5,5,73,1,1,0,24.773494720458984,3.658138978571794,0,True
breast_cancer,5,5,74,1,1,0,58.1828498840332,5.861068097054563,0,True
breast_cancer,5,5,75,1,1,0,48.597904205322266,4.9602002488760535,1,False
breast_cancer,5,5,76,1,1,0,28.07971954345703,3.9411835807044273,1,False
breast_cancer,5,5,77,1,1,0,30.962236404418945,2.6324057650095933,1,False
breast_cancer,5,5,78,0,0,1,173.25595092773438,10.02611573392412,0,False
breast_cancer,5,5,79,1,1,0,28.046775817871097,2.950526689148788,1,False
breast_cancer,5,5,80,1,1,0,48.38948059082031,4.5956600501573375,0,True
breast_cancer,5,5,82,0,0,1,56.512474060058594,5.27814842784171,0,False
breast_cancer,5,5,84,1,1,0,21.381338119506836,2.4893078933583004,1,False
breast_cancer,5,5,87,1,1,0,15.59628677368164,2.149047639115342,1,False
breast_cancer,5,5,88,0,0,1,85.17212677001953,3.170387759663927,0,False
breast_cancer,5,5,89,1,1,0,35.50892639160156,3.290914486623935,1,False
breast_cancer,5,5,90,0,0,1,113.80322265625,4.091009260040437,0,False
breast_cancer,5,5,91,1,1,0,19.663148880004883,3.743594438799931,1,False
breast_cancer,5,5,92,1,1,0,9.924429893493652,1.7464173419011186,0,True
breast_cancer,5,5,93,1,1,0,28.437589645385746,3.2524102181003887,1,False
breast_cancer,5,5,95,0,0,1,66.85713195800781,3.711942810993509,0,False
breast_cancer,5,5,96,0,0,1,18.656232833862305,2.14657589153132,1,True
breast_cancer,5,5,97,1,1,0,19.819496154785156,4.6324479617886425,0,True
breast_cancer,5,5,98,0,0,1,32.73396682739258,2.5598741856781335,0,False
breast_cancer,5,5,99,0,0,1,58.647987365722656,4.665214095801544,1,True
breast_cancer,5,5,100,1,1,0,25.825349807739254,2.858221871337491,0,True
breast_cancer,5,5,101,1,1,0,33.57859420776367,4.247538514258526,1,False
breast_cancer,5,5,103,1,1,0,26.543848037719727,3.785807064292224,1,False
breast_cancer,5,5,104,1,1,0,42.201866149902344,4.4825513024743255,1,False
breast_cancer,5,5,105,1,1,0,34.69286346435547,4.44500758777465,0,True
breast_cancer,5,5,106,0,0,1,23.248510360717773,2.3552556188539984,1,True
breast_cancer,5,5,107,1,1,0,32.710758209228516,5.238016939596395,0,True
breast_cancer,5,5,108,0,0,1,75.96815490722656,4.579718209167728,0,False
breast_cancer,5,5,109,1,1,0,21.4533748626709,2.7630992765193705,0,True
breast_cancer,5,5,110,1,1,0,11.636110305786133,3.115951509304946,1,False
breast_cancer,5,5,111,0,0,1,103.5102996826172,3.5878969228825537,0,False
breast_cancer,5,5,112,1,1,0,15.670374870300291,3.726386439895154,1,False
breast_cancer,5,7,0,1,1,0,39.60206604003906,4.394670517836434,0,True
breast_cancer,5,7,1,0,0,1,21.80488967895508,4.578019034926537,0,False
breast_cancer,5,7,2,0,0,1,95.92841339111328,2.901546135229105,0,False
breast_cancer,5,7,4,1,1,0,11.006250381469728,3.629249772738742,0,True
breast_cancer,5,7,5,0,0,1,60.122222900390625,2.769513885848147,0,False
breast_cancer,5,7,6,1,1,0,27.215051651000977,3.59351379931858,1,False
breast_cancer,5,7,7,0,0,1,153.498291015625,6.903943997718423,0,False
breast_cancer,5,7,8,0,0,1,51.3563117980957,3.206879086119824,0,False
breast_cancer,5,7,9,1,1,0,60.444278717041016,7.703038853411514,1,False
breast_cancer,5,7,10,1,1,0,58.273956298828125,5.052211487364291,0,True
breast_cancer,5,7,11,1,1,0,43.237693786621094,4.132288568209743,1,False
breast_cancer,5,7,12,0,0,1,119.12272644042967,4.46929890531569,0,False
breast_cancer,5,7,13,0,0,1,48.58264923095703,2.3679036616074356,0,False
breast_cancer,5,7,14,0,0,1,75.88957214355469,7.095404176325208,1,True
breast_cancer,5,7,15,1,1,0,30.86342430114746,3.007760498739979,0,True
breast_cancer,5,7,16,1,1,0,35.023345947265625,2.8662170566455054,1,False
breast_cancer,5,7,17,1,1,0,54.04291915893555,6.279919072160395,1,False
breast_cancer,5,7,18,1,1,0,24.121854782104492,4.117236710371215,0,True
breast_cancer,5,7,19,1,1,0,48.21215057373047,5.230533556990089,1,False
breast_cancer,5,7,20,0,0,1,84.90906524658203,5.041894559292385,1,True
breast_cancer,5,7,21,0,0,1,144.52398681640625,5.311118758161125,0,False
breast_cancer,5,7,22,1,1,0,34.15898513793945,3.0837699084575294,0,True
breast_cancer,5,7,23,0,0,1,56.83074951171875,2.7583572581482483,0,False
breast_cancer,5,7,25,1,1,0,14.233814239501951,3.0684359432059565,0,True
breast_cancer,5,7,26,1,1,0,47.24875259399414,4.746312693331664,1,False
breast_cancer,5,7,27,0,0,1,165.37205505371094,6.817503813855847,0,False
breast_cancer,5,7,28,1,1,0,38.37340545654297,2.6617418169466074,0,True
breast_cancer,5,7,29,0,0,1,74.40721130371094,7.654107561271535,1,True
breast_cancer,5,7,31,1,1,0,30.180830001831055,4.602324608883112,1,False
breast_cancer,5,7,32,1,1,0,18.886396408081055,2.941614447720366,0,True
breast_cancer,5,7,33,1,1,0,37.51075744628906,4.739484824586146,0,True
breast_cancer,5,7,34,1,1,0,56.534610748291016,5.140243637328216,0,True
breast_cancer,5,7,35,1,1,0,10.945755004882812,1.6651764190530427,0,True
breast_cancer,5,7,36,1,1,0,9.603715896606444,2.4654500024880517,0,True
breast_cancer,5,7,37,1,1,0,43.63691711425781,4.470057869104659,1,False
breast_cancer,5,7,38,1,1,0,23.65928649902344,3.4512333144736655,1,False
breast_cancer,5,7,39,1,1,0,16.641189575195312,3.72338755244068,1,False
breast_cancer,5,7,40,1,1,0,22.116775512695312,4.351052844103771,0,True
breast_cancer,5,7,41,1,1,0,30.251699447631836,5.352677128400327,0,True
breast_cancer,5,7,42,0,0,1,105.00450134277344,5.571594572476456,0,False
breast_cancer,5,7,43,1,1,0,24.166955947875977,2.0893612802396,1,False
breast_cancer,5,7,44,1,1,0,37.33469772338867,3.669810688145707,1,False
breast_cancer,5,7,45,1,1,0,41.0622673034668,5.484018519101578,0,True
breast_cancer,5,7,46,0,0,1,110.1928939819336,8.09321324742883,1,True
breast_cancer,5,7,47,0,0,1,155.1148223876953,7.301540521624364,0,False
breast_cancer,5,7,48,1,1,0,28.011754989624023,5.120195618574948,0,True
breast_cancer,5,7,49,1,1,0,20.053342819213867,2.59477861752809,0,True
breast_cancer,5,7,51,1,1,0,28.864057540893555,2.541385900570974,0,True
breast_cancer,5,7,52,1,1,0,71.05330657958984,5.333736573531971,1,False
breast_cancer,5,7,53,1,1,0,16.903501510620117,2.5216689275046624,0,True
breast_cancer,5,7,54,0,0,1,47.39786148071289,3.0190832170234536,0,False
breast_cancer,5,7,55,1,1,0,0.8864731192588806,3.467799070588008,0,True
breast_cancer,5,7,56,0,0,1,106.20079040527344,3.1664234084842264,0,False
breast_cancer,5,7,57,0,0,1,139.37843322753906,4.455507727964997,0,False
breast_cancer,5,7,58,0,0,1,123.85492706298828,5.022097818075664,0,False
breast_cancer,5,7,59,1,1,0,42.18214797973633,3.247129301929244,0,True
breast_cancer,5,7,60,1,1,0,33.278907775878906,3.9133923162190807,1,False
breast_cancer,5,7,61,0,0,1,167.0539093017578,6.83372268498036,0,False
breast_cancer,5,7,62,1,1,0,13.7576322555542,3.2379077516199595,0,True
breast_cancer,5,7,63,1,1,0,30.991575241088867,3.2170071622260763,1,False
breast_cancer,5,7,64,0,0,1,147.9661865234375,6.3752356696648675,0,False
breast_cancer,5,7,65,1,1,0,24.38563346862793,2.3897452555886876,0,True
breast_cancer,5,7,66,1,1,0,2.987516164779663,2.5290489688165887,0,True
breast_cancer,5,7,67,1,1,0,22.241689682006836,2.1237397695688776,1,False
breast_cancer,5,7,68,1,1,0,35.37276840209961,3.397489349021008,1,False
breast_cancer,5,7,69,1,1,0,50.27582550048828,5.174880067605385,1,False
breast_cancer,5,7,70,0,0,1,107.76788330078124,4.442137656153589,0,False
breast_cancer,5,7,71,0,0,1,71.16441345214844,3.3284504785010913,0,False
breast_cancer,5,7,73,1,1,0,24.773494720458984,2.9349571758405193,0,True
breast_cancer,5,7,74,1,1,0,58.1828498840332,5.861068097054563,0,True
breast_cancer,5,7,75,1,1,0,48.597904205322266,4.9602002488760535,1,False
breast_cancer,5,7,76,1,1,0,28.07971954345703,3.9411835807044273,1,False
breast_cancer,5,7,77,1,1,0,30.962236404418945,2.6324057650095933,1,False
breast_cancer,5,7,78,0,0,1,173.25595092773438,10.02611573392412,0,False
breast_cancer,5,7,79,1,1,0,28.046775817871097,2.4332747598516367,0,True
breast_cancer,5,7,80,1,1,0,48.38948059082031,4.5956600501573375,0,True
breast_cancer,5,7,82,0,0,1,56.512474060058594,5.27814842784171,0,False
breast_cancer,5,7,84,1,1,0,21.381338119506836,2.4893078933583004,1,False
breast_cancer,5,7,85,1,1,0,6.905366897583008,3.4379953026814967,0,True
breast_cancer,5,7,87,1,1,0,15.59628677368164,2.149047639115342,1,False
breast_cancer,5,7,88,0,0,1,85.17212677001953,3.170387759663927,0,False
breast_cancer,5,7,89,1,1,0,35.50892639160156,3.290914486623935,1,False
breast_cancer,5,7,90,0,0,1,113.80322265625,4.091009260040437,0,False
breast_cancer,5,7,91,1,1,0,19.663148880004883,3.743594438799931,1,False
breast_cancer,5,7,92,1,1,0,9.924429893493652,1.641973324316901,0,True
breast_cancer,5,7,93,1,1,0,28.437589645385746,3.2524102181003887,1,False
breast_cancer,5,7,95,0,0,1,66.85713195800781,3.711942810993509,0,False
breast_cancer,5,7,96,0,0,1,18.656232833862305,2.14657589153132,1,True
breast_cancer,5,7,97,1,1,0,19.819496154785156,4.6324479617886425,0,True
breast_cancer,5,7,98,0,0,1,32.73396682739258,2.5598741856781335,0,False
breast_cancer,5,7,99,0,0,1,58.647987365722656,4.665214095801544,1,True
breast_cancer,5,7,100,1,1,0,25.825349807739254,2.1676252778684275,0,True
breast_cancer,5,7,101,1,1,0,33.57859420776367,4.040867656206119,1,False
breast_cancer,5,7,102,0,0,1,23.04625129699707,2.6646088479882204,1,True
breast_cancer,5,7,103,1,1,0,26.543848037719727,3.161885520701001,0,True
breast_cancer,5,7,104,1,1,0,42.201866149902344,3.4296191279769244,0,True
breast_cancer,5,7,105,1,1,0,34.69286346435547,3.674094487785044,0,True
breast_cancer,5,7,107,1,1,0,32.710758209228516,5.238016939596395,0,True
breast_cancer,5,7,108,0,0,1,75.96815490722656,4.579718209167728,0,False
breast_cancer,5,7,109,1,1,0,21.4533748626709,2.2886081355740617,0,True
breast_cancer,5,7,110,1,1,0,11.636110305786133,3.115951509304946,1,False
breast_cancer,5,7,111,0,0,1,103.5102996826172,3.5878969228825537,0,False
breast_cancer,5,7,112,1,1,0,15.670374870300291,3.726386439895154,1,False
breast_cancer,5,10,0,1,1,0,39.60206604003906,4.721637816404754,1,False
breast_cancer,5,10,1,0,0,1,21.80488967895508,4.578019034926537,0,False
breast_cancer,5,10,2,0,0,1,95.92841339111328,4.525679854789038,0,False
breast_cancer,5,10,4,1,1,0,11.006250381469728,3.629249772738742,0,True
breast_cancer,5,10,5,0,0,1,60.122222900390625,2.769513885848147,0,False
breast_cancer,5,10,6,1,1,0,27.215051651000977,3.513485353957353,1,False
breast_cancer,5,10,7,0,0,1,153.498291015625,6.903943997718423,0,False
breast_cancer,5,10,8,0,0,1,51.3563117980957,3.206879086119824,0,False
breast_cancer,5,10,9,1,1,0,60.444278717041016,7.703038853411514,1,False
breast_cancer,5,10,10,1,1,0,58.273956298828125,5.432117645657125,1,False
breast_cancer,5,10,11,1,1,0,43.237693786621094,4.132288568209743,1,False
breast_cancer,5,10,12,0,0,1,119.12272644042967,5.539069902241919,0,False
breast_cancer,5,10,13,0,0,1,48.58264923095703,3.3813887558696027,0,False
breast_cancer,5,10,14,0,0,1,75.88957214355469,7.238007210559067,1,True
breast_cancer,5,10,15,1,1,0,30.86342430114746,4.244515972759835,1,False
breast_cancer,5,10,16,1,1,0,35.023345947265625,2.8662170566455054,1,False
breast_cancer,5,10,17,1,1,0,54.04291915893555,5.855993688125231,1,False
breast_cancer,5,10,18,1,1,0,24.121854782104492,4.235804375296035,1,False
breast_cancer,5,10,19,1,1,0,48.21215057373047,5.230533556990089,1,False
breast_cancer,5,10,20,0,0,1,84.90906524658203,5.041894559292385,1,True
breast_cancer,5,10,21,0,0,1,144.52398681640625,6.340607906406994,0,False
breast_cancer,5,10,22,1,1,0,34.15898513793945,3.405401392445073,1,False
breast_cancer,5,10,23,0,0,1,56.83074951171875,2.7583572581482483,0,False
breast_cancer,5,10,25,1,1,0,14.233814239501951,4.070695328230611,0,True
breast_cancer,5,10,26,1,1,0,47.24875259399414,3.926283393467107,1,False
breast_cancer,5,10,27,0,0,1,165.37205505371094,8.355199458205592,0,False
breast_cancer,5,10,28,1,1,0,38.37340545654297,3.426922354734096,1,False
breast_cancer,5,10,29,0,0,1,74.40721130371094,7.654107561271535,1,True
breast_cancer,5,10,31,1,1,0,30.180830001831055,4.602324608883112,1,False
breast_cancer,5,10,32,1,1,0,18.886396408081055,3.101875553511088,0,True
breast_cancer,5,10,33,1,1,0,37.51075744628906,5.084073426598592,1,False
breast_cancer,5,10,34,1,1,0,56.534610748291016,5.632934307767647,1,False
breast_cancer,5,10,35,1,1,0,10.945755004882812,1.6651764190530427,0,True
breast_cancer,5,10,36,1,1,0,9.603715896606444,2.534395952348929,1,False
breast_cancer,5,10,37,1,1,0,43.63691711425781,4.406192900186482,1,False
breast_cancer,5,10,38,1,1,0,23.65928649902344,3.4512333144736655,1,False
breast_cancer,5,10,39,1,1,0,16.641189575195312,3.72338755244068,1,False
breast_cancer,5,10,40,1,1,0,22.116775512695312,5.147023418782529,0,True
breast_cancer,5,10,41,1,1,0,30.251699447631836,5.572632603234771,1,False
breast_cancer,5,10,42,0,0,1,105.00450134277344,5.571594572476456,0,False
breast_cancer,5,10,43,1,1,0,24.166955947875977,2.0893612802396,1,False
breast_cancer,5,10,44,1,1,0,37.33469772338867,3.669810688145707,1,False
breast_cancer,5,10,45,1,1,0,41.0622673034668,5.013682566315054,1,False
breast_cancer,5,10,46,0,0,1,110.1928939819336,8.09321324742883,1,True
breast_cancer,5,10,47,0,0,1,155.1148223876953,8.412528478216782,0,False
breast_cancer,5,10,48,1,1,0,28.011754989624023,5.120195618574948,0,True
breast_cancer,5,10,49,1,1,0,20.053342819213867,2.59477861752809,0,True
breast_cancer,5,10,50,0,0,1,61.170040130615234,5.120773527466001,0,False
breast_cancer,5,10,51,1,1,0,28.864057540893555,3.9926836911395567,1,False
breast_cancer,5,10,52,1,1,0,71.05330657958984,5.333736573531971,1,False
breast_cancer,5,10,53,1,1,0,16.903501510620117,2.5216689275046624,0,True
breast_cancer,5,10,54,0,0,1,47.39786148071289,3.0190832170234536,0,False
breast_cancer,5,10,56,0,0,1,106.20079040527344,5.40308372202245,0,False
breast_cancer,5,10,57,0,0,1,139.37843322753906,6.795206018112263,0,False
breast_cancer,5,10,58,0,0,1,123.85492706298828,5.6454050733365335,0,False
breast_cancer,5,10,59,1,1,0,42.18214797973633,4.405285921903153,1,False
breast_cancer,5,10,60,1,1,0,33.278907775878906,3.5564555089169616,1,False
breast_cancer,5,10,61,0,0,1,167.0539093017578,7.1304920789124955,0,False
breast_cancer,5,10,62,1,1,0,13.7576322555542,3.692976944014154,0,True
breast_cancer,5,10,63,1,1,0,30.991575241088867,3.2170071622260763,1,False
breast_cancer,5,10,64,0,0,1,147.9661865234375,6.972114738127393,0,False
breast_cancer,5,10,65,1,1,0,24.38563346862793,3.3075037814431503,0,True
breast_cancer,5,10,66,1,1,0,2.987516164779663,3.4050662832962693,0,True
breast_cancer,5,10,67,1,1,0,22.241689682006836,2.1237397695688776,1,False
breast_cancer,5,10,68,1,1,0,35.37276840209961,3.397489349021008,1,False
breast_cancer,5,10,69,1,1,0,50.27582550048828,5.174880067605385,1,False
breast_cancer,5,10,70,0,0,1,107.76788330078124,4.873557646231515,0,False
breast_cancer,5,10,71,0,0,1,71.16441345214844,3.3284504785010913,0,False
breast_cancer,5,10,73,1,1,0,24.773494720458984,3.7012186572235337,1,False
breast_cancer,5,10,74,1,1,0,58.1828498840332,5.861068097054563,0,True
breast_cancer,5,10,75,1,1,0,48.597904205322266,4.9602002488760535,1,False
breast_cancer,5,10,76,1,1,0,28.07971954345703,3.9411835807044273,1,False
breast_cancer,5,10,77,1,1,0,30.962236404418945,2.6324057650095933,1,False
breast_cancer,5,10,78,0,0,1,173.25595092773438,10.02611573392412,0,False
breast_cancer,5,10,79,1,1,0,28.046775817871097,2.950526689148788,1,False
breast_cancer,5,10,80,1,1,0,48.38948059082031,4.5956600501573375,0,True
breast_cancer,5,10,82,0,0,1,56.512474060058594,5.27814842784171,0,False
breast_cancer,5,10,84,1,1,0,21.381338119506836,2.4893078933583004,1,False
breast_cancer,5,10,86,0,0,1,10.760704040527344,1.8702990527252863,0,False
breast_cancer,5,10,87,1,1,0,15.59628677368164,2.149047639115342,1,False
breast_cancer,5,10,88,0,0,1,85.17212677001953,4.790828834003057,0,False
breast_cancer,5,10,89,1,1,0,35.50892639160156,3.290914486623935,1,False
breast_cancer,5,10,90,0,0,1,113.80322265625,4.852795043848932,0,False
breast_cancer,5,10,91,1,1,0,19.663148880004883,3.743594438799931,1,False
breast_cancer,5,10,92,1,1,0,9.924429893493652,2.1076440535538605,0,True
breast_cancer,5,10,93,1,1,0,28.437589645385746,3.2524102181003887,1,False
breast_cancer,5,10,95,0,0,1,66.85713195800781,3.711942810993509,0,False
breast_cancer,5,10,96,0,0,1,18.656232833862305,2.14657589153132,1,True
breast_cancer,5,10,97,1,1,0,19.819496154785156,3.7145696627539015,1,False
breast_cancer,5,10,98,0,0,1,32.73396682739258,2.9542547711557736,1,True
breast_cancer,5,10,99,0,0,1,58.647987365722656,4.665214095801544,1,True
breast_cancer,5,10,100,1,1,0,25.825349807739254,3.720729102426968,1,False
breast_cancer,5,10,101,1,1,0,33.57859420776367,4.040867656206119,1,False
breast_cancer,5,10,102,0,0,1,23.04625129699707,2.6646088479882204,1,True
breast_cancer,5,10,103,1,1,0,26.543848037719727,3.785807064292224,1,False
breast_cancer,5,10,104,1,1,0,42.201866149902344,4.4825513024743255,1,False
breast_cancer,5,10,105,1,1,0,34.69286346435547,4.091414087053842,1,False
breast_cancer,5,10,106,0,0,1,23.248510360717773,2.3552556188539984,1,True
breast_cancer,5,10,107,1,1,0,32.710758209228516,6.1305612335148645,1,False
breast_cancer,5,10,108,0,0,1,75.96815490722656,5.210003307386878,1,True
breast_cancer,5,10,109,1,1,0,21.4533748626709,2.913647212308225,1,False
breast_cancer,5,10,110,1,1,0,11.636110305786133,3.115951509304946,1,False
breast_cancer,5,10,111,0,0,1,103.5102996826172,5.96194422679511,1,True
breast_cancer,5,10,112,1,1,0,15.670374870300291,3.726386439895154,1,False
breast_cancer,6,2,0,0,0,1,82.31574249267578,7.457338367724523,1,True
breast_cancer,6,2,1,0,0,1,65.21946716308594,6.112394802859418,1,True
breast_cancer,6,2,2,0,0,1,48.24868392944336,6.867916057106298,1,True
breast_cancer,6,2,3,1,1,0,59.62795639038086,5.7402274508784865,1,False
breast_cancer,6,2,4,0,0,1,78.55197143554688,6.733643186411257,1,True
breast_cancer,6,2,5,1,1,0,34.8717155456543,4.672193472714115,0,True
breast_cancer,6,2,6,0,0,1,6.236358642578125,2.777781050516328,1,True
breast_cancer,6,2,7,0,0,1,89.951171875,9.296530686774773,1,True
breast_cancer,6,2,8,1,1,0,30.60175323486328,3.201820444952905,1,False
breast_cancer,6,2,9,1,1,0,37.50625228881836,3.672444686704504,0,True
breast_cancer,6,2,10,1,1,0,27.72579574584961,3.84332423530708,0,True
breast_cancer,6,2,11,1,1,0,25.543384552001953,3.753458720074863,0,True
breast_cancer,6,2,12,0,0,1,72.05268096923828,6.698464540668976,1,True
breast_cancer,6,2,13,0,0,1,110.35759735107422,10.590485484910708,1,True
breast_cancer,6,2,14,1,1,0,43.02699661254883,5.15407929721369,1,False
breast_cancer,6,2,15,1,1,0,69.72235870361328,6.336854838426055,1,False
breast_cancer,6,2,16,1,1,0,36.6380615234375,3.2957289012352216,0,True
breast_cancer,6,2,17,0,0,1,77.27983093261719,9.535992263472028,1,True
breast_cancer,6,2,18,1,1,0,25.492263793945312,2.662563868832649,0,True
breast_cancer,6,2,19,0,0,1,36.365997314453125,7.95230922793798,1,True
breast_cancer,6,2,20,1,1,0,55.92731857299805,3.691127921811443,1,False
breast_cancer,6,2,21,1,1,0,21.88407516479492,3.1515658028182805,0,True
breast_cancer,6,2,22,1,1,0,43.77949905395508,3.7205455452816665,1,False
breast_cancer,6,2,23,1,1,0,36.10232162475586,3.760648351847979,0,True
breast_cancer,6,2,24,1,1,0,33.209869384765625,3.8363310144155673,0,True
breast_cancer,6,2,25,0,0,1,19.353073120117188,2.359857059066646,1,True
breast_cancer,6,2,26,0,0,1,131.09109497070312,10.875737567761751,1,True
breast_cancer,6,2,27,0,0,1,60.74858856201172,4.725472660693946,1,True
breast_cancer,6,2,28,0,0,1,45.85279083251953,4.068997086599148,1,True
breast_cancer,6,2,29,0,0,1,74.45276641845703,6.2997431236077075,1,True
breast_cancer,6,2,30,1,1,0,8.989617347717285,1.7098242732552753,0,True
breast_cancer,6,2,31,0,0,1,97.8108367919922,7.837820673989732,1,True
breast_cancer,6,2,32,1,1,0,50.93055725097656,3.5357497770105706,1,False
breast_cancer,6,2,33,1,1,0,39.097618103027344,3.998692443132594,0,True
breast_cancer,6,2,34,0,0,1,37.82087326049805,4.300559643124977,1,True
breast_cancer,6,2,35,0,0,1,218.22816467285156,24.1494579528042,1,True
breast_cancer,6,2,36,0,0,1,65.88496398925781,6.37666265993883,1,True
breast_cancer,6,2,37,1,1,0,30.60097885131836,3.2121504576557527,1,False
breast_cancer,6,2,38,1,1,0,38.10243606567383,3.705306350920876,0,True
breast_cancer,6,2,40,1,1,0,53.33464050292969,4.653152508195323,1,False
breast_cancer,6,2,41,1,1,0,42.19380569458008,3.3035405905130917,0,True
breast_cancer,6,2,42,0,0,1,77.08955383300781,6.590970738803054,1,True
breast_cancer,6,2,43,1,1,0,2.3899500370025635,3.806794895924185,0,True
breast_cancer,6,2,44,1,1,0,20.50359344482422,2.980498888531955,1,False
breast_cancer,6,2,45,0,0,1,53.56852722167969,5.845402130783443,1,True
breast_cancer,6,2,46,0,0,1,52.90367126464844,6.078472902134322,1,True
breast_cancer,6,2,47,1,1,0,59.32682800292969,3.989281690202878,1,False
breast_cancer,6,2,48,0,0,1,15.39081859588623,2.8583343100299237,1,True
breast_cancer,6,2,49,1,1,0,40.2564697265625,4.3660550230906585,0,True
breast_cancer,6,2,50,0,0,1,16.74163246154785,4.753650639056415,1,True
breast_cancer,6,2,51,0,0,1,62.80586242675781,6.434308718640532,1,True
breast_cancer,6,2,52,1,1,0,26.914043426513672,3.5015066750725614,0,True
breast_cancer,6,2,53,1,1,0,10.726048469543455,2.7618582073120193,0,True
breast_cancer,6,2,54,1,1,0,46.59626388549805,3.7678805201284846,0,True
breast_cancer,6,2,55,1,1,0,37.190277099609375,4.334658133728956,1,False
breast_cancer,6,2,56,0,0,1,274.7612609863281,24.34457148153517,1,True
breast_cancer,6,2,57,1,1,0,55.59897994995117,5.0579691822292965,1,False
breast_cancer,6,2,58,1,1,0,39.6893196105957,5.289670608215666,1,False
breast_cancer,6,2,59,1,1,0,46.00035095214844,3.5404373771172133,1,False
breast_cancer,6,2,60,0,0,1,45.7620735168457,7.925210739368263,1,True
breast_cancer,6,2,61,1,1,0,40.43878555297851,3.9897801837064057,1,False
breast_cancer,6,2,62,1,1,0,39.563621520996094,3.929360424316094,0,True
breast_cancer,6,2,63,1,1,0,29.695148468017575,2.3653716039702175,1,False
breast_cancer,6,2,64,1,1,0,31.5672607421875,3.938778245147371,0,True
breast_cancer,6,2,65,0,0,1,57.09306716918945,4.9735504344314885,1,True
breast_cancer,6,2,66,0,0,1,60.78451156616211,5.688250948900876,1,True
breast_cancer,6,2,67,1,1,0,35.036800384521484,4.107924632130001,0,True
breast_cancer,6,2,68,1,1,0,20.572343826293945,3.1800499291161866,0,True
breast_cancer,6,2,69,1,1,0,41.69451904296875,6.168329869609938,0,True
breast_cancer,6,2,70,1,1,0,40.480262756347656,3.617893623456564,0,True
breast_cancer,6,2,71,1,1,0,23.0422420501709,3.480817942423628,0,True
breast_cancer,6,2,72,1,1,0,64.2828598022461,5.8528782852656995,1,False
breast_cancer,6,2,73,1,1,0,61.98078536987305,3.895803380013805,1,False
breast_cancer,6,2,74,0,0,1,76.50484466552734,7.070114309260085,1,True
breast_cancer,6,2,75,1,1,0,26.432159423828125,4.178276604766788,0,True
breast_cancer,6,2,76,0,0,1,63.93247985839844,4.823548560300545,1,True
breast_cancer,6,2,77,0,0,1,30.39685821533203,6.619242898142965,1,True
breast_cancer,6,2,78,0,0,1,2.392556667327881,2.510867247766334,1,True
breast_cancer,6,2,79,1,1,0,25.194482803344727,2.3252053576207334,1,False
breast_cancer,6,2,80,0,0,1,45.92093276977539,4.841913278754476,1,True
breast_cancer,6,2,81,0,0,1,26.61169815063477,3.8382728244757423,1,True
breast_cancer,6,2,82,1,1,0,27.886959075927734,3.3123480747269194,1,False
breast_cancer,6,2,83,0,0,1,75.1193618774414,6.085533577216872,1,True
breast_cancer,6,2,84,0,0,1,9.11620044708252,3.1734361384656817,1,True
breast_cancer,6,2,85,1,1,0,58.089508056640625,4.228034756848212,0,True
breast_cancer,6,2,86,1,1,0,78.22116088867188,6.247725838100114,1,False
breast_cancer,6,2,87,1,1,0,55.8355712890625,4.478834543358761,0,True
breast_cancer,6,2,88,1,1,0,59.82513427734375,5.132028162663779,1,False
breast_cancer,6,2,89,1,1,0,35.354068756103516,2.6585707331662043,1,False
breast_cancer,6,2,90,1,1,0,42.381103515625,3.4685995391843525,1,False
breast_cancer,6,2,91,0,0,1,68.89191436767578,5.94789615205544,1,True
breast_cancer,6,2,92,0,0,1,46.8865852355957,4.889233223924374,1,True
breast_cancer,6,2,93,1,1,0,31.636024475097656,3.861844927112771,0,True
breast_cancer,6,2,94,1,1,0,36.65107727050781,4.056481160401773,1,False
breast_cancer,6,2,95,1,1,0,45.20574188232422,3.1625583639114,1,False
breast_cancer,6,2,96,1,1,0,40.92796325683594,3.6861267229170775,0,True
breast_cancer,6,2,97,1,1,0,54.44025802612305,5.541052806171683,0,True
breast_cancer,6,2,98,1,1,0,30.69498062133789,4.187274354002884,0,True
breast_cancer,6,2,99,0,0,1,14.185086250305176,3.665126326461503,1,True
breast_cancer,6,2,100,1,1,0,35.78239440917969,3.2894553874872563,1,False
breast_cancer,6,2,101,1,1,0,50.83132553100586,5.055084683840598,0,True
breast_cancer,6,2,102,1,1,0,51.29651641845703,5.556577921867076,1,False
breast_cancer,6,2,103,1,1,0,20.863142013549805,2.7029082022806263,1,False
breast_cancer,6,2,104,0,0,1,149.35028076171875,10.984444746030457,1,True
breast_cancer,6,2,105,1,1,0,45.359657287597656,4.497951614469514,1,False
breast_cancer,6,2,106,0,0,1,67.5751724243164,6.617543975149177,1,True
breast_cancer,6,2,107,1,1,0,20.62148666381836,3.056498396139414,0,True
breast_cancer,6,2,108,1,1,0,63.90852355957031,4.954201863336975,1,False
breast_cancer,6,2,109,0,0,1,45.44171905517578,7.301545555117705,1,True
breast_cancer,6,2,110,1,1,0,44.21452331542969,3.0853191646099813,1,False
breast_cancer,6,2,111,1,1,0,33.83770751953125,3.50512775241438,0,True
breast_cancer,6,2,112,0,0,1,31.49376678466797,3.42133318722404,1,True
breast_cancer,6,2,113,1,1,0,19.941320419311523,2.4579314277527833,0,True
breast_cancer,6,3,0,0,0,1,82.31574249267578,7.3616403332964,1,True
breast_cancer,6,3,1,0,0,1,65.21946716308594,6.112394802859418,1,True
breast_cancer,6,3,2,0,0,1,48.24868392944336,3.915863486073256,0,False
breast_cancer,6,3,3,1,1,0,59.62795639038086,5.9203128626404435,0,True
breast_cancer,6,3,4,0,0,1,78.55197143554688,5.006930826089462,0,False
breast_cancer,6,3,5,1,1,0,34.8717155456543,4.672193472714115,0,True
breast_cancer,6,3,7,0,0,1,89.951171875,8.700999491474672,1,True
breast_cancer,6,3,8,1,1,0,30.60175323486328,4.26295921846942,0,True
breast_cancer,6,3,9,1,1,0,37.50625228881836,3.672444686704504,0,True
breast_cancer,6,3,10,1,1,0,27.72579574584961,3.84332423530708,0,True
breast_cancer,6,3,11,1,1,0,25.543384552001953,3.753458720074863,0,True
breast_cancer,6,3,12,0,0,1,72.05268096923828,5.651923503295297,0,False
breast_cancer,6,3,13,0,0,1,110.35759735107422,10.025973434174391,1,True
breast_cancer,6,3,14,1,1,0,43.02699661254883,5.524131669959709,0,True
breast_cancer,6,3,15,1,1,0,69.72235870361328,7.617261716977144,0,True
breast_cancer,6,3,16,1,1,0,36.6380615234375,3.2957289012352216,0,True
breast_cancer,6,3,17,0,0,1,77.27983093261719,8.049864374057753,0,False
breast_cancer,6,3,18,1,1,0,25.492263793945312,2.662563868832649,0,True
breast_cancer,6,3,19,0,0,1,36.365997314453125,5.684069853418019,1,True
breast_cancer,6,3,20,1,1,0,55.92731857299805,4.523415022441896,0,True
breast_cancer,6,3,21,1,1,0,21.88407516479492,3.1515658028182805,0,True
breast_cancer,6,3,22,1,1,0,43.77949905395508,4.955764480979472,0,True
breast_cancer,6,3,23,1,1,0,36.10232162475586,3.760648351847979,0,True
breast_cancer,6,3,24,1,1,0,33.209869384765625,3.8363310144155673,0,True
breast_cancer,6,3,25,0,0,1,19.353073120117188,2.359857059066646,1,True
breast_cancer,6,3,26,0,0,1,131.09109497070312,10.875737567761751,1,True
breast_cancer,6,3,27,0,0,1,60.74858856201172,4.725472660693946,1,True
breast_cancer,6,3,28,0,0,1,45.85279083251953,3.988456680267565,0,False
breast_cancer,6,3,29,0,0,1,74.45276641845703,6.2997431236077075,1,True
breast_cancer,6,3,30,1,1,0,8.989617347717285,1.7098242732552753,0,True
breast_cancer,6,3,31,0,0,1,97.8108367919922,7.17594240720103,0,False
breast_cancer,6,3,32,1,1,0,50.93055725097656,4.339985935122309,0,True
breast_cancer,6,3,33,1,1,0,39.097618103027344,3.998692443132594,0,True
breast_cancer,6,3,34,0,0,1,37.82087326049805,2.8557428607747446,0,False
breast_cancer,6,3,35,0,0,1,218.22816467285156,24.1494579528042,1,True
breast_cancer,6,3,36,0,0,1,65.88496398925781,6.070834332337481,0,False
breast_cancer,6,3,37,1,1,0,30.60097885131836,3.4453023741161575,0,True
breast_cancer,6,3,38,1,1,0,38.10243606567383,3.705306350920876,0,True
breast_cancer,6,3,39,1,1,0,4.702542304992676,2.798737581513837,0,True
breast_cancer,6,3,40,1,1,0,53.33464050292969,4.746671772948091,0,True
breast_cancer,6,3,41,1,1,0,42.19380569458008,3.3035405905130917,0,True
breast_cancer,6,3,42,0,0,1,77.08955383300781,5.88606619703621,0,False
breast_cancer,6,3,43,1,1,0,2.3899500370025635,3.806794895924185,0,True
breast_cancer,6,3,44,1,1,0,20.50359344482422,3.55390528306456,0,True
breast_cancer,6,3,45,0,0,1,53.56852722167969,5.310114533732062,1,True
breast_cancer,6,3,46,0,0,1,52.90367126464844,6.078472902134322,1,True
breast_cancer,6,3,47,1,1,0,59.32682800292969,4.267572743423865,0,True
breast_cancer,6,3,48,0,0,1,15.39081859588623,2.8583343100299237,1,True
breast_cancer,6,3,49,1,1,0,40.2564697265625,4.3660550230906585,0,True
breast_cancer,6,3,50,0,0,1,16.74163246154785,4.753650639056415,1,True
breast_cancer,6,3,51,0,0,1,62.80586242675781,6.434308718640532,1,True
breast_cancer,6,3,52,1,1,0,26.914043426513672,3.5015066750725614,0,True
breast_cancer,6,3,53,1,1,0,10.726048469543455,2.7618582073120193,0,True
breast_cancer,6,3,54,1,1,0,46.59626388549805,3.7678805201284846,0,True
breast_cancer,6,3,55,1,1,0,37.190277099609375,4.334658133728956,1,False
breast_cancer,6,3,56,0,0,1,274.7612609863281,24.05644536184504,0,False
breast_cancer,6,3,57,1,1,0,55.59897994995117,5.0579691822292965,1,False
breast_cancer,6,3,58,1,1,0,39.6893196105957,5.431499826911295,0,True
breast_cancer,6,3,59,1,1,0,46.00035095214844,5.332922062497886,0,True
breast_cancer,6,3,60,0,0,1,45.7620735168457,7.677215953427408,1,True
breast_cancer,6,3,61,1,1,0,40.43878555297851,4.250127672823059,0,True
breast_cancer,6,3,62,1,1,0,39.563621520996094,3.929360424316094,0,True
breast_cancer,6,3,63,1,1,0,29.695148468017575,3.700426991670518,0,True
breast_cancer,6,3,64,1,1,0,31.5672607421875,3.938778245147371,0,True
breast_cancer,6,3,65,0,0,1,57.09306716918945,4.929603144424562,1,True
breast_cancer,6,3,66,0,0,1,60.78451156616211,5.235216860313733,1,True
breast_cancer,6,3,67,1,1,0,35.036800384521484,4.107924632130001,0,True
breast_cancer,6,3,68,1,1,0,20.572343826293945,3.1800499291161866,0,True
breast_cancer,6,3,69,1,1,0,41.69451904296875,7.270861696329382,0,True
breast_cancer,6,3,70,1,1,0,40.480262756347656,3.617893623456564,0,True
breast_cancer,6,3,71,1,1,0,23.0422420501709,3.480817942423628,0,True
breast_cancer,6,3,72,1,1,0,64.2828598022461,5.8528782852656995,1,False
breast_cancer,6,3,73,1,1,0,61.98078536987305,4.897751663278485,0,True
breast_cancer,6,3,74,0,0,1,76.50484466552734,6.821639553700263,1,True
breast_cancer,6,3,75,1,1,0,26.432159423828125,4.178276604766788,0,True
breast_cancer,6,3,76,0,0,1,63.93247985839844,4.160954971011063,0,False
breast_cancer,6,3,77,0,0,1,30.39685821533203,5.8577435415782,0,False
breast_cancer,6,3,79,1,1,0,25.194482803344727,2.3680501089145296,0,True
breast_cancer,6,3,80,0,0,1,45.92093276977539,4.3134742197619556,1,True
breast_cancer,6,3,81,0,0,1,26.61169815063477,3.698987252877163,1,True
breast_cancer,6,3,82,1,1,0,27.886959075927734,3.666894120260088,0,True
breast_cancer,6,3,83,0,0,1,75.1193618774414,5.672844626942808,1,True
breast_cancer,6,3,84,0,0,1,9.11620044708252,3.1734361384656817,1,True
breast_cancer,6,3,85,1,1,0,58.089508056640625,4.228034756848212,0,True
breast_cancer,6,3,86,1,1,0,78.22116088867188,6.412402861434297,0,True
breast_cancer,6,3,87,1,1,0,55.8355712890625,4.478834543358761,0,True
breast_cancer,6,3,88,1,1,0,59.82513427734375,6.789875061612708,0,True
breast_cancer,6,3,89,1,1,0,35.354068756103516,3.0364767857122645,0,True
breast_cancer,6,3,90,1,1,0,42.381103515625,3.8508551291872535,1,False
breast_cancer,6,3,91,0,0,1,68.89191436767578,5.94789615205544,1,True
breast_cancer,6,3,92,0,0,1,46.8865852355957,4.076255884714145,0,False
breast_cancer,6,3,93,1,1,0,31.636024475097656,3.861844927112771,0,True
breast_cancer,6,3,94,1,1,0,36.65107727050781,4.542452801244998,0,True
breast_cancer,6,3,95,1,1,0,45.20574188232422,3.7695121864037953,0,True
breast_cancer,6,3,96,1,1,0,40.92796325683594,3.6861267229170775,0,True
breast_cancer,6,3,97,1,1,0,54.44025802612305,5.541052806171683,0,True
breast_cancer,6,3,98,1,1,0,30.69498062133789,4.187274354002884,0,True
breast_cancer,6,3,99,0,0,1,14.185086250305176,3.4408468229494105,1,True
breast_cancer,6,3,100,1,1,0,35.78239440917969,3.5836073984740446,0,True
breast_cancer,6,3,101,1,1,0,50.83132553100586,5.055084683840598,0,True
breast_cancer,6,3,102,1,1,0,51.29651641845703,6.998089992856624,0,True
breast_cancer,6,3,103,1,1,0,20.863142013549805,3.957972746811427,0,True
breast_cancer,6,3,104,0,0,1,149.35028076171875,10.984444746030457,1,True
breast_cancer,6,3,105,1,1,0,45.359657287597656,4.820544216326199,0,True
breast_cancer,6,3,106,0,0,1,67.5751724243164,6.353011695160449,0,False
breast_cancer,6,3,107,1,1,0,20.62148666381836,3.056498396139414,0,True
breast_cancer,6,3,108,1,1,0,63.90852355957031,4.954201863336975,1,False
breast_cancer,6,3,109,0,0,1,45.44171905517578,7.301545555117705,1,True
breast_cancer,6,3,110,1,1,0,44.21452331542969,3.7642327843115457,0,True
breast_cancer,6,3,111,1,1,0,33.83770751953125,3.50512775241438,0,True
breast_cancer,6,3,112,0,0,1,31.49376678466797,1.9481418644623536,0,False
breast_cancer,6,3,113,1,1,0,19.941320419311523,2.4579314277527833,0,True
breast_cancer,6,5,0,0,0,1,82.31574249267578,7.3616403332964,1,True
breast_cancer,6,5,1,0,0,1,65.21946716308594,6.112394802859418,1,True
breast_cancer,6,5,2,0,0,1,48.24868392944336,5.676657940810553,1,True
breast_cancer,6,5,3,1,1,0,59.62795639038086,5.9203128626404435,0,True
breast_cancer,6,5,4,0,0,1,78.55197143554688,6.430681982093444,1,True
breast_cancer,6,5,5,1,1,0,34.8717155456543,4.672193472714115,0,True
breast_cancer,6,5,6,0,0,1,6.236358642578125,2.777781050516328,1,True
breast_cancer,6,5,7,0,0,1,89.951171875,8.700999491474672,1,True
breast_cancer,6,5,8,1,1,0,30.60175323486328,4.26295921846942,0,True
breast_cancer,6,5,9,1,1,0,37.50625228881836,3.672444686704504,0,True
breast_cancer,6,5,10,1,1,0,27.72579574584961,3.84332423530708,0,True
breast_cancer,6,5,11,1,1,0,25.543384552001953,3.753458720074863,0,True
breast_cancer,6,5,12,0,0,1,72.05268096923828,6.578414857195524,1,True
breast_cancer,6,5,13,0,0,1,110.35759735107422,10.025973434174391,1,True
breast_cancer,6,5,14,1,1,0,43.02699661254883,5.524131669959709,0,True
breast_cancer,6,5,15,1,1,0,69.72235870361328,7.606928696996355,1,False
breast_cancer,6,5,16,1,1,0,36.6380615234375,3.2957289012352216,0,True
breast_cancer,6,5,17,0,0,1,77.27983093261719,8.635759144505622,1,True
breast_cancer,6,5,18,1,1,0,25.492263793945312,2.662563868832649,0,True
breast_cancer,6,5,19,0,0,1,36.365997314453125,5.684069853418019,1,True
breast_cancer,6,5,20,1,1,0,55.92731857299805,4.523415022441896,0,True
breast_cancer,6,5,21,1,1,0,21.88407516479492,3.1515658028182805,0,True
breast_cancer,6,5,22,1,1,0,43.77949905395508,4.955764480979472,0,True
breast_cancer,6,5,23,1,1,0,36.10232162475586,3.760648351847979,0,True
breast_cancer,6,5,24,1,1,0,33.209869384765625,3.8363310144155673,0,True
breast_cancer,6,5,25,0,0,1,19.353073120117188,2.359857059066646,1,True
breast_cancer,6,5,26,0,0,1,131.09109497070312,10.875737567761751,1,True
breast_cancer,6,5,27,0,0,1,60.74858856201172,4.725472660693946,1,True
breast_cancer,6,5,28,0,0,1,45.85279083251953,4.068997086599148,1,True
breast_cancer,6,5,29,0,0,1,74.45276641845703,6.2997431236077075,1,True
breast_cancer,6,5,30,1,1,0,8.989617347717285,1.7098242732552753,0,True
breast_cancer,6,5,31,0,0,1,97.8108367919922,7.72211701372892,1,True
breast_cancer,6,5,32,1,1,0,50.93055725097656,4.339985935122309,0,True
breast_cancer,6,5,33,1,1,0,39.097618103027344,3.998692443132594,0,True
breast_cancer,6,5,34,0,0,1,37.82087326049805,4.300559643124977,1,True
breast_cancer,6,5,35,0,0,1,218.22816467285156,24.1494579528042,1,True
breast_cancer,6,5,36,0,0,1,65.88496398925781,6.37666265993883,1,True
breast_cancer,6,5,37,1,1,0,30.60097885131836,3.4453023741161575,0,True
breast_cancer,6,5,38,1,1,0,38.10243606567383,3.705306350920876,0,True
breast_cancer,6,5,39,1,1,0,4.702542304992676,2.798737581513837,0,True
breast_cancer,6,5,40,1,1,0,53.33464050292969,4.746671772948091,0,True
breast_cancer,6,5,41,1,1,0,42.19380569458008,3.3035405905130917,0,True
breast_cancer,6,5,42,0,0,1,77.08955383300781,6.43730136070522,1,True
breast_cancer,6,5,43,1,1,0,2.3899500370025635,3.806794895924185,0,True
breast_cancer,6,5,44,1,1,0,20.50359344482422,3.55390528306456,0,True
breast_cancer,6,5,45,0,0,1,53.56852722167969,5.310114533732062,1,True
breast_cancer,6,5,46,0,0,1,52.90367126464844,6.078472902134322,1,True
breast_cancer,6,5,47,1,1,0,59.32682800292969,4.267572743423865,0,True
breast_cancer,6,5,48,0,0,1,15.39081859588623,2.8583343100299237,1,True
breast_cancer,6,5,49,1,1,0,40.2564697265625,4.3660550230906585,0,True
breast_cancer,6,5,50,0,0,1,16.74163246154785,4.753650639056415,1,True
breast_cancer,6,5,51,0,0,1,62.80586242675781,6.434308718640532,1,True
breast_cancer,6,5,52,1,1,0,26.914043426513672,3.5015066750725614,0,True
breast_cancer,6,5,53,1,1,0,10.726048469543455,2.7618582073120193,0,True
breast_cancer,6,5,54,1,1,0,46.59626388549805,3.7678805201284846,0,True
breast_cancer,6,5,55,1,1,0,37.190277099609375,4.334658133728956,1,False
breast_cancer,6,5,56,0,0,1,274.7612609863281,24.34457148153517,1,True
breast_cancer,6,5,57,1,1,0,55.59897994995117,5.0579691822292965,1,False
breast_cancer,6,5,58,1,1,0,39.6893196105957,5.431499826911295,0,True
breast_cancer,6,5,59,1,1,0,46.00035095214844,5.332922062497886,0,True
breast_cancer,6,5,60,0,0,1,45.7620735168457,7.677215953427408,1,True
breast_cancer,6,5,61,1,1,0,40.43878555297851,4.250127672823059,0,True
breast_cancer,6,5,62,1,1,0,39.563621520996094,3.929360424316094,0,True
breast_cancer,6,5,63,1,1,0,29.695148468017575,3.700426991670518,0,True
breast_cancer,6,5,64,1,1,0,31.5672607421875,3.938778245147371,0,True
breast_cancer,6,5,65,0,0,1,57.09306716918945,4.929603144424562,1,True
breast_cancer,6,5,66,0,0,1,60.78451156616211,5.235216860313733,1,True
breast_cancer,6,5,67,1,1,0,35.036800384521484,4.107924632130001,0,True
breast_cancer,6,5,68,1,1,0,20.572343826293945,3.1800499291161866,0,True
breast_cancer,6,5,69,1,1,0,41.69451904296875,6.168329869609938,0,True
breast_cancer,6,5,70,1,1,0,40.480262756347656,3.617893623456564,0,True
breast_cancer,6,5,71,1,1,0,23.0422420501709,3.480817942423628,0,True
breast_cancer,6,5,72,1,1,0,64.2828598022461,5.8528782852656995,1,False
breast_cancer,6,5,73,1,1,0,61.98078536987305,4.897751663278485,0,True
breast_cancer,6,5,74,0,0,1,76.50484466552734,6.821639553700263,1,True
breast_cancer,6,5,75,1,1,0,26.432159423828125,4.178276604766788,0,True
breast_cancer,6,5,76,0,0,1,63.93247985839844,4.823548560300545,1,True
breast_cancer,6,5,77,0,0,1,30.39685821533203,6.619242898142965,1,True
breast_cancer,6,5,79,1,1,0,25.194482803344727,2.3680501089145296,0,True
breast_cancer,6,5,80,0,0,1,45.92093276977539,4.3134742197619556,1,True
breast_cancer,6,5,81,0,0,1,26.61169815063477,3.698987252877163,1,True
breast_cancer,6,5,82,1,1,0,27.886959075927734,3.666894120260088,0,True
breast_cancer,6,5,83,0,0,1,75.1193618774414,5.672844626942808,1,True
breast_cancer,6,5,84,0,0,1,9.11620044708252,3.1734361384656817,1,True
breast_cancer,6,5,85,1,1,0,58.089508056640625,4.228034756848212,0,True
breast_cancer,6,5,86,1,1,0,78.22116088867188,6.412402861434297,0,True
breast_cancer,6,5,87,1,1,0,55.8355712890625,4.478834543358761,0,True
breast_cancer,6,5,88,1,1,0,59.82513427734375,6.789875061612708,0,True
breast_cancer,6,5,89,1,1,0,35.354068756103516,3.0364767857122645,0,True
breast_cancer,6,5,90,1,1,0,42.381103515625,3.8508551291872535,1,False
breast_cancer,6,5,91,0,0,1,68.89191436767578,5.94789615205544,1,True
breast_cancer,6,5,92,0,0,1,46.8865852355957,4.889233223924374,1,True
breast_cancer,6,5,93,1,1,0,31.636024475097656,3.861844927112771,0,True
breast_cancer,6,5,94,1,1,0,36.65107727050781,4.542452801244998,0,True
breast_cancer,6,5,95,1,1,0,45.20574188232422,3.7695121864037953,0,True
breast_cancer,6,5,96,1,1,0,40.92796325683594,3.6861267229170775,0,True
breast_cancer,6,5,97,1,1,0,54.44025802612305,5.541052806171683,0,True
breast_cancer,6,5,98,1,1,0,30.69498062133789,4.187274354002884,0,True
breast_cancer,6,5,99,0,0,1,14.185086250305176,3.4408468229494105,1,True
breast_cancer,6,5,100,1,1,0,35.78239440917969,3.5836073984740446,0,True
breast_cancer,6,5,101,1,1,0,50.83132553100586,5.055084683840598,0,True
breast_cancer,6,5,102,1,1,0,51.29651641845703,6.998089992856624,0,True
breast_cancer,6,5,103,1,1,0,20.863142013549805,3.957972746811427,0,True
breast_cancer,6,5,104,0,0,1,149.35028076171875,10.984444746030457,1,True
breast_cancer,6,5,105,1,1,0,45.359657287597656,4.820544216326199,0,True
breast_cancer,6,5,106,0,0,1,67.5751724243164,6.491771406492571,1,True
breast_cancer,6,5,107,1,1,0,20.62148666381836,3.056498396139414,0,True
breast_cancer,6,5,108,1,1,0,63.90852355957031,4.954201863336975,1,False
breast_cancer,6,5,109,0,0,1,45.44171905517578,7.301545555117705,1,True
breast_cancer,6,5,110,1,1,0,44.21452331542969,3.7642327843115457,0,True
breast_cancer,6,5,111,1,1,0,33.83770751953125,3.50512775241438,0,True
breast_cancer,6,5,112,0,0,1,31.49376678466797,3.42133318722404,1,True
breast_cancer,6,5,113,1,1,0,19.941320419311523,2.4579314277527833,0,True
breast_cancer,6,7,0,0,0,1,82.31574249267578,7.3616403332964,1,True
breast_cancer,6,7,1,0,0,1,65.21946716308594,6.112394802859418,1,True
breast_cancer,6,7,2,0,0,1,48.24868392944336,5.676657940810553,1,True
breast_cancer,6,7,3,1,1,0,59.62795639038086,5.9203128626404435,0,True
breast_cancer,6,7,4,0,0,1,78.55197143554688,6.430681982093444,1,True
breast_cancer,6,7,5,1,1,0,34.8717155456543,4.672193472714115,0,True
breast_cancer,6,7,6,0,0,1,6.236358642578125,2.777781050516328,1,True
breast_cancer,6,7,7,0,0,1,89.951171875,8.700999491474672,1,True
breast_cancer,6,7,8,1,1,0,30.60175323486328,4.26295921846942,0,True
breast_cancer,6,7,9,1,1,0,37.50625228881836,3.672444686704504,0,True
breast_cancer,6,7,10,1,1,0,27.72579574584961,3.84332423530708,0,True
breast_cancer,6,7,11,1,1,0,25.543384552001953,3.753458720074863,0,True
breast_cancer,6,7,12,0,0,1,72.05268096923828,6.578414857195524,1,True
breast_cancer,6,7,13,0,0,1,110.35759735107422,10.025973434174391,1,True
breast_cancer,6,7,14,1,1,0,43.02699661254883,5.524131669959709,0,True
breast_cancer,6,7,15,1,1,0,69.72235870361328,7.606928696996355,1,False
breast_cancer,6,7,16,1,1,0,36.6380615234375,3.2957289012352216,0,True
breast_cancer,6,7,17,0,0,1,77.27983093261719,8.635759144505622,1,True
breast_cancer,6,7,18,1,1,0,25.492263793945312,2.662563868832649,0,True
breast_cancer,6,7,19,0,0,1,36.365997314453125,5.684069853418019,1,True
breast_cancer,6,7,20,1,1,0,55.92731857299805,4.523415022441896,0,True
breast_cancer,6,7,21,1,1,0,21.88407516479492,3.1515658028182805,0,True
breast_cancer,6,7,22,1,1,0,43.77949905395508,4.955764480979472,0,True
breast_cancer,6,7,23,1,1,0,36.10232162475586,3.760648351847979,0,True
breast_cancer,6,7,24,1,1,0,33.209869384765625,3.8363310144155673,0,True
breast_cancer,6,7,25,0,0,1,19.353073120117188,2.359857059066646,1,True
breast_cancer,6,7,26,0,0,1,131.09109497070312,10.875737567761751,1,True
breast_cancer,6,7,27,0,0,1,60.74858856201172,4.725472660693946,1,True
breast_cancer,6,7,28,0,0,1,45.85279083251953,4.068997086599148,1,True
breast_cancer,6,7,29,0,0,1,74.45276641845703,6.2997431236077075,1,True
breast_cancer,6,7,30,1,1,0,8.989617347717285,1.7098242732552753,0,True
breast_cancer,6,7,31,0,0,1,97.8108367919922,7.72211701372892,1,True
breast_cancer,6,7,32,1,1,0,50.93055725097656,4.339985935122309,0,True
breast_cancer,6,7,33,1,1,0,39.097618103027344,3.998692443132594,0,True
breast_cancer,6,7,34,0,0,1,37.82087326049805,4.300559643124977,1,True
breast_cancer,6,7,35,0,0,1,218.22816467285156,24.1494579528042,1,True
breast_cancer,6,7,36,0,0,1,65.88496398925781,6.37666265993883,1,True
breast_cancer,6,7,37,1,1,0,30.60097885131836,3.4453023741161575,0,True
breast_cancer,6,7,38,1,1,0,38.10243606567383,3.705306350920876,0,True
breast_cancer,6,7,39,1,1,0,4.702542304992676,2.798737581513837,0,True
breast_cancer,6,7,40,1,1,0,53.33464050292969,4.746671772948091,0,True
breast_cancer,6,7,41,1,1,0,42.19380569458008,3.3035405905130917,0,True
breast_cancer,6,7,42,0,0,1,77.08955383300781,6.43730136070522,1,True
breast_cancer,6,7,43,1,1,0,2.3899500370025635,3.806794895924185,0,True
breast_cancer,6,7,44,1,1,0,20.50359344482422,3.55390528306456,0,True
breast_cancer,6,7,45,0,0,1,53.56852722167969,5.310114533732062,1,True
breast_cancer,6,7,46,0,0,1,52.90367126464844,6.078472902134322,1,True
breast_cancer,6,7,47,1,1,0,59.32682800292969,4.267572743423865,0,True
breast_cancer,6,7,48,0,0,1,15.39081859588623,2.8583343100299237,1,True
breast_cancer,6,7,49,1,1,0,40.2564697265625,4.3660550230906585,0,True
breast_cancer,6,7,50,0,0,1,16.74163246154785,4.753650639056415,1,True
breast_cancer,6,7,51,0,0,1,62.80586242675781,6.434308718640532,1,True
breast_cancer,6,7,52,1,1,0,26.914043426513672,3.5015066750725614,0,True
breast_cancer,6,7,53,1,1,0,10.726048469543455,2.7618582073120193,0,True
breast_cancer,6,7,54,1,1,0,46.59626388549805,3.7678805201284846,0,True
breast_cancer,6,7,55,1,1,0,37.190277099609375,4.334658133728956,1,False
breast_cancer,6,7,56,0,0,1,274.7612609863281,24.34457148153517,1,True
breast_cancer,6,7,57,1,1,0,55.59897994995117,5.0579691822292965,1,False
breast_cancer,6,7,58,1,1,0,39.6893196105957,5.431499826911295,0,True
breast_cancer,6,7,59,1,1,0,46.00035095214844,5.332922062497886,0,True
breast_cancer,6,7,60,0,0,1,45.7620735168457,7.677215953427408,1,True
breast_cancer,6,7,61,1,1,0,40.43878555297851,4.250127672823059,0,True
breast_cancer,6,7,62,1,1,0,39.563621520996094,3.929360424316094,0,True
breast_cancer,6,7,63,1,1,0,29.695148468017575,3.700426991670518,0,True
breast_cancer,6,7,64,1,1,0,31.5672607421875,3.938778245147371,0,True
breast_cancer,6,7,65,0,0,1,57.09306716918945,4.929603144424562,1,True
breast_cancer,6,7,66,0,0,1,60.78451156616211,5.235216860313733,1,True
breast_cancer,6,7,67,1,1,0,35.036800384521484,4.107924632130001,0,True
breast_cancer,6,7,68,1,1,0,20.572343826293945,3.1800499291161866,0,True
breast_cancer,6,7,69,1,1,0,41.69451904296875,6.168329869609938,0,True
breast_cancer,6,7,70,1,1,0,40.480262756347656,3.617893623456564,0,True
breast_cancer,6,7,71,1,1,0,23.0422420501709,3.480817942423628,0,True
breast_cancer,6,7,72,1,1,0,64.2828598022461,5.8528782852656995,1,False
breast_cancer,6,7,73,1,1,0,61.98078536987305,4.897751663278485,0,True
breast_cancer,6,7,74,0,0,1,76.50484466552734,6.821639553700263,1,True
breast_cancer,6,7,75,1,1,0,26.432159423828125,4.178276604766788,0,True
breast_cancer,6,7,76,0,0,1,63.93247985839844,4.823548560300545,1,True
breast_cancer,6,7,77,0,0,1,30.39685821533203,6.619242898142965,1,True
breast_cancer,6,7,79,1,1,0,25.194482803344727,2.3680501089145296,0,True
breast_cancer,6,7,80,0,0,1,45.92093276977539,4.3134742197619556,1,True
breast_cancer,6,7,81,0,0,1,26.61169815063477,3.698987252877163,1,True
breast_cancer,6,7,82,1,1,0,27.886959075927734,3.666894120260088,0,True
breast_cancer,6,7,83,0,0,1,75.1193618774414,5.672844626942808,1,True
breast_cancer,6,7,84,0,0,1,9.11620044708252,3.1734361384656817,1,True
breast_cancer,6,7,85,1,1,0,58.089508056640625,4.228034756848212,0,True
breast_cancer,6,7,86,1,1,0,78.22116088867188,6.412402861434297,0,True
breast_cancer,6,7,87,1,1,0,55.8355712890625,4.478834543358761,0,True
breast_cancer,6,7,88,1,1,0,59.82513427734375,6.789875061612708,0,True
breast_cancer,6,7,89,1,1,0,35.354068756103516,3.0364767857122645,0,True
breast_cancer,6,7,90,1,1,0,42.381103515625,3.8508551291872535,1,False
breast_cancer,6,7,91,0,0,1,68.89191436767578,5.94789615205544,1,True
breast_cancer,6,7,92,0,0,1,46.8865852355957,4.889233223924374,1,True
breast_cancer,6,7,93,1,1,0,31.636024475097656,3.861844927112771,0,True
breast_cancer,6,7,94,1,1,0,36.65107727050781,4.542452801244998,0,True
breast_cancer,6,7,95,1,1,0,45.20574188232422,3.7695121864037953,0,True
breast_cancer,6,7,96,1,1,0,40.92796325683594,3.6861267229170775,0,True
breast_cancer,6,7,97,1,1,0,54.44025802612305,5.541052806171683,0,True
breast_cancer,6,7,98,1,1,0,30.69498062133789,4.187274354002884,0,True
breast_cancer,6,7,99,0,0,1,14.185086250305176,3.4408468229494105,1,True
breast_cancer,6,7,100,1,1,0,35.78239440917969,3.5836073984740446,0,True
breast_cancer,6,7,101,1,1,0,50.83132553100586,5.055084683840598,0,True
breast_cancer,6,7,102,1,1,0,51.29651641845703,6.998089992856624,0,True
breast_cancer,6,7,103,1,1,0,20.863142013549805,3.957972746811427,0,True
breast_cancer,6,7,104,0,0,1,149.35028076171875,10.984444746030457,1,True
breast_cancer,6,7,105,1,1,0,45.359657287597656,4.820544216326199,0,True
breast_cancer,6,7,106,0,0,1,67.5751724243164,6.491771406492571,1,True
breast_cancer,6,7,107,1,1,0,20.62148666381836,3.056498396139414,0,True
breast_cancer,6,7,108,1,1,0,63.90852355957031,4.954201863336975,1,False
breast_cancer,6,7,109,0,0,1,45.44171905517578,7.301545555117705,1,True
breast_cancer,6,7,110,1,1,0,44.21452331542969,3.7642327843115457,0,True
breast_cancer,6,7,111,1,1,0,33.83770751953125,3.50512775241438,0,True
breast_cancer,6,7,112,0,0,1,31.49376678466797,3.42133318722404,1,True
breast_cancer,6,7,113,1,1,0,19.941320419311523,2.4579314277527833,0,True
breast_cancer,6,10,0,0,0,1,82.31574249267578,7.3616403332964,1,True
breast_cancer,6,10,1,0,0,1,65.21946716308594,6.112394802859418,1,True
breast_cancer,6,10,2,0,0,1,48.24868392944336,5.676657940810553,1,True
breast_cancer,6,10,3,1,1,0,59.62795639038086,5.9203128626404435,0,True
breast_cancer,6,10,4,0,0,1,78.55197143554688,6.430681982093444,1,True
breast_cancer,6,10,5,1,1,0,34.8717155456543,4.672193472714115,0,True
breast_cancer,6,10,6,0,0,1,6.236358642578125,2.777781050516328,1,True
breast_cancer,6,10,7,0,0,1,89.951171875,8.700999491474672,1,True
breast_cancer,6,10,8,1,1,0,30.60175323486328,4.26295921846942,0,True
breast_cancer,6,10,9,1,1,0,37.50625228881836,3.672444686704504,0,True
breast_cancer,6,10,10,1,1,0,27.72579574584961,3.84332423530708,0,True
breast_cancer,6,10,11,1,1,0,25.543384552001953,3.753458720074863,0,True
breast_cancer,6,10,12,0,0,1,72.05268096923828,6.578414857195524,1,True
breast_cancer,6,10,13,0,0,1,110.35759735107422,10.025973434174391,1,True
breast_cancer,6,10,14,1,1,0,43.02699661254883,5.524131669959709,0,True
breast_cancer,6,10,15,1,1,0,69.72235870361328,7.606928696996355,1,False
breast_cancer,6,10,16,1,1,0,36.6380615234375,3.2957289012352216,0,True
breast_cancer,6,10,17,0,0,1,77.27983093261719,8.635759144505622,1,True
breast_cancer,6,10,18,1,1,0,25.492263793945312,2.662563868832649,0,True
breast_cancer,6,10,19,0,0,1,36.365997314453125,5.684069853418019,1,True
breast_cancer,6,10,20,1,1,0,55.92731857299805,4.523415022441896,0,True
breast_cancer,6,10,21,1,1,0,21.88407516479492,3.1515658028182805,0,True
breast_cancer,6,10,22,1,1,0,43.77949905395508,4.955764480979472,0,True
breast_cancer,6,10,23,1,1,0,36.10232162475586,3.760648351847979,0,True
breast_cancer,6,10,24,1,1,0,33.209869384765625,3.8363310144155673,0,True
breast_cancer,6,10,25,0,0,1,19.353073120117188,2.359857059066646,1,True
breast_cancer,6,10,26,0,0,1,131.09109497070312,10.875737567761751,1,True
breast_cancer,6,10,27,0,0,1,60.74858856201172,4.725472660693946,1,True
breast_cancer,6,10,28,0,0,1,45.85279083251953,4.068997086599148,1,True
breast_cancer,6,10,29,0,0,1,74.45276641845703,6.2997431236077075,1,True
breast_cancer,6,10,30,1,1,0,8.989617347717285,1.7098242732552753,0,True
breast_cancer,6,10,31,0,0,1,97.8108367919922,7.72211701372892,1,True
breast_cancer,6,10,32,1,1,0,50.93055725097656,4.339985935122309,0,True
breast_cancer,6,10,33,1,1,0,39.097618103027344,3.998692443132594,0,True
breast_cancer,6,10,34,0,0,1,37.82087326049805,4.300559643124977,1,True
breast_cancer,6,10,35,0,0,1,218.22816467285156,24.1494579528042,1,True
breast_cancer,6,10,36,0,0,1,65.88496398925781,6.37666265993883,1,True
breast_cancer,6,10,37,1,1,0,30.60097885131836,3.4453023741161575,0,True
breast_cancer,6,10,38,1,1,0,38.10243606567383,3.705306350920876,0,True
breast_cancer,6,10,39,1,1,0,4.702542304992676,2.798737581513837,0,True
breast_cancer,6,10,40,1,1,0,53.33464050292969,4.746671772948091,0,True
breast_cancer,6,10,41,1,1,0,42.19380569458008,3.3035405905130917,0,True
breast_cancer,6,10,42,0,0,1,77.08955383300781,6.43730136070522,1,True
breast_cancer,6,10,43,1,1,0,2.3899500370025635,3.806794895924185,0,True
breast_cancer,6,10,44,1,1,0,20.50359344482422,3.55390528306456,0,True
breast_cancer,6,10,45,0,0,1,53.56852722167969,5.310114533732062,1,True
breast_cancer,6,10,46,0,0,1,52.90367126464844,6.078472902134322,1,True
breast_cancer,6,10,47,1,1,0,59.32682800292969,4.267572743423865,0,True
breast_cancer,6,10,48,0,0,1,15.39081859588623,2.8583343100299237,1,True
breast_cancer,6,10,49,1,1,0,40.2564697265625,4.3660550230906585,0,True
breast_cancer,6,10,50,0,0,1,16.74163246154785,4.753650639056415,1,True
breast_cancer,6,10,51,0,0,1,62.80586242675781,6.434308718640532,1,True
breast_cancer,6,10,52,1,1,0,26.914043426513672,3.5015066750725614,0,True
breast_cancer,6,10,53,1,1,0,10.726048469543455,2.7618582073120193,0,True
breast_cancer,6,10,54,1,1,0,46.59626388549805,3.7678805201284846,0,True
breast_cancer,6,10,55,1,1,0,37.190277099609375,4.334658133728956,1,False
breast_cancer,6,10,56,0,0,1,274.7612609863281,24.34457148153517,1,True
breast_cancer,6,10,57,1,1,0,55.59897994995117,5.0579691822292965,1,False
breast_cancer,6,10,58,1,1,0,39.6893196105957,5.431499826911295,0,True
breast_cancer,6,10,59,1,1,0,46.00035095214844,5.332922062497886,0,True
breast_cancer,6,10,60,0,0,1,45.7620735168457,7.677215953427408,1,True
breast_cancer,6,10,61,1,1,0,40.43878555297851,4.250127672823059,0,True
breast_cancer,6,10,62,1,1,0,39.563621520996094,3.929360424316094,0,True
breast_cancer,6,10,63,1,1,0,29.695148468017575,3.700426991670518,0,True
breast_cancer,6,10,64,1,1,0,31.5672607421875,3.938778245147371,0,True
breast_cancer,6,10,65,0,0,1,57.09306716918945,4.929603144424562,1,True
breast_cancer,6,10,66,0,0,1,60.78451156616211,5.235216860313733,1,True
breast_cancer,6,10,67,1,1,0,35.036800384521484,4.107924632130001,0,True
breast_cancer,6,10,68,1,1,0,20.572343826293945,3.1800499291161866,0,True
breast_cancer,6,10,69,1,1,0,41.69451904296875,6.168329869609938,0,True
breast_cancer,6,10,70,1,1,0,40.480262756347656,3.617893623456564,0,True
breast_cancer,6,10,71,1,1,0,23.0422420501709,3.480817942423628,0,True
breast_cancer,6,10,72,1,1,0,64.2828598022461,5.8528782852656995,1,False
breast_cancer,6,10,73,1,1,0,61.98078536987305,4.897751663278485,0,True
breast_cancer,6,10,74,0,0,1,76.50484466552734,6.821639553700263,1,True
breast_cancer,6,10,75,1,1,0,26.432159423828125,4.178276604766788,0,True
breast_cancer,6,10,76,0,0,1,63.93247985839844,4.823548560300545,1,True
breast_cancer,6,10,77,0,0,1,30.39685821533203,6.619242898142965,1,True
breast_cancer,6,10,79,1,1,0,25.194482803344727,2.3680501089145296,0,True
breast_cancer,6,10,80,0,0,1,45.92093276977539,4.3134742197619556,1,True
breast_cancer,6,10,81,0,0,1,26.61169815063477,3.698987252877163,1,True
breast_cancer,6,10,82,1,1,0,27.886959075927734,3.666894120260088,0,True
breast_cancer,6,10,83,0,0,1,75.1193618774414,5.672844626942808,1,True
breast_cancer,6,10,84,0,0,1,9.11620044708252,3.1734361384656817,1,True
breast_cancer,6,10,85,1,1,0,58.089508056640625,4.228034756848212,0,True
breast_cancer,6,10,86,1,1,0,78.22116088867188,6.412402861434297,0,True
breast_cancer,6,10,87,1,1,0,55.8355712890625,4.478834543358761,0,True
breast_cancer,6,10,88,1,1,0,59.82513427734375,6.789875061612708,0,True
breast_cancer,6,10,89,1,1,0,35.354068756103516,3.0364767857122645,0,True
breast_cancer,6,10,90,1,1,0,42.381103515625,3.8508551291872535,1,False
breast_cancer,6,10,91,0,0,1,68.89191436767578,5.94789615205544,1,True
breast_cancer,6,10,92,0,0,1,46.8865852355957,4.889233223924374,1,True
breast_cancer,6,10,93,1,1,0,31.636024475097656,3.861844927112771,0,True
breast_cancer,6,10,94,1,1,0,36.65107727050781,4.542452801244998,0,True
breast_cancer,6,10,95,1,1,0,45.20574188232422,3.7695121864037953,0,True
breast_cancer,6,10,96,1,1,0,40.92796325683594,3.6861267229170775,0,True
breast_cancer,6,10,97,1,1,0,54.44025802612305,5.541052806171683,0,True
breast_cancer,6,10,98,1,1,0,30.69498062133789,4.187274354002884,0,True
breast_cancer,6,10,99,0,0,1,14.185086250305176,3.4408468229494105,1,True
breast_cancer,6,10,100,1,1,0,35.78239440917969,3.5836073984740446,0,True
breast_cancer,6,10,101,1,1,0,50.83132553100586,5.055084683840598,0,True
breast_cancer,6,10,102,1,1,0,51.29651641845703,6.998089992856624,0,True
breast_cancer,6,10,103,1,1,0,20.863142013549805,3.957972746811427,0,True
breast_cancer,6,10,104,0,0,1,149.35028076171875,10.984444746030457,1,True
breast_cancer,6,10,105,1,1,0,45.359657287597656,4.820544216326199,0,True
breast_cancer,6,10,106,0,0,1,67.5751724243164,6.491771406492571,1,True
breast_cancer,6,10,107,1,1,0,20.62148666381836,3.056498396139414,0,True
breast_cancer,6,10,108,1,1,0,63.90852355957031,4.954201863336975,1,False
breast_cancer,6,10,109,0,0,1,45.44171905517578,7.301545555117705,1,True
breast_cancer,6,10,110,1,1,0,44.21452331542969,3.7642327843115457,0,True
breast_cancer,6,10,111,1,1,0,33.83770751953125,3.50512775241438,0,True
breast_cancer,6,10,112,0,0,1,31.49376678466797,3.42133318722404,1,True
breast_cancer,6,10,113,1,1,0,19.941320419311523,2.4579314277527833,0,True
breast_cancer,7,2,0,1,1,0,30.79959297180176,5.973579502402833,0,True
breast_cancer,7,2,1,1,1,0,20.099803924560547,5.452983976263732,1,False
breast_cancer,7,2,2,0,0,1,220.967041015625,6.2583093067368125,0,False
breast_cancer,7,2,3,1,1,0,25.15395164489746,4.173115597586749,1,False
breast_cancer,7,2,4,1,1,0,20.683122634887695,3.4054726515745632,0,True
breast_cancer,7,2,7,1,1,0,5.560909271240234,2.3707050005068124,0,True
breast_cancer,7,2,8,1,1,0,27.224292755126953,6.376218882278453,0,True
breast_cancer,7,2,10,1,1,0,32.633705139160156,3.0877152967759813,1,False
breast_cancer,7,2,11,1,1,0,23.432126998901367,3.7408739628072714,0,True
breast_cancer,7,2,12,0,0,1,93.52796173095705,2.7495684259765523,0,False
breast_cancer,7,2,13,1,1,0,20.732847213745117,2.724372192638514,1,False
breast_cancer,7,2,15,1,1,0,26.65491485595703,3.9482026861824018,0,True
breast_cancer,7,2,16,0,0,1,58.931495666503906,3.6870483939346466,1,True
breast_cancer,7,2,17,1,1,0,27.09671211242676,4.146302908942687,0,True
breast_cancer,7,2,18,0,0,1,264.6487121582031,7.268789063379492,0,False
breast_cancer,7,2,20,1,1,0,28.41166114807129,3.867955772261657,0,True
breast_cancer,7,2,22,0,0,1,39.46158218383789,3.092929713097328,0,False
breast_cancer,7,2,23,1,1,0,20.725807189941406,3.1975296122470542,0,True
breast_cancer,7,2,25,0,0,1,93.19873809814452,4.359390470519667,0,False
breast_cancer,7,2,26,1,1,0,19.854997634887695,3.283682904108441,0,True
breast_cancer,7,2,27,0,0,1,9.709030151367188,3.3095893728147785,1,True
breast_cancer,7,2,29,1,1,0,26.68568992614746,3.49196012512979,0,True
breast_cancer,7,2,30,0,0,1,138.0270233154297,3.46828027028196,0,False
breast_cancer,7,2,31,1,1,0,40.62415313720703,6.213829132547364,0,True
breast_cancer,7,2,32,0,0,1,127.0527572631836,4.578938365383528,0,False
breast_cancer,7,2,33,1,1,0,21.169633865356445,5.560236194863606,1,False
breast_cancer,7,2,34,1,1,0,26.739561080932617,4.267715696255376,0,True
breast_cancer,7,2,35,1,1,0,31.50092887878418,4.720039229336646,1,False
breast_cancer,7,2,36,0,0,1,36.2706298828125,3.937355329662487,1,True
breast_cancer,7,2,37,1,1,0,29.956148147583008,5.266550056783548,0,True
breast_cancer,7,2,38,1,1,0,22.84834671020508,4.113853439693538,0,True
breast_cancer,7,2,39,0,0,1,159.22927856445312,3.38525033547301,0,False
breast_cancer,7,2,40,1,1,0,31.127216339111328,3.927142622732039,1,False
breast_cancer,7,2,41,1,1,0,18.863122940063477,3.585572702144084,0,True
breast_cancer,7,2,43,1,1,0,13.205705642700195,4.057549159598619,0,True
breast_cancer,7,2,44,1,1,0,39.83649826049805,8.834938913140203,1,False
breast_cancer,7,2,45,0,0,1,56.60008239746094,3.385164934613352,0,False
breast_cancer,7,2,46,1,1,0,12.058109283447266,3.283633976983403,0,True
breast_cancer,7,2,47,1,1,0,15.13206672668457,2.05895736370609,0,True
breast_cancer,7,2,48,0,0,1,136.9633331298828,5.365313854932197,0,False
breast_cancer,7,2,49,1,1,0,30.942623138427734,7.610788716786995,1,False
breast_cancer,7,2,51,0,0,1,91.94843292236328,9.399922419957011,1,True
breast_cancer,7,2,52,1,1,0,22.805784225463867,3.3234713786372407,1,False
breast_cancer,7,2,53,1,1,0,12.654579162597656,4.327725023306081,1,False
breast_cancer,7,2,54,1,1,0,29.82385635375977,5.136089746866219,1,False
breast_cancer,7,2,55,1,1,0,38.92743682861328,4.8223312588330085,1,False
breast_cancer,7,2,56,1,1,0,16.820369720458984,3.3077259939570167,0,True
breast_cancer,7,2,57,1,1,0,32.052162170410156,5.520394082431765,0,True
breast_cancer,7,2,58,0,0,1,23.923843383789062,3.225868231140787,0,False
breast_cancer,7,2,59,0,0,1,134.1392822265625,2.129736715521074,0,False
breast_cancer,7,2,60,0,0,1,231.73992919921875,6.191773533089962,0,False
breast_cancer,7,2,62,1,1,0,0.3162800371646881,3.4339957268049206,0,True
breast_cancer,7,2,63,0,0,1,216.0137634277344,5.200185505157285,0,False
breast_cancer,7,2,64,1,1,0,27.684337615966797,4.487362677685271,1,False
breast_cancer,7,2,65,1,1,0,25.25034523010254,3.5304464104817193,0,True
breast_cancer,7,2,66,1,1,0,17.28111457824707,3.784766178806494,1,False
breast_cancer,7,2,67,1,1,0,22.20521545410156,3.1540108058065677,0,True
breast_cancer,7,2,69,1,1,0,18.387353897094727,3.112297521697776,0,True
breast_cancer,7,2,70,1,1,0,19.95284652709961,4.190359380576068,0,True
breast_cancer,7,2,71,1,1,0,20.13002014160156,3.2178022129457897,0,True
breast_cancer,7,2,72,1,1,0,26.039356231689453,5.296689395524824,0,True
breast_cancer,7,2,73,1,1,0,18.263853073120117,6.8179845224644025,0,True
breast_cancer,7,2,74,0,0,1,10.377904891967772,3.277644253284202,0,False
breast_cancer,7,2,75,0,0,1,155.98471069335938,5.998506957508065,0,False
breast_cancer,7,2,76,0,0,1,36.34141159057617,3.0850179324528137,1,True
breast_cancer,7,2,77,1,1,0,31.19426727294922,4.2608215608433415,1,False
breast_cancer,7,2,78,1,1,0,23.50489616394043,4.023238794391452,0,True
breast_cancer,7,2,79,1,1,0,17.408111572265625,3.098089957850384,0,True
breast_cancer,7,2,80,1,1,0,11.419317245483398,2.339625254760121,0,True
breast_cancer,7,2,81,0,0,1,146.0419921875,4.980859572892548,0,False
breast_cancer,7,2,83,0,0,1,167.18504333496094,6.208749930588742,0,False
breast_cancer,7,2,84,0,0,1,38.736541748046875,2.211494913895223,0,False
breast_cancer,7,2,86,0,0,1,58.68921661376953,2.1278573242984575,0,False
breast_cancer,7,2,88,1,1,0,19.997047424316406,3.272994544531676,0,True
breast_cancer,7,2,89,1,1,0,23.305252075195312,2.3561695307648187,0,True
breast_cancer,7,2,90,1,1,0,24.358068466186523,4.371519115507715,0,True
breast_cancer,7,2,91,1,1,0,16.606658935546875,2.9941726233259307,0,True
breast_cancer,7,2,92,1,1,0,8.771230697631836,3.056187626083432,0,True
breast_cancer,7,2,93,0,0,1,65.34848022460938,3.653748454327901,0,False
breast_cancer,7,2,94,1,1,0,24.089035034179688,3.6686433227500097,0,True
breast_cancer,7,2,95,0,0,1,271.5379638671875,9.03844061321477,0,False
breast_cancer,7,2,96,1,1,0,28.68857765197754,3.687055922423752,0,True
breast_cancer,7,2,98,1,1,0,19.127695083618164,2.203087385706816,0,True
breast_cancer,7,2,99,1,1,0,12.48709487915039,3.10380956288968,0,True
breast_cancer,7,2,100,0,0,1,143.2228546142578,4.48359955454329,0,False
breast_cancer,7,2,101,1,1,0,20.385028839111328,4.070783797379786,0,True
breast_cancer,7,2,102,0,0,1,120.08345794677734,3.9697502517699057,0,False
breast_cancer,7,2,103,1,1,0,12.137487411499023,3.4172303244929325,0,True
breast_cancer,7,2,104,1,1,0,14.406362533569336,3.493470647334743,0,True
breast_cancer,7,2,105,1,1,0,21.465890884399418,4.686299266150131,1,False
breast_cancer,7,2,106,1,1,0,29.623149871826172,5.003652361732961,0,True
breast_cancer,7,2,107,0,0,1,140.70248413085938,4.795164536199935,0,False
breast_cancer,7,2,108,1,1,0,4.3646650314331055,3.200502927393183,0,True
breast_cancer,7,2,109,1,1,0,32.88103103637695,4.808638242591814,0,True
breast_cancer,7,2,110,1,1,0,24.9616641998291,4.021266755930477,0,True
breast_cancer,7,2,111,0,0,1,20.00426864624023,2.5777078440695047,0,False
breast_cancer,7,2,112,0,0,1,298.506103515625,7.1472584519354845,0,False
breast_cancer,7,2,113,0,0,1,96.64275360107422,4.950055826651562,0,False
breast_cancer,7,3,0,1,1,0,30.79959297180176,4.193276544094558,1,False
breast_cancer,7,3,1,1,1,0,20.099803924560547,5.452983976263732,1,False
breast_cancer,7,3,2,0,0,1,220.967041015625,9.22797556341701,1,True
breast_cancer,7,3,3,1,1,0,25.15395164489746,3.9527864637346384,1,False
breast_cancer,7,3,4,1,1,0,20.683122634887695,3.4054726515745632,0,True
breast_cancer,7,3,6,0,0,1,90.39356994628906,4.754447610448873,0,False
breast_cancer,7,3,7,1,1,0,5.560909271240234,2.3707050005068124,0,True
breast_cancer,7,3,8,1,1,0,27.224292755126953,6.006118079544411,1,False
breast_cancer,7,3,10,1,1,0,32.633705139160156,3.0877152967759813,1,False
breast_cancer,7,3,11,1,1,0,23.432126998901367,3.7408739628072714,0,True
breast_cancer,7,3,12,0,0,1,93.52796173095705,3.8388748841157967,0,False
breast_cancer,7,3,13,1,1,0,20.732847213745117,2.724372192638514,1,False
breast_cancer,7,3,15,1,1,0,26.65491485595703,3.9482026861824018,0,True
breast_cancer,7,3,16,0,0,1,58.931495666503906,3.6870483939346466,1,True
breast_cancer,7,3,17,1,1,0,27.09671211242676,4.146302908942687,0,True
breast_cancer,7,3,18,0,0,1,264.6487121582031,11.814389159304293,0,False
breast_cancer,7,3,20,1,1,0,28.41166114807129,3.867955772261657,0,True
breast_cancer,7,3,22,0,0,1,39.46158218383789,3.092929713097328,0,False
breast_cancer,7,3,23,1,1,0,20.725807189941406,3.1975296122470542,0,True
breast_cancer,7,3,24,0,0,1,85.23973083496094,4.973202303415937,0,False
breast_cancer,7,3,25,0,0,1,93.19873809814452,5.127954352892198,0,False
breast_cancer,7,3,26,1,1,0,19.854997634887695,3.283682904108441,0,True
breast_cancer,7,3,27,0,0,1,9.709030151367188,3.3095893728147785,1,True
breast_cancer,7,3,29,1,1,0,26.68568992614746,3.49196012512979,0,True
breast_cancer,7,3,30,0,0,1,138.0270233154297,6.191990499027526,0,False
breast_cancer,7,3,31,1,1,0,40.62415313720703,5.729257538177644,1,False
breast_cancer,7,3,32,0,0,1,127.0527572631836,4.578938365383528,0,False
breast_cancer,7,3,33,1,1,0,21.169633865356445,3.814127253659736,1,False
breast_cancer,7,3,34,1,1,0,26.739561080932617,4.267715696255376,0,True
breast_cancer,7,3,35,1,1,0,31.50092887878418,4.2112082361272485,1,False
breast_cancer,7,3,36,0,0,1,36.2706298828125,3.937355329662487,1,True
breast_cancer,7,3,37,1,1,0,29.956148147583008,5.266550056783548,0,True
breast_cancer,7,3,38,1,1,0,22.84834671020508,4.113853439693538,0,True
breast_cancer,7,3,39,0,0,1,159.22927856445312,6.57595136992426,0,False
breast_cancer,7,3,40,1,1,0,31.127216339111328,3.927142622732039,1,False
breast_cancer,7,3,41,1,1,0,18.863122940063477,3.585572702144084,0,True
breast_cancer,7,3,43,1,1,0,13.205705642700195,4.057549159598619,0,True
breast_cancer,7,3,44,1,1,0,39.83649826049805,8.143626298198196,1,False
breast_cancer,7,3,45,0,0,1,56.60008239746094,3.385164934613352,0,False
breast_cancer,7,3,46,1,1,0,12.058109283447266,3.283633976983403,0,True
breast_cancer,7,3,47,1,1,0,15.13206672668457,2.05895736370609,0,True
breast_cancer,7,3,48,0,0,1,136.9633331298828,5.365313854932197,0,False
breast_cancer,7,3,49,1,1,0,30.942623138427734,7.610788716786995,1,False
breast_cancer,7,3,50,0,0,1,4.794640064239502,6.433909150524465,0,False
breast_cancer,7,3,51,0,0,1,91.94843292236328,9.399922419957011,1,True
breast_cancer,7,3,52,1,1,0,22.805784225463867,3.3234713786372407,1,False
breast_cancer,7,3,53,1,1,0,12.654579162597656,4.327725023306081,1,False
breast_cancer,7,3,54,1,1,0,29.82385635375977,5.136089746866219,1,False
breast_cancer,7,3,55,1,1,0,38.92743682861328,4.8223312588330085,1,False
breast_cancer,7,3,56,1,1,0,16.820369720458984,3.3077259939570167,0,True
breast_cancer,7,3,57,1,1,0,32.052162170410156,5.520394082431765,0,True
breast_cancer,7,3,58,0,0,1,23.923843383789062,3.333407702358942,0,False
breast_cancer,7,3,59,0,0,1,134.1392822265625,5.123948755596721,0,False
breast_cancer,7,3,60,0,0,1,231.73992919921875,9.943588315855015,0,False
breast_cancer,7,3,61,0,0,1,350.4521789550781,21.808876857436797,0,False
breast_cancer,7,3,62,1,1,0,0.3162800371646881,3.4339957268049206,0,True
breast_cancer,7,3,63,0,0,1,216.0137634277344,8.354091593751813,0,False
breast_cancer,7,3,64,1,1,0,27.684337615966797,4.487362677685271,1,False
breast_cancer,7,3,65,1,1,0,25.25034523010254,3.5304464104817193,0,True
breast_cancer,7,3,66,1,1,0,17.28111457824707,3.784766178806494,1,False
breast_cancer,7,3,67,1,1,0,22.20521545410156,3.1540108058065677,0,True
breast_cancer,7,3,69,1,1,0,18.387353897094727,3.112297521697776,0,True
breast_cancer,7,3,70,1,1,0,19.95284652709961,4.190359380576068,0,True
breast_cancer,7,3,71,1,1,0,20.13002014160156,3.2178022129457897,0,True
breast_cancer,7,3,72,1,1,0,26.039356231689453,4.021968542427296,1,False
breast_cancer,7,3,73,1,1,0,18.263853073120117,5.808479158529189,1,False
breast_cancer,7,3,74,0,0,1,10.377904891967772,3.277644253284202,0,False
breast_cancer,7,3,75,0,0,1,155.98471069335938,7.732054459261239,0,False
breast_cancer,7,3,76,0,0,1,36.34141159057617,3.0850179324528137,1,True
breast_cancer,7,3,77,1,1,0,31.19426727294922,4.2608215608433415,1,False
breast_cancer,7,3,78,1,1,0,23.50489616394043,4.023238794391452,0,True
breast_cancer,7,3,79,1,1,0,17.408111572265625,3.098089957850384,0,True
breast_cancer,7,3,80,1,1,0,11.419317245483398,2.339625254760121,0,True
breast_cancer,7,3,81,0,0,1,146.0419921875,5.554710569133746,0,False
breast_cancer,7,3,82,0,0,1,70.66149139404297,5.161108790093631,1,True
breast_cancer,7,3,83,0,0,1,167.18504333496094,7.960566389061179,0,False
breast_cancer,7,3,84,0,0,1,38.736541748046875,2.211494913895223,0,False
breast_cancer,7,3,86,0,0,1,58.68921661376953,2.1278573242984575,0,False
breast_cancer,7,3,87,0,0,1,51.91973876953125,2.3401651818698337,0,False
breast_cancer,7,3,88,1,1,0,19.997047424316406,3.272994544531676,0,True
breast_cancer,7,3,89,1,1,0,23.305252075195312,2.3561695307648187,0,True
breast_cancer,7,3,90,1,1,0,24.358068466186523,4.199057985031574,1,False
breast_cancer,7,3,91,1,1,0,16.606658935546875,2.9941726233259307,0,True
breast_cancer,7,3,92,1,1,0,8.771230697631836,3.056187626083432,0,True
breast_cancer,7,3,93,0,0,1,65.34848022460938,3.653748454327901,0,False
breast_cancer,7,3,94,1,1,0,24.089035034179688,3.6686433227500097,0,True
breast_cancer,7,3,95,0,0,1,271.5379638671875,12.62794759189761,1,True
breast_cancer,7,3,96,1,1,0,28.68857765197754,3.687055922423752,0,True
breast_cancer,7,3,98,1,1,0,19.127695083618164,2.203087385706816,0,True
breast_cancer,7,3,99,1,1,0,12.48709487915039,3.10380956288968,0,True
breast_cancer,7,3,100,0,0,1,143.2228546142578,4.48359955454329,0,False
breast_cancer,7,3,101,1,1,0,20.385028839111328,4.070783797379786,0,True
breast_cancer,7,3,102,0,0,1,120.08345794677734,5.249775574968433,0,False
breast_cancer,7,3,103,1,1,0,12.137487411499023,3.4172303244929325,0,True
breast_cancer,7,3,104,1,1,0,14.406362533569336,3.493470647334743,0,True
breast_cancer,7,3,105,1,1,0,21.465890884399418,4.612624615212774,1,False
breast_cancer,7,3,106,1,1,0,29.623149871826172,5.003652361732961,0,True
breast_cancer,7,3,107,0,0,1,140.70248413085938,5.117592317055809,0,False
breast_cancer,7,3,108,1,1,0,4.3646650314331055,3.200502927393183,0,True
breast_cancer,7,3,109,1,1,0,32.88103103637695,4.808638242591814,0,True
breast_cancer,7,3,110,1,1,0,24.9616641998291,4.021266755930477,0,True
breast_cancer,7,3,111,0,0,1,20.00426864624023,2.5777078440695047,0,False
breast_cancer,7,3,112,0,0,1,298.506103515625,12.313938558871683,0,False
breast_cancer,7,3,113,0,0,1,96.64275360107422,5.212683827035747,0,False
breast_cancer,7,5,0,1,1,0,30.79959297180176,4.193276544094558,1,False
breast_cancer,7,5,1,1,1,0,20.099803924560547,5.452983976263732,1,False
breast_cancer,7,5,2,0,0,1,220.967041015625,8.467882785825404,0,False
breast_cancer,7,5,3,1,1,0,25.15395164489746,3.9527864637346384,1,False
breast_cancer,7,5,4,1,1,0,20.683122634887695,3.4054726515745632,0,True
breast_cancer,7,5,6,0,0,1,90.39356994628906,4.754447610448873,0,False
breast_cancer,7,5,7,1,1,0,5.560909271240234,2.3707050005068124,0,True
breast_cancer,7,5,8,1,1,0,27.224292755126953,6.006118079544411,1,False
breast_cancer,7,5,9,0,0,1,2.9764175415039062,2.4793285902518645,0,False
breast_cancer,7,5,10,1,1,0,32.633705139160156,3.0877152967759813,1,False
breast_cancer,7,5,11,1,1,0,23.432126998901367,3.7408739628072714,0,True
breast_cancer,7,5,12,0,0,1,93.52796173095705,3.8388748841157967,0,False
breast_cancer,7,5,13,1,1,0,20.732847213745117,2.724372192638514,1,False
breast_cancer,7,5,15,1,1,0,26.65491485595703,3.9482026861824018,0,True
breast_cancer,7,5,16,0,0,1,58.931495666503906,3.6870483939346466,1,True
breast_cancer,7,5,17,1,1,0,27.09671211242676,4.146302908942687,0,True
breast_cancer,7,5,18,0,0,1,264.6487121582031,11.814389159304293,0,False
breast_cancer,7,5,19,0,0,1,34.62013244628906,2.823248345049796,1,True
breast_cancer,7,5,20,1,1,0,28.41166114807129,3.867955772261657,0,True
breast_cancer,7,5,22,0,0,1,39.46158218383789,3.092929713097328,0,False
breast_cancer,7,5,23,1,1,0,20.725807189941406,3.1975296122470542,0,True
breast_cancer,7,5,24,0,0,1,85.23973083496094,4.973202303415937,0,False
breast_cancer,7,5,25,0,0,1,93.19873809814452,4.723072238230613,0,False
breast_cancer,7,5,26,1,1,0,19.854997634887695,3.283682904108441,0,True
breast_cancer,7,5,27,0,0,1,9.709030151367188,3.3095893728147785,1,True
breast_cancer,7,5,29,1,1,0,26.68568992614746,3.49196012512979,0,True
breast_cancer,7,5,30,0,0,1,138.0270233154297,6.191990499027526,0,False
breast_cancer,7,5,31,1,1,0,40.62415313720703,5.729257538177644,1,False
breast_cancer,7,5,32,0,0,1,127.0527572631836,4.578938365383528,0,False
breast_cancer,7,5,33,1,1,0,21.169633865356445,3.814127253659736,1,False
breast_cancer,7,5,34,1,1,0,26.739561080932617,4.267715696255376,0,True
breast_cancer,7,5,35,1,1,0,31.50092887878418,4.2112082361272485,1,False
breast_cancer,7,5,36,0,0,1,36.2706298828125,3.937355329662487,1,True
breast_cancer,7,5,37,1,1,0,29.956148147583008,5.266550056783548,0,True
breast_cancer,7,5,38,1,1,0,22.84834671020508,4.113853439693538,0,True
breast_cancer,7,5,39,0,0,1,159.22927856445312,6.57595136992426,0,False
breast_cancer,7,5,40,1,1,0,31.127216339111328,3.927142622732039,1,False
breast_cancer,7,5,41,1,1,0,18.863122940063477,3.585572702144084,0,True
breast_cancer,7,5,43,1,1,0,13.205705642700195,4.057549159598619,0,True
breast_cancer,7,5,44,1,1,0,39.83649826049805,8.143626298198196,1,False
breast_cancer,7,5,45,0,0,1,56.60008239746094,3.385164934613352,0,False
breast_cancer,7,5,46,1,1,0,12.058109283447266,3.283633976983403,0,True
breast_cancer,7,5,47,1,1,0,15.13206672668457,2.05895736370609,0,True
breast_cancer,7,5,48,0,0,1,136.9633331298828,5.126242364855514,0,False
breast_cancer,7,5,49,1,1,0,30.942623138427734,7.610788716786995,1,False
breast_cancer,7,5,50,0,0,1,4.794640064239502,6.433909150524465,0,False
breast_cancer,7,5,51,0,0,1,91.94843292236328,9.399922419957011,1,True
breast_cancer,7,5,52,1,1,0,22.805784225463867,3.3234713786372407,1,False
breast_cancer,7,5,53,1,1,0,12.654579162597656,4.327725023306081,1,False
breast_cancer,7,5,54,1,1,0,29.82385635375977,5.136089746866219,1,False
breast_cancer,7,5,55,1,1,0,38.92743682861328,4.8223312588330085,1,False
breast_cancer,7,5,56,1,1,0,16.820369720458984,3.3077259939570167,0,True
breast_cancer,7,5,57,1,1,0,32.052162170410156,5.520394082431765,0,True
breast_cancer,7,5,58,0,0,1,23.923843383789062,3.333407702358942,0,False
breast_cancer,7,5,59,0,0,1,134.1392822265625,5.123948755596721,0,False
breast_cancer,7,5,60,0,0,1,231.73992919921875,9.943588315855015,0,False
breast_cancer,7,5,61,0,0,1,350.4521789550781,15.105478205841242,0,False
breast_cancer,7,5,62,1,1,0,0.3162800371646881,3.4339957268049206,0,True
breast_cancer,7,5,63,0,0,1,216.0137634277344,8.354091593751813,0,False
breast_cancer,7,5,64,1,1,0,27.684337615966797,4.487362677685271,1,False
breast_cancer,7,5,65,1,1,0,25.25034523010254,3.5304464104817193,0,True
breast_cancer,7,5,66,1,1,0,17.28111457824707,3.784766178806494,1,False
breast_cancer,7,5,67,1,1,0,22.20521545410156,3.1540108058065677,0,True
breast_cancer,7,5,70,1,1,0,19.95284652709961,4.190359380576068,0,True
breast_cancer,7,5,71,1,1,0,20.13002014160156,3.2178022129457897,0,True
breast_cancer,7,5,72,1,1,0,26.039356231689453,4.021968542427296,1,False
breast_cancer,7,5,73,1,1,0,18.263853073120117,5.808479158529189,1,False
breast_cancer,7,5,74,0,0,1,10.377904891967772,3.277644253284202,0,False
breast_cancer,7,5,75,0,0,1,155.98471069335938,6.53749934140543,0,False
breast_cancer,7,5,76,0,0,1,36.34141159057617,3.0850179324528137,1,True
breast_cancer,7,5,77,1,1,0,31.19426727294922,4.2608215608433415,1,False
breast_cancer,7,5,78,1,1,0,23.50489616394043,4.023238794391452,0,True
breast_cancer,7,5,79,1,1,0,17.408111572265625,3.098089957850384,0,True
breast_cancer,7,5,80,1,1,0,11.419317245483398,2.339625254760121,0,True
breast_cancer,7,5,81,0,0,1,146.0419921875,5.554710569133746,0,False
breast_cancer,7,5,82,0,0,1,70.66149139404297,5.161108790093631,1,True
breast_cancer,7,5,83,0,0,1,167.18504333496094,6.610365670796509,0,False
breast_cancer,7,5,84,0,0,1,38.736541748046875,2.211494913895223,0,False
breast_cancer,7,5,86,0,0,1,58.68921661376953,2.1278573242984575,0,False
breast_cancer,7,5,87,0,0,1,51.91973876953125,2.3401651818698337,0,False
breast_cancer,7,5,88,1,1,0,19.997047424316406,3.272994544531676,0,True
breast_cancer,7,5,89,1,1,0,23.305252075195312,2.3561695307648187,0,True
breast_cancer,7,5,90,1,1,0,24.358068466186523,4.199057985031574,1,False
breast_cancer,7,5,91,1,1,0,16.606658935546875,2.9941726233259307,0,True
breast_cancer,7,5,92,1,1,0,8.771230697631836,3.056187626083432,0,True
breast_cancer,7,5,93,0,0,1,65.34848022460938,3.653748454327901,0,False
breast_cancer,7,5,94,1,1,0,24.089035034179688,3.6686433227500097,0,True
breast_cancer,7,5,95,0,0,1,271.5379638671875,9.626701512043203,0,False
breast_cancer,7,5,96,1,1,0,28.68857765197754,3.687055922423752,0,True
breast_cancer,7,5,97,0,0,1,93.54389190673828,5.787897158714065,0,False
breast_cancer,7,5,98,1,1,0,19.127695083618164,2.203087385706816,0,True
breast_cancer,7,5,99,1,1,0,12.48709487915039,3.10380956288968,0,True
breast_cancer,7,5,100,0,0,1,143.2228546142578,4.48359955454329,0,False
breast_cancer,7,5,101,1,1,0,20.385028839111328,4.070783797379786,0,True
breast_cancer,7,5,102,0,0,1,120.08345794677734,5.249775574968433,0,False
breast_cancer,7,5,103,1,1,0,12.137487411499023,3.4172303244929325,0,True
breast_cancer,7,5,104,1,1,0,14.406362533569336,3.493470647334743,0,True
breast_cancer,7,5,105,1,1,0,21.465890884399418,4.612624615212774,1,False
breast_cancer,7,5,106,1,1,0,29.623149871826172,5.003652361732961,0,True
breast_cancer,7,5,107,0,0,1,140.70248413085938,5.117592317055809,0,False
breast_cancer,7,5,108,1,1,0,4.3646650314331055,3.200502927393183,0,True
breast_cancer,7,5,109,1,1,0,32.88103103637695,4.808638242591814,0,True
breast_cancer,7,5,110,1,1,0,24.9616641998291,4.021266755930477,0,True
breast_cancer,7,5,111,0,0,1,20.00426864624023,2.5777078440695047,0,False
breast_cancer,7,5,112,0,0,1,298.506103515625,11.106483579083744,0,False
breast_cancer,7,5,113,0,0,1,96.64275360107422,4.609549301583139,0,False
breast_cancer,7,7,0,1,1,0,30.79959297180176,4.193276544094558,1,False
breast_cancer,7,7,1,1,1,0,20.099803924560547,5.452983976263732,1,False
breast_cancer,7,7,2,0,0,1,220.967041015625,9.22797556341701,1,True
breast_cancer,7,7,3,1,1,0,25.15395164489746,3.9527864637346384,1,False
breast_cancer,7,7,4,1,1,0,20.683122634887695,3.4054726515745632,0,True
breast_cancer,7,7,6,0,0,1,90.39356994628906,4.754447610448873,0,False
breast_cancer,7,7,7,1,1,0,5.560909271240234,2.3707050005068124,0,True
breast_cancer,7,7,8,1,1,0,27.224292755126953,6.006118079544411,1,False
breast_cancer,7,7,10,1,1,0,32.633705139160156,3.0877152967759813,1,False
breast_cancer,7,7,11,1,1,0,23.432126998901367,3.7408739628072714,0,True
breast_cancer,7,7,12,0,0,1,93.52796173095705,3.8388748841157967,0,False
breast_cancer,7,7,13,1,1,0,20.732847213745117,2.724372192638514,1,False
breast_cancer,7,7,15,1,1,0,26.65491485595703,3.9482026861824018,0,True
breast_cancer,7,7,16,0,0,1,58.931495666503906,3.6870483939346466,1,True
breast_cancer,7,7,17,1,1,0,27.09671211242676,3.7648058771019337,1,False
breast_cancer,7,7,18,0,0,1,264.6487121582031,11.814389159304293,0,False
breast_cancer,7,7,19,0,0,1,34.62013244628906,2.823248345049796,1,True
breast_cancer,7,7,20,1,1,0,28.41166114807129,3.867955772261657,0,True
breast_cancer,7,7,22,0,0,1,39.46158218383789,3.092929713097328,0,False
breast_cancer,7,7,23,1,1,0,20.725807189941406,3.1975296122470542,0,True
breast_cancer,7,7,24,0,0,1,85.23973083496094,4.973202303415937,0,False
breast_cancer,7,7,25,0,0,1,93.19873809814452,5.127954352892198,0,False
breast_cancer,7,7,26,1,1,0,19.854997634887695,3.283682904108441,0,True
breast_cancer,7,7,27,0,0,1,9.709030151367188,3.3095893728147785,1,True
breast_cancer,7,7,29,1,1,0,26.68568992614746,3.49196012512979,0,True
breast_cancer,7,7,30,0,0,1,138.0270233154297,6.191990499027526,0,False
breast_cancer,7,7,31,1,1,0,40.62415313720703,5.729257538177644,1,False
breast_cancer,7,7,32,0,0,1,127.0527572631836,4.578938365383528,0,False
breast_cancer,7,7,33,1,1,0,21.169633865356445,3.814127253659736,1,False
breast_cancer,7,7,34,1,1,0,26.739561080932617,4.267715696255376,0,True
breast_cancer,7,7,35,1,1,0,31.50092887878418,4.2112082361272485,1,False
breast_cancer,7,7,36,0,0,1,36.2706298828125,3.937355329662487,1,True
breast_cancer,7,7,37,1,1,0,29.956148147583008,5.266550056783548,0,True
breast_cancer,7,7,39,0,0,1,159.22927856445312,6.57595136992426,0,False
breast_cancer,7,7,40,1,1,0,31.127216339111328,3.927142622732039,1,False
breast_cancer,7,7,41,1,1,0,18.863122940063477,3.585572702144084,0,True
breast_cancer,7,7,43,1,1,0,13.205705642700195,4.057549159598619,0,True
breast_cancer,7,7,44,1,1,0,39.83649826049805,8.143626298198196,1,False
breast_cancer,7,7,45,0,0,1,56.60008239746094,3.385164934613352,0,False
breast_cancer,7,7,46,1,1,0,12.058109283447266,2.7940127807675124,1,False
breast_cancer,7,7,47,1,1,0,15.13206672668457,2.05895736370609,0,True
breast_cancer,7,7,48,0,0,1,136.9633331298828,5.365313854932197,0,False
breast_cancer,7,7,49,1,1,0,30.942623138427734,7.610788716786995,1,False
breast_cancer,7,7,50,0,0,1,4.794640064239502,6.433909150524465,0,False
breast_cancer,7,7,51,0,0,1,91.94843292236328,9.399922419957011,1,True
breast_cancer,7,7,52,1,1,0,22.805784225463867,3.3234713786372407,1,False
breast_cancer,7,7,53,1,1,0,12.654579162597656,4.327725023306081,1,False
breast_cancer,7,7,54,1,1,0,29.82385635375977,4.888559706523113,1,False
breast_cancer,7,7,55,1,1,0,38.92743682861328,4.8223312588330085,1,False
breast_cancer,7,7,56,1,1,0,16.820369720458984,3.3077259939570167,0,True
breast_cancer,7,7,57,1,1,0,32.052162170410156,5.520394082431765,0,True
breast_cancer,7,7,58,0,0,1,23.923843383789062,3.333407702358942,0,False
breast_cancer,7,7,59,0,0,1,134.1392822265625,5.123948755596721,0,False
breast_cancer,7,7,60,0,0,1,231.73992919921875,9.943588315855015,0,False
breast_cancer,7,7,61,0,0,1,350.4521789550781,21.808876857436797,0,False
breast_cancer,7,7,62,1,1,0,0.3162800371646881,3.4339957268049206,0,True
breast_cancer,7,7,63,0,0,1,216.0137634277344,8.354091593751813,0,False
breast_cancer,7,7,64,1,1,0,27.684337615966797,4.487362677685271,1,False
breast_cancer,7,7,65,1,1,0,25.25034523010254,3.5304464104817193,0,True
breast_cancer,7,7,66,1,1,0,17.28111457824707,3.784766178806494,1,False
breast_cancer,7,7,67,1,1,0,22.20521545410156,3.1540108058065677,0,True
breast_cancer,7,7,70,1,1,0,19.95284652709961,4.190359380576068,0,True
breast_cancer,7,7,71,1,1,0,20.13002014160156,2.94498559176866,1,False
breast_cancer,7,7,72,1,1,0,26.039356231689453,4.021968542427296,1,False
breast_cancer,7,7,73,1,1,0,18.263853073120117,5.808479158529189,1,False
breast_cancer,7,7,74,0,0,1,10.377904891967772,3.277644253284202,0,False
breast_cancer,7,7,75,0,0,1,155.98471069335938,7.732054459261239,0,False
breast_cancer,7,7,76,0,0,1,36.34141159057617,3.0850179324528137,1,True
breast_cancer,7,7,77,1,1,0,31.19426727294922,4.2608215608433415,1,False
breast_cancer,7,7,78,1,1,0,23.50489616394043,3.893863791131371,1,False
breast_cancer,7,7,79,1,1,0,17.408111572265625,3.098089957850384,0,True
breast_cancer,7,7,80,1,1,0,11.419317245483398,2.339625254760121,0,True
breast_cancer,7,7,81,0,0,1,146.0419921875,5.554710569133746,0,False
breast_cancer,7,7,82,0,0,1,70.66149139404297,5.400569070523088,0,False
breast_cancer,7,7,83,0,0,1,167.18504333496094,7.960566389061179,0,False
breast_cancer,7,7,84,0,0,1,38.736541748046875,2.211494913895223,0,False
breast_cancer,7,7,86,0,0,1,58.68921661376953,2.1278573242984575,0,False
breast_cancer,7,7,87,0,0,1,51.91973876953125,2.3401651818698337,0,False
breast_cancer,7,7,88,1,1,0,19.997047424316406,3.272994544531676,0,True
breast_cancer,7,7,89,1,1,0,23.305252075195312,2.3561695307648187,0,True
breast_cancer,7,7,90,1,1,0,24.358068466186523,4.199057985031574,1,False
breast_cancer,7,7,91,1,1,0,16.606658935546875,2.9941726233259307,0,True
breast_cancer,7,7,92,1,1,0,8.771230697631836,3.056187626083432,0,True
breast_cancer,7,7,93,0,0,1,65.34848022460938,3.653748454327901,0,False
breast_cancer,7,7,94,1,1,0,24.089035034179688,3.6686433227500097,0,True
breast_cancer,7,7,95,0,0,1,271.5379638671875,12.62794759189761,1,True
breast_cancer,7,7,96,1,1,0,28.68857765197754,3.687055922423752,0,True
breast_cancer,7,7,97,0,0,1,93.54389190673828,6.7608017043686,1,True
breast_cancer,7,7,98,1,1,0,19.127695083618164,2.203087385706816,0,True
breast_cancer,7,7,99,1,1,0,12.48709487915039,3.10380956288968,0,True
breast_cancer,7,7,100,0,0,1,143.2228546142578,4.48359955454329,0,False
breast_cancer,7,7,101,1,1,0,20.385028839111328,3.709489804042148,1,False
breast_cancer,7,7,102,0,0,1,120.08345794677734,5.249775574968433,0,False
breast_cancer,7,7,103,1,1,0,12.137487411499023,3.4172303244929325,0,True
breast_cancer,7,7,104,1,1,0,14.406362533569336,3.493470647334743,0,True
breast_cancer,7,7,105,1,1,0,21.465890884399418,4.612624615212774,1,False
breast_cancer,7,7,106,1,1,0,29.623149871826172,3.637173485229177,1,False
breast_cancer,7,7,107,0,0,1,140.70248413085938,5.117592317055809,0,False
breast_cancer,7,7,108,1,1,0,4.3646650314331055,3.200502927393183,0,True
breast_cancer,7,7,109,1,1,0,32.88103103637695,4.808638242591814,0,True
breast_cancer,7,7,110,1,1,0,24.9616641998291,4.021266755930477,0,True
breast_cancer,7,7,111,0,0,1,20.00426864624023,2.5777078440695047,0,False
breast_cancer,7,7,112,0,0,1,298.506103515625,12.313938558871683,0,False
breast_cancer,7,7,113,0,0,1,96.64275360107422,5.212683827035747,0,False
breast_cancer,7,10,0,1,1,0,30.79959297180176,4.193276544094558,1,False
breast_cancer,7,10,1,1,1,0,20.099803924560547,5.452983976263732,1,False
breast_cancer,7,10,2,0,0,1,220.967041015625,9.22797556341701,1,True
breast_cancer,7,10,3,1,1,0,25.15395164489746,3.9527864637346384,1,False
breast_cancer,7,10,4,1,1,0,20.683122634887695,3.4054726515745632,0,True
breast_cancer,7,10,6,0,0,1,90.39356994628906,4.754447610448873,0,False
breast_cancer,7,10,7,1,1,0,5.560909271240234,2.3707050005068124,0,True
breast_cancer,7,10,8,1,1,0,27.224292755126953,6.006118079544411,1,False
breast_cancer,7,10,10,1,1,0,32.633705139160156,3.0877152967759813,1,False
breast_cancer,7,10,11,1,1,0,23.432126998901367,3.7408739628072714,0,True
breast_cancer,7,10,12,0,0,1,93.52796173095705,3.8388748841157967,0,False
breast_cancer,7,10,13,1,1,0,20.732847213745117,2.724372192638514,1,False
breast_cancer,7,10,15,1,1,0,26.65491485595703,3.9482026861824018,0,True
breast_cancer,7,10,16,0,0,1,58.931495666503906,3.6870483939346466,1,True
breast_cancer,7,10,17,1,1,0,27.09671211242676,3.7648058771019337,1,False
breast_cancer,7,10,18,0,0,1,264.6487121582031,11.814389159304293,0,False
breast_cancer,7,10,19,0,0,1,34.62013244628906,2.823248345049796,1,True
breast_cancer,7,10,20,1,1,0,28.41166114807129,3.867955772261657,0,True
breast_cancer,7,10,22,0,0,1,39.46158218383789,3.092929713097328,0,False
breast_cancer,7,10,23,1,1,0,20.725807189941406,3.1975296122470542,0,True
breast_cancer,7,10,24,0,0,1,85.23973083496094,4.973202303415937,0,False
breast_cancer,7,10,25,0,0,1,93.19873809814452,5.127954352892198,0,False
breast_cancer,7,10,26,1,1,0,19.854997634887695,3.283682904108441,0,True
breast_cancer,7,10,27,0,0,1,9.709030151367188,3.3095893728147785,1,True
breast_cancer,7,10,29,1,1,0,26.68568992614746,3.49196012512979,0,True
breast_cancer,7,10,30,0,0,1,138.0270233154297,6.191990499027526,0,False
breast_cancer,7,10,31,1,1,0,40.62415313720703,5.729257538177644,1,False
breast_cancer,7,10,32,0,0,1,127.0527572631836,4.578938365383528,0,False
breast_cancer,7,10,33,1,1,0,21.169633865356445,3.814127253659736,1,False
breast_cancer,7,10,34,1,1,0,26.739561080932617,4.267715696255376,0,True
breast_cancer,7,10,35,1,1,0,31.50092887878418,4.2112082361272485,1,False
breast_cancer,7,10,36,0,0,1,36.2706298828125,3.937355329662487,1,True
breast_cancer,7,10,37,1,1,0,29.956148147583008,5.266550056783548,0,True
breast_cancer,7,10,39,0,0,1,159.22927856445312,6.57595136992426,0,False
breast_cancer,7,10,40,1,1,0,31.127216339111328,3.927142622732039,1,False
breast_cancer,7,10,41,1,1,0,18.863122940063477,3.585572702144084,0,True
breast_cancer,7,10,43,1,1,0,13.205705642700195,4.057549159598619,0,True
breast_cancer,7,10,44,1,1,0,39.83649826049805,8.143626298198196,1,False
breast_cancer,7,10,45,0,0,1,56.60008239746094,3.385164934613352,0,False
breast_cancer,7,10,46,1,1,0,12.058109283447266,2.7940127807675124,1,False
breast_cancer,7,10,47,1,1,0,15.13206672668457,2.05895736370609,0,True
breast_cancer,7,10,48,0,0,1,136.9633331298828,5.365313854932197,0,False
breast_cancer,7,10,49,1,1,0,30.942623138427734,7.610788716786995,1,False
breast_cancer,7,10,50,0,0,1,4.794640064239502,6.433909150524465,0,False
breast_cancer,7,10,51,0,0,1,91.94843292236328,9.399922419957011,1,True
breast_cancer,7,10,52,1,1,0,22.805784225463867,3.3234713786372407,1,False
breast_cancer,7,10,53,1,1,0,12.654579162597656,4.327725023306081,1,False
breast_cancer,7,10,54,1,1,0,29.82385635375977,4.888559706523113,1,False
breast_cancer,7,10,55,1,1,0,38.92743682861328,4.8223312588330085,1,False
breast_cancer,7,10,56,1,1,0,16.820369720458984,3.3077259939570167,0,True
breast_cancer,7,10,57,1,1,0,32.052162170410156,5.520394082431765,0,True
breast_cancer,7,10,58,0,0,1,23.923843383789062,3.333407702358942,0,False
breast_cancer,7,10,59,0,0,1,134.1392822265625,5.123948755596721,0,False
breast_cancer,7,10,60,0,0,1,231.73992919921875,9.943588315855015,0,False
breast_cancer,7,10,61,0,0,1,350.4521789550781,21.808876857436797,0,False
breast_cancer,7,10,62,1,1,0,0.3162800371646881,3.4339957268049206,0,True
breast_cancer,7,10,63,0,0,1,216.0137634277344,8.354091593751813,0,False
breast_cancer,7,10,64,1,1,0,27.684337615966797,4.487362677685271,1,False
breast_cancer,7,10,65,1,1,0,25.25034523010254,3.5304464104817193,0,True
breast_cancer,7,10,66,1,1,0,17.28111457824707,3.784766178806494,1,False
breast_cancer,7,10,67,1,1,0,22.20521545410156,3.1540108058065677,0,True
breast_cancer,7,10,70,1,1,0,19.95284652709961,4.190359380576068,0,True
breast_cancer,7,10,71,1,1,0,20.13002014160156,2.94498559176866,1,False
breast_cancer,7,10,72,1,1,0,26.039356231689453,4.021968542427296,1,False
breast_cancer,7,10,73,1,1,0,18.263853073120117,5.808479158529189,1,False
breast_cancer,7,10,74,0,0,1,10.377904891967772,3.277644253284202,0,False
breast_cancer,7,10,75,0,0,1,155.98471069335938,7.732054459261239,0,False
breast_cancer,7,10,76,0,0,1,36.34141159057617,3.0850179324528137,1,True
breast_cancer,7,10,77,1,1,0,31.19426727294922,4.2608215608433415,1,False
breast_cancer,7,10,78,1,1,0,23.50489616394043,3.893863791131371,1,False
breast_cancer,7,10,79,1,1,0,17.408111572265625,3.098089957850384,0,True
breast_cancer,7,10,80,1,1,0,11.419317245483398,2.339625254760121,0,True
breast_cancer,7,10,81,0,0,1,146.0419921875,5.554710569133746,0,False
breast_cancer,7,10,82,0,0,1,70.66149139404297,5.400569070523088,0,False
breast_cancer,7,10,83,0,0,1,167.18504333496094,7.960566389061179,0,False
breast_cancer,7,10,84,0,0,1,38.736541748046875,2.211494913895223,0,False
breast_cancer,7,10,86,0,0,1,58.68921661376953,2.1278573242984575,0,False
breast_cancer,7,10,87,0,0,1,51.91973876953125,2.3401651818698337,0,False
breast_cancer,7,10,88,1,1,0,19.997047424316406,3.272994544531676,0,True
breast_cancer,7,10,89,1,1,0,23.305252075195312,2.3561695307648187,0,True
breast_cancer,7,10,90,1,1,0,24.358068466186523,4.199057985031574,1,False
breast_cancer,7,10,91,1,1,0,16.606658935546875,2.9941726233259307,0,True
breast_cancer,7,10,92,1,1,0,8.771230697631836,3.056187626083432,0,True
breast_cancer,7,10,93,0,0,1,65.34848022460938,3.653748454327901,0,False
breast_cancer,7,10,94,1,1,0,24.089035034179688,3.6686433227500097,0,True
breast_cancer,7,10,95,0,0,1,271.5379638671875,12.62794759189761,1,True
breast_cancer,7,10,96,1,1,0,28.68857765197754,3.687055922423752,0,True
breast_cancer,7,10,97,0,0,1,93.54389190673828,6.7608017043686,1,True
breast_cancer,7,10,98,1,1,0,19.127695083618164,2.203087385706816,0,True
breast_cancer,7,10,99,1,1,0,12.48709487915039,3.10380956288968,0,True
breast_cancer,7,10,100,0,0,1,143.2228546142578,4.48359955454329,0,False
breast_cancer,7,10,101,1,1,0,20.385028839111328,3.709489804042148,1,False
breast_cancer,7,10,102,0,0,1,120.08345794677734,5.249775574968433,0,False
breast_cancer,7,10,103,1,1,0,12.137487411499023,3.4172303244929325,0,True
breast_cancer,7,10,104,1,1,0,14.406362533569336,3.493470647334743,0,True
breast_cancer,7,10,105,1,1,0,21.465890884399418,4.612624615212774,1,False
breast_cancer,7,10,106,1,1,0,29.623149871826172,3.637173485229177,1,False
breast_cancer,7,10,107,0,0,1,140.70248413085938,5.117592317055809,0,False
breast_cancer,7,10,108,1,1,0,4.3646650314331055,3.200502927393183,0,True
breast_cancer,7,10,109,1,1,0,32.88103103637695,4.808638242591814,0,True
breast_cancer,7,10,110,1,1,0,24.9616641998291,4.021266755930477,0,True
breast_cancer,7,10,111,0,0,1,20.00426864624023,2.5777078440695047,0,False
breast_cancer,7,10,112,0,0,1,298.506103515625,12.313938558871683,0,False
breast_cancer,7,10,113,0,0,1,96.64275360107422,5.212683827035747,0,False
breast_cancer,8,2,0,1,1,0,11.91718578338623,2.9427082350231233,0,True
breast_cancer,8,2,1,1,1,0,9.159567832946776,2.7477023978546264,0,True
breast_cancer,8,2,2,0,0,1,187.45425415039065,8.563885126356992,0,False
breast_cancer,8,2,3,1,1,0,32.68559646606445,5.617337899059257,0,True
breast_cancer,8,2,4,1,1,0,45.89006423950195,4.168445767878044,1,False
breast_cancer,8,2,5,0,0,1,109.49934387207033,6.8753551822716465,0,False
breast_cancer,8,2,7,0,0,1,150.95755004882812,6.143737971212485,0,False
breast_cancer,8,2,8,0,0,1,125.84559631347656,5.744383038525137,0,False
breast_cancer,8,2,9,1,1,0,25.786134719848633,2.8115044952810737,0,True
breast_cancer,8,2,10,0,0,1,106.92194366455078,4.808139740281302,0,False
breast_cancer,8,2,11,1,1,0,26.276657104492188,2.3926905786599972,1,False
breast_cancer,8,2,12,1,1,0,45.80437088012695,4.391696874954341,1,False
breast_cancer,8,2,13,1,1,0,31.928714752197266,2.845775128849341,1,False
breast_cancer,8,2,14,1,1,0,45.436767578125,3.55576884559722,1,False
breast_cancer,8,2,15,0,0,1,137.0872802734375,9.28821037109588,0,False
breast_cancer,8,2,16,1,1,0,10.590587615966797,2.5787840915518836,0,True
breast_cancer,8,2,17,1,1,0,39.391822814941406,5.567360815794251,1,False
breast_cancer,8,2,18,0,0,1,8.56152057647705,2.9348531033329515,0,False
breast_cancer,8,2,20,1,1,0,31.162761688232425,3.002851812855449,1,False
breast_cancer,8,2,21,1,1,0,18.505794525146484,3.018618434560503,1,False
breast_cancer,8,2,22,1,1,0,35.44489669799805,3.288203936293951,1,False
breast_cancer,8,2,23,1,1,0,14.469110488891602,5.41504728324565,0,True
breast_cancer,8,2,24,0,0,1,101.82239532470705,4.557815837846729,0,False
breast_cancer,8,2,26,1,1,0,43.042137145996094,4.53773561201528,1,False
breast_cancer,8,2,27,1,1,0,41.4348258972168,3.603966838591422,1,False
breast_cancer,8,2,28,0,0,1,46.49112319946289,4.015762248992525,0,False
breast_cancer,8,2,29,1,1,0,9.421067237854004,3.0657975419478394,0,True
breast_cancer,8,2,30,0,0,1,81.48139953613281,4.931735529835304,0,False
breast_cancer,8,2,32,1,1,0,37.93830108642578,3.088724241253052,1,False
breast_cancer,8,2,33,0,0,1,27.05585289001465,3.2510673357958173,0,False
breast_cancer,8,2,34,1,1,0,25.11054801940918,3.1991606212518855,1,False
breast_cancer,8,2,35,0,0,1,78.44722747802734,3.679597646447527,0,False
breast_cancer,8,2,36,0,0,1,51.77926254272461,3.790216185907288,0,False
breast_cancer,8,2,39,0,0,1,45.97525787353515,4.564065432844878,1,True
breast_cancer,8,2,40,0,0,1,138.9835968017578,6.74993009234746,0,False
breast_cancer,8,2,41,1,1,0,35.454063415527344,5.294586791624273,0,True
breast_cancer,8,2,42,0,0,1,56.53072738647461,2.577726240144932,0,False
breast_cancer,8,2,43,1,1,0,18.7703914642334,3.76336297676631,0,True
breast_cancer,8,2,44,1,1,0,24.84998321533203,6.621105599747251,0,True
breast_cancer,8,2,45,1,1,0,40.17727279663086,4.666435020295124,1,False
breast_cancer,8,2,46,0,0,1,81.86915588378906,4.408980850773604,0,False
breast_cancer,8,2,47,0,0,1,52.2994270324707,3.3280082869942067,0,False
breast_cancer,8,2,48,1,1,0,23.272546768188477,2.905925711233439,1,False
breast_cancer,8,2,49,0,0,1,121.80656433105467,5.127231649069861,0,False
breast_cancer,8,2,50,1,1,0,27.68147850036621,3.2346013994671066,0,True
breast_cancer,8,2,51,1,1,0,36.488059997558594,4.962899928007816,1,False
breast_cancer,8,2,53,0,0,1,146.93600463867188,6.206962395853264,0,False
breast_cancer,8,2,54,0,0,1,13.348597526550291,2.505595349993834,0,False
breast_cancer,8,2,55,1,1,0,43.803466796875,5.500548082960266,0,True
breast_cancer,8,2,56,1,1,0,2.058438777923584,3.055375167962761,1,False
breast_cancer,8,2,57,0,0,1,112.10342407226562,5.010666893389165,0,False
breast_cancer,8,2,58,0,0,1,81.75888061523438,4.614153832455224,0,False
breast_cancer,8,2,59,1,1,0,0.8422858119010925,3.5662047537987287,0,True
breast_cancer,8,2,60,0,0,1,84.59699249267578,4.4016706393221305,0,False
breast_cancer,8,2,62,0,0,1,90.79750061035156,4.445600822417817,0,False
breast_cancer,8,2,63,1,1,0,47.01277923583984,6.710867922432072,0,True
breast_cancer,8,2,64,1,1,0,35.03142547607422,3.3890193719017923,1,False
breast_cancer,8,2,65,1,1,0,30.325206756591797,4.552139305434161,0,True
breast_cancer,8,2,66,1,1,0,27.77092933654785,3.567938718891077,0,True
breast_cancer,8,2,67,0,0,1,41.44643020629883,2.6991022999772856,0,False
breast_cancer,8,2,68,1,1,0,22.56093978881836,2.4747731817523353,1,False
breast_cancer,8,2,69,0,0,1,77.60536193847656,4.671641759373634,0,False
breast_cancer,8,2,70,1,1,0,40.3786735534668,4.132254294250637,1,False
breast_cancer,8,2,71,1,1,0,21.93471908569336,4.1120162982779975,0,True
breast_cancer,8,2,72,1,1,0,10.91500759124756,3.854589535756433,0,True
breast_cancer,8,2,73,1,1,0,36.01757049560547,6.123147181674148,0,True
breast_cancer,8,2,74,1,1,0,38.14173889160156,5.519838890770715,0,True
breast_cancer,8,2,75,1,1,0,4.329543113708496,3.320750265468106,0,True
breast_cancer,8,2,76,0,0,1,38.34995651245117,4.5538275170648355,0,False
breast_cancer,8,2,77,0,0,1,121.88613891601562,5.531780317830721,0,False
breast_cancer,8,2,78,1,1,0,31.710430145263672,3.492773482453438,1,False
breast_cancer,8,2,79,1,1,0,42.898223876953125,5.537736068378326,1,False
breast_cancer,8,2,80,1,1,0,37.01848220825195,5.95845679001555,0,True
breast_cancer,8,2,81,1,1,0,24.448978424072266,3.872596281015898,0,True
breast_cancer,8,2,82,1,1,0,12.11619472503662,7.444255228725368,0,True
breast_cancer,8,2,83,0,0,1,38.3988151550293,3.5425808095730744,1,True
breast_cancer,8,2,84,1,1,0,30.034440994262695,4.2797738515569055,0,True
breast_cancer,8,2,85,0,0,1,71.77243041992188,5.673708218984812,0,False
breast_cancer,8,2,86,0,0,1,73.51505279541016,4.683116198347557,0,False
breast_cancer,8,2,87,0,0,1,135.480224609375,7.093271993505781,0,False
breast_cancer,8,2,88,1,1,0,15.326619148254396,4.822705244910788,0,True
breast_cancer,8,2,89,1,1,0,21.7615909576416,3.41760247454179,0,True
breast_cancer,8,2,90,0,0,1,120.31951141357422,5.608527560082036,0,False
breast_cancer,8,2,91,0,0,1,8.505057334899902,3.4624667293923643,1,True
breast_cancer,8,2,92,1,1,0,15.385971069335938,2.976126673172592,0,True
breast_cancer,8,2,93,0,0,1,39.732906341552734,3.445031171978194,0,False
breast_cancer,8,2,94,1,1,0,34.13064956665039,5.7762083577231875,0,True
breast_cancer,8,2,95,0,0,1,61.13607406616211,5.29285203537619,1,True
breast_cancer,8,2,96,1,1,0,6.037473201751709,3.116447456594716,0,True
breast_cancer,8,2,97,1,1,0,21.265151977539062,3.8632635788855487,1,False
breast_cancer,8,2,99,1,1,0,19.28129768371582,3.4704080628150114,0,True
breast_cancer,8,2,100,1,1,0,17.47580909729004,5.691364534432029,0,True
breast_cancer,8,2,101,0,0,1,88.4773941040039,4.953012782105113,0,False
breast_cancer,8,2,102,1,1,0,13.131587028503418,5.042516010297567,0,True
breast_cancer,8,2,103,1,1,0,31.90066146850586,4.308814953780994,0,True
breast_cancer,8,2,104,1,1,0,25.66023826599121,4.122178506601243,0,True
breast_cancer,8,2,105,1,1,0,18.05946350097656,4.14528537264728,0,True
breast_cancer,8,2,106,1,1,0,34.73685836791992,4.9545292768597395,0,True
breast_cancer,8,2,107,1,1,0,31.02790641784668,4.116526750095526,0,True
breast_cancer,8,2,108,1,1,0,40.49605941772461,4.581486545283652,1,False
breast_cancer,8,2,109,1,1,0,19.587087631225582,3.9077665956938583,0,True
breast_cancer,8,2,110,1,1,0,2.995809555053711,4.325992195943417,0,True
breast_cancer,8,2,111,0,0,1,57.08172607421875,3.2306990771682416,0,False
breast_cancer,8,2,112,0,0,1,168.900634765625,7.815657996643026,0,False
breast_cancer,8,3,0,1,1,0,11.91718578338623,2.9427082350231233,0,True
breast_cancer,8,3,1,1,1,0,9.159567832946776,2.4991419979464924,0,True
breast_cancer,8,3,2,0,0,1,187.45425415039065,8.563885126356992,0,False
breast_cancer,8,3,3,1,1,0,32.68559646606445,3.862853353254874,1,False
breast_cancer,8,3,4,1,1,0,45.89006423950195,3.843631494804385,1,False
breast_cancer,8,3,5,0,0,1,109.49934387207033,6.8753551822716465,0,False
breast_cancer,8,3,7,0,0,1,150.95755004882812,6.438952939112176,0,False
breast_cancer,8,3,8,0,0,1,125.84559631347656,5.744383038525137,0,False
breast_cancer,8,3,9,1,1,0,25.786134719848633,2.8115044952810737,0,True
breast_cancer,8,3,10,0,0,1,106.92194366455078,4.808139740281302,0,False
breast_cancer,8,3,11,1,1,0,26.276657104492188,2.3926905786599972,1,False
breast_cancer,8,3,12,1,1,0,45.80437088012695,4.391696874954341,1,False
breast_cancer,8,3,13,1,1,0,31.928714752197266,2.845775128849341,1,False
breast_cancer,8,3,14,1,1,0,45.436767578125,3.55576884559722,1,False
breast_cancer,8,3,15,0,0,1,137.0872802734375,9.28821037109588,0,False
breast_cancer,8,3,16,1,1,0,10.590587615966797,2.5787840915518836,0,True
breast_cancer,8,3,17,1,1,0,39.391822814941406,4.745174817815397,1,False
breast_cancer,8,3,18,0,0,1,8.56152057647705,2.9348531033329515,0,False
breast_cancer,8,3,20,1,1,0,31.162761688232425,3.002851812855449,1,False
breast_cancer,8,3,21,1,1,0,18.505794525146484,3.018618434560503,1,False
breast_cancer,8,3,22,1,1,0,35.44489669799805,3.288203936293951,1,False
breast_cancer,8,3,24,0,0,1,101.82239532470705,4.557815837846729,0,False
breast_cancer,8,3,26,1,1,0,43.042137145996094,4.53773561201528,1,False
breast_cancer,8,3,27,1,1,0,41.4348258972168,3.603966838591422,1,False
breast_cancer,8,3,28,0,0,1,46.49112319946289,4.015762248992525,0,False
breast_cancer,8,3,29,1,1,0,9.421067237854004,2.913626362701158,0,True
breast_cancer,8,3,30,0,0,1,81.48139953613281,4.931735529835304,0,False
breast_cancer,8,3,31,1,1,0,14.539209365844728,2.3637931366145524,1,False
breast_cancer,8,3,32,1,1,0,37.93830108642578,3.088724241253052,1,False
breast_cancer,8,3,33,0,0,1,27.05585289001465,3.4212038953539405,0,False
breast_cancer,8,3,34,1,1,0,25.11054801940918,3.1991606212518855,1,False
breast_cancer,8,3,35,0,0,1,78.44722747802734,3.679597646447527,0,False
breast_cancer,8,3,36,0,0,1,51.77926254272461,3.790216185907288,0,False
breast_cancer,8,3,39,0,0,1,45.97525787353515,4.564065432844878,1,True
breast_cancer,8,3,40,0,0,1,138.9835968017578,6.74993009234746,0,False
breast_cancer,8,3,41,1,1,0,35.454063415527344,4.716963544337066,1,False
breast_cancer,8,3,42,0,0,1,56.53072738647461,2.577726240144932,0,False
breast_cancer,8,3,43,1,1,0,18.7703914642334,3.546693852559343,1,False
breast_cancer,8,3,44,1,1,0,24.84998321533203,3.697882451788977,1,False
breast_cancer,8,3,45,1,1,0,40.17727279663086,4.666435020295124,1,False
breast_cancer,8,3,46,0,0,1,81.86915588378906,4.408980850773604,0,False
breast_cancer,8,3,47,0,0,1,52.2994270324707,3.3280082869942067,0,False
breast_cancer,8,3,48,1,1,0,23.272546768188477,2.905925711233439,1,False
breast_cancer,8,3,49,0,0,1,121.80656433105467,5.127231649069861,0,False
breast_cancer,8,3,50,1,1,0,27.68147850036621,3.2346013994671066,0,True
breast_cancer,8,3,51,1,1,0,36.488059997558594,3.798058302395044,1,False
breast_cancer,8,3,53,0,0,1,146.93600463867188,6.206962395853264,0,False
breast_cancer,8,3,54,0,0,1,13.348597526550291,2.505595349993834,0,False
breast_cancer,8,3,55,1,1,0,43.803466796875,5.045183751648351,1,False
breast_cancer,8,3,56,1,1,0,2.058438777923584,3.055375167962761,1,False
breast_cancer,8,3,57,0,0,1,112.10342407226562,5.010666893389165,0,False
breast_cancer,8,3,58,0,0,1,81.75888061523438,4.614153832455224,0,False
breast_cancer,8,3,59,1,1,0,0.8422858119010925,3.0304107994343275,0,True
breast_cancer,8,3,60,0,0,1,84.59699249267578,4.4016706393221305,0,False
breast_cancer,8,3,62,0,0,1,90.79750061035156,4.445600822417817,0,False
breast_cancer,8,3,63,1,1,0,47.01277923583984,6.689220388906947,1,False
breast_cancer,8,3,64,1,1,0,35.03142547607422,3.3890193719017923,1,False
breast_cancer,8,3,65,1,1,0,30.325206756591797,4.552139305434161,0,True
breast_cancer,8,3,66,1,1,0,27.77092933654785,3.567938718891077,0,True
breast_cancer,8,3,67,0,0,1,41.44643020629883,2.6991022999772856,0,False
breast_cancer,8,3,68,1,1,0,22.56093978881836,2.4747731817523353,1,False
breast_cancer,8,3,69,0,0,1,77.60536193847656,4.671641759373634,0,False
breast_cancer,8,3,70,1,1,0,40.3786735534668,4.132254294250637,1,False
breast_cancer,8,3,71,1,1,0,21.93471908569336,3.945200102463843,0,True
breast_cancer,8,3,72,1,1,0,10.91500759124756,3.854589535756433,0,True
breast_cancer,8,3,73,1,1,0,36.01757049560547,4.260949148815829,1,False
breast_cancer,8,3,74,1,1,0,38.14173889160156,4.04745204369742,1,False
breast_cancer,8,3,75,1,1,0,4.329543113708496,2.638289463486419,0,True
breast_cancer,8,3,76,0,0,1,38.34995651245117,4.5538275170648355,0,False
breast_cancer,8,3,77,0,0,1,121.88613891601562,5.931197131110223,0,False
breast_cancer,8,3,78,1,1,0,31.710430145263672,3.492773482453438,1,False
breast_cancer,8,3,79,1,1,0,42.898223876953125,5.537736068378326,1,False
breast_cancer,8,3,80,1,1,0,37.01848220825195,5.399122505372154,1,False
breast_cancer,8,3,81,1,1,0,24.448978424072266,3.872596281015898,0,True
breast_cancer,8,3,82,1,1,0,12.11619472503662,3.687217816342618,0,True
breast_cancer,8,3,83,0,0,1,38.3988151550293,3.5425808095730744,1,True
breast_cancer,8,3,84,1,1,0,30.034440994262695,4.2797738515569055,0,True
breast_cancer,8,3,85,0,0,1,71.77243041992188,5.673708218984812,0,False
breast_cancer,8,3,86,0,0,1,73.51505279541016,4.683116198347557,0,False
breast_cancer,8,3,87,0,0,1,135.480224609375,7.093271993505781,0,False
breast_cancer,8,3,88,1,1,0,15.326619148254396,4.294099937722301,1,False
breast_cancer,8,3,89,1,1,0,21.7615909576416,3.41760247454179,0,True
breast_cancer,8,3,90,0,0,1,120.31951141357422,5.608527560082036,0,False
breast_cancer,8,3,91,0,0,1,8.505057334899902,3.4624667293923643,1,True
breast_cancer,8,3,92,1,1,0,15.385971069335938,2.976126673172592,0,True
breast_cancer,8,3,93,0,0,1,39.732906341552734,3.445031171978194,0,False
breast_cancer,8,3,94,1,1,0,34.13064956665039,4.934546218497169,0,True
breast_cancer,8,3,96,1,1,0,6.037473201751709,2.347823293865253,0,True
breast_cancer,8,3,97,1,1,0,21.265151977539062,3.8632635788855487,1,False
breast_cancer,8,3,99,1,1,0,19.28129768371582,3.4704080628150114,0,True
breast_cancer,8,3,100,1,1,0,17.47580909729004,3.946079874898357,0,True
breast_cancer,8,3,101,0,0,1,88.4773941040039,4.953012782105113,0,False
breast_cancer,8,3,102,1,1,0,13.131587028503418,4.300547486646981,0,True
breast_cancer,8,3,103,1,1,0,31.90066146850586,4.308814953780994,0,True
breast_cancer,8,3,104,1,1,0,25.66023826599121,4.122178506601243,0,True
breast_cancer,8,3,105,1,1,0,18.05946350097656,4.14528537264728,0,True
breast_cancer,8,3,106,1,1,0,34.73685836791992,3.161400804395079,1,False
breast_cancer,8,3,107,1,1,0,31.02790641784668,4.116526750095526,0,True
breast_cancer,8,3,108,1,1,0,40.49605941772461,4.581486545283652,1,False
breast_cancer,8,3,109,1,1,0,19.587087631225582,3.730917384934614,0,True
breast_cancer,8,3,110,1,1,0,2.995809555053711,3.82729868986297,0,True
breast_cancer,8,3,111,0,0,1,57.08172607421875,3.2306990771682416,0,False
breast_cancer,8,3,112,0,0,1,168.900634765625,8.95422805357718,0,False
breast_cancer,8,3,113,1,1,0,26.630661010742188,4.830507760703301,0,True
breast_cancer,8,5,0,1,1,0,11.91718578338623,2.9427082350231233,0,True
breast_cancer,8,5,1,1,1,0,9.159567832946776,2.7477023978546264,0,True
breast_cancer,8,5,2,0,0,1,187.45425415039065,8.563885126356992,0,False
breast_cancer,8,5,3,1,1,0,32.68559646606445,5.52103972937929,1,False
breast_cancer,8,5,4,1,1,0,45.89006423950195,3.843631494804385,1,False
breast_cancer,8,5,5,0,0,1,109.49934387207033,6.8753551822716465,0,False
breast_cancer,8,5,7,0,0,1,150.95755004882812,6.143737971212485,0,False
breast_cancer,8,5,8,0,0,1,125.84559631347656,5.744383038525137,0,False
breast_cancer,8,5,9,1,1,0,25.786134719848633,2.8115044952810737,0,True
breast_cancer,8,5,10,0,0,1,106.92194366455078,4.808139740281302,0,False
breast_cancer,8,5,11,1,1,0,26.276657104492188,2.3926905786599972,1,False
breast_cancer,8,5,12,1,1,0,45.80437088012695,4.391696874954341,1,False
breast_cancer,8,5,13,1,1,0,31.928714752197266,2.845775128849341,1,False
breast_cancer,8,5,14,1,1,0,45.436767578125,3.55576884559722,1,False
breast_cancer,8,5,15,0,0,1,137.0872802734375,9.28821037109588,0,False
breast_cancer,8,5,16,1,1,0,10.590587615966797,2.5787840915518836,0,True
breast_cancer,8,5,17,1,1,0,39.391822814941406,5.29290164020383,1,False
breast_cancer,8,5,18,0,0,1,8.56152057647705,2.9348531033329515,0,False
breast_cancer,8,5,20,1,1,0,31.162761688232425,3.002851812855449,1,False
breast_cancer,8,5,21,1,1,0,18.505794525146484,3.018618434560503,1,False
breast_cancer,8,5,22,1,1,0,35.44489669799805,3.288203936293951,1,False
breast_cancer,8,5,23,1,1,0,14.469110488891602,5.216129899790023,1,False
breast_cancer,8,5,24,0,0,1,101.82239532470705,4.557815837846729,0,False
breast_cancer,8,5,25,0,0,1,57.68035888671875,4.996667403241177,0,False
breast_cancer,8,5,26,1,1,0,43.042137145996094,4.53773561201528,1,False
breast_cancer,8,5,27,1,1,0,41.4348258972168,3.603966838591422,1,False
breast_cancer,8,5,28,0,0,1,46.49112319946289,4.015762248992525,0,False
breast_cancer,8,5,29,1,1,0,9.421067237854004,3.0657975419478394,0,True
breast_cancer,8,5,30,0,0,1,81.48139953613281,4.931735529835304,0,False
breast_cancer,8,5,31,1,1,0,14.539209365844728,2.3637931366145524,1,False
breast_cancer,8,5,32,1,1,0,37.93830108642578,3.088724241253052,1,False
breast_cancer,8,5,33,0,0,1,27.05585289001465,3.2510673357958173,0,False
breast_cancer,8,5,34,1,1,0,25.11054801940918,3.1991606212518855,1,False
breast_cancer,8,5,35,0,0,1,78.44722747802734,3.679597646447527,0,False
breast_cancer,8,5,36,0,0,1,51.77926254272461,3.790216185907288,0,False
breast_cancer,8,5,39,0,0,1,45.97525787353515,4.564065432844878,1,True
breast_cancer,8,5,40,0,0,1,138.9835968017578,6.74993009234746,0,False
breast_cancer,8,5,41,1,1,0,35.454063415527344,4.716963544337066,1,False
breast_cancer,8,5,42,0,0,1,56.53072738647461,2.577726240144932,0,False
breast_cancer,8,5,43,1,1,0,18.7703914642334,3.546693852559343,1,False
breast_cancer,8,5,44,1,1,0,24.84998321533203,5.981565823083881,1,False
breast_cancer,8,5,45,1,1,0,40.17727279663086,4.666435020295124,1,False
breast_cancer,8,5,46,0,0,1,81.86915588378906,4.408980850773604,0,False
breast_cancer,8,5,47,0,0,1,52.2994270324707,3.3280082869942067,0,False
breast_cancer,8,5,48,1,1,0,23.272546768188477,2.905925711233439,1,False
breast_cancer,8,5,49,0,0,1,121.80656433105467,5.127231649069861,0,False
breast_cancer,8,5,50,1,1,0,27.68147850036621,3.2346013994671066,0,True
breast_cancer,8,5,51,1,1,0,36.488059997558594,4.962899928007816,1,False
breast_cancer,8,5,53,0,0,1,146.93600463867188,6.206962395853264,0,False
breast_cancer,8,5,54,0,0,1,13.348597526550291,2.505595349993834,0,False
breast_cancer,8,5,55,1,1,0,43.803466796875,5.045183751648351,1,False
breast_cancer,8,5,56,1,1,0,2.058438777923584,3.055375167962761,1,False
breast_cancer,8,5,57,0,0,1,112.10342407226562,5.010666893389165,0,False
breast_cancer,8,5,58,0,0,1,81.75888061523438,4.614153832455224,0,False
breast_cancer,8,5,59,1,1,0,0.8422858119010925,3.5662047537987287,0,True
breast_cancer,8,5,60,0,0,1,84.59699249267578,4.4016706393221305,0,False
breast_cancer,8,5,62,0,0,1,90.79750061035156,4.445600822417817,0,False
breast_cancer,8,5,63,1,1,0,47.01277923583984,6.710867922432072,0,True
breast_cancer,8,5,64,1,1,0,35.03142547607422,3.3890193719017923,1,False
breast_cancer,8,5,65,1,1,0,30.325206756591797,4.552139305434161,0,True
breast_cancer,8,5,66,1,1,0,27.77092933654785,3.567938718891077,0,True
breast_cancer,8,5,67,0,0,1,41.44643020629883,2.6991022999772856,0,False
breast_cancer,8,5,68,1,1,0,22.56093978881836,2.4747731817523353,1,False
breast_cancer,8,5,69,0,0,1,77.60536193847656,4.671641759373634,0,False
breast_cancer,8,5,70,1,1,0,40.3786735534668,4.132254294250637,1,False
breast_cancer,8,5,71,1,1,0,21.93471908569336,4.1120162982779975,0,True
breast_cancer,8,5,72,1,1,0,10.91500759124756,3.854589535756433,0,True
breast_cancer,8,5,73,1,1,0,36.01757049560547,5.325884755690558,1,False
breast_cancer,8,5,74,1,1,0,38.14173889160156,5.15492920102477,1,False
breast_cancer,8,5,75,1,1,0,4.329543113708496,3.320750265468106,0,True
breast_cancer,8,5,76,0,0,1,38.34995651245117,4.5538275170648355,0,False
breast_cancer,8,5,77,0,0,1,121.88613891601562,5.531780317830721,0,False
breast_cancer,8,5,78,1,1,0,31.710430145263672,3.492773482453438,1,False
breast_cancer,8,5,79,1,1,0,42.898223876953125,5.537736068378326,1,False
breast_cancer,8,5,80,1,1,0,37.01848220825195,5.399122505372154,1,False
breast_cancer,8,5,81,1,1,0,24.448978424072266,3.872596281015898,0,True
breast_cancer,8,5,82,1,1,0,12.11619472503662,6.321303584452406,1,False
breast_cancer,8,5,83,0,0,1,38.3988151550293,3.5425808095730744,1,True
breast_cancer,8,5,84,1,1,0,30.034440994262695,4.2797738515569055,0,True
breast_cancer,8,5,85,0,0,1,71.77243041992188,5.673708218984812,0,False
breast_cancer,8,5,86,0,0,1,73.51505279541016,4.683116198347557,0,False
breast_cancer,8,5,87,0,0,1,135.480224609375,7.093271993505781,0,False
breast_cancer,8,5,88,1,1,0,15.326619148254396,4.822705244910788,0,True
breast_cancer,8,5,89,1,1,0,21.7615909576416,3.41760247454179,0,True
breast_cancer,8,5,90,0,0,1,120.31951141357422,5.608527560082036,0,False
breast_cancer,8,5,91,0,0,1,8.505057334899902,3.4624667293923643,1,True
breast_cancer,8,5,92,1,1,0,15.385971069335938,2.976126673172592,0,True
breast_cancer,8,5,93,0,0,1,39.732906341552734,3.445031171978194,0,False
breast_cancer,8,5,94,1,1,0,34.13064956665039,5.769890429723066,1,False
breast_cancer,8,5,96,1,1,0,6.037473201751709,3.116447456594716,0,True
breast_cancer,8,5,97,1,1,0,21.265151977539062,3.8632635788855487,1,False
breast_cancer,8,5,99,1,1,0,19.28129768371582,3.4704080628150114,0,True
breast_cancer,8,5,100,1,1,0,17.47580909729004,5.516829466085477,1,False
breast_cancer,8,5,101,0,0,1,88.4773941040039,4.953012782105113,0,False
breast_cancer,8,5,102,1,1,0,13.131587028503418,5.042516010297567,0,True
breast_cancer,8,5,103,1,1,0,31.90066146850586,4.308814953780994,0,True
breast_cancer,8,5,104,1,1,0,25.66023826599121,4.122178506601243,0,True
breast_cancer,8,5,105,1,1,0,18.05946350097656,4.14528537264728,0,True
breast_cancer,8,5,106,1,1,0,34.73685836791992,4.122235716838551,1,False
breast_cancer,8,5,107,1,1,0,31.02790641784668,4.116526750095526,0,True
breast_cancer,8,5,108,1,1,0,40.49605941772461,4.581486545283652,1,False
breast_cancer,8,5,109,1,1,0,19.587087631225582,3.9077665956938583,0,True
breast_cancer,8,5,110,1,1,0,2.995809555053711,4.325992195943417,0,True
breast_cancer,8,5,111,0,0,1,57.08172607421875,3.2306990771682416,0,False
breast_cancer,8,5,112,0,0,1,168.900634765625,7.815657996643026,0,False
breast_cancer,8,5,113,1,1,0,26.630661010742188,4.830507760703301,0,True
breast_cancer,8,7,0,1,1,0,11.91718578338623,2.9427082350231233,0,True
breast_cancer,8,7,1,1,1,0,9.159567832946776,2.7315819774964156,1,False
breast_cancer,8,7,2,0,0,1,187.45425415039065,8.563885126356992,0,False
breast_cancer,8,7,3,1,1,0,32.68559646606445,3.862853353254874,1,False
breast_cancer,8,7,4,1,1,0,45.89006423950195,3.843631494804385,1,False
breast_cancer,8,7,5,0,0,1,109.49934387207033,6.8753551822716465,0,False
breast_cancer,8,7,6,0,0,1,16.525318145751953,3.2803495240335487,1,True
breast_cancer,8,7,7,0,0,1,150.95755004882812,6.143737971212485,0,False
breast_cancer,8,7,8,0,0,1,125.84559631347656,5.744383038525137,0,False
breast_cancer,8,7,9,1,1,0,25.786134719848633,2.8115044952810737,0,True
breast_cancer,8,7,10,0,0,1,106.92194366455078,4.808139740281302,0,False
breast_cancer,8,7,11,1,1,0,26.276657104492188,2.3926905786599972,1,False
breast_cancer,8,7,12,1,1,0,45.80437088012695,4.391696874954341,1,False
breast_cancer,8,7,13,1,1,0,31.928714752197266,2.845775128849341,1,False
breast_cancer,8,7,14,1,1,0,45.436767578125,3.55576884559722,1,False
breast_cancer,8,7,15,0,0,1,137.0872802734375,9.28821037109588,0,False
breast_cancer,8,7,16,1,1,0,10.590587615966797,2.5787840915518836,0,True
breast_cancer,8,7,17,1,1,0,39.391822814941406,4.745174817815397,1,False
breast_cancer,8,7,18,0,0,1,8.56152057647705,2.9348531033329515,0,False
breast_cancer,8,7,20,1,1,0,31.162761688232425,3.002851812855449,1,False
breast_cancer,8,7,21,1,1,0,18.505794525146484,3.018618434560503,1,False
breast_cancer,8,7,22,1,1,0,35.44489669799805,3.288203936293951,1,False
breast_cancer,8,7,23,1,1,0,14.469110488891602,4.3305635873089106,1,False
breast_cancer,8,7,24,0,0,1,101.82239532470705,4.557815837846729,0,False
breast_cancer,8,7,25,0,0,1,57.68035888671875,4.996667403241177,0,False
breast_cancer,8,7,26,1,1,0,43.042137145996094,4.53773561201528,1,False
breast_cancer,8,7,27,1,1,0,41.4348258972168,3.603966838591422,1,False
breast_cancer,8,7,28,0,0,1,46.49112319946289,4.015762248992525,0,False
breast_cancer,8,7,29,1,1,0,9.421067237854004,3.0657975419478394,0,True
breast_cancer,8,7,30,0,0,1,81.48139953613281,4.931735529835304,0,False
breast_cancer,8,7,31,1,1,0,14.539209365844728,2.3637931366145524,1,False
breast_cancer,8,7,32,1,1,0,37.93830108642578,3.088724241253052,1,False
breast_cancer,8,7,33,0,0,1,27.05585289001465,3.2510673357958173,0,False
breast_cancer,8,7,34,1,1,0,25.11054801940918,3.1991606212518855,1,False
breast_cancer,8,7,35,0,0,1,78.44722747802734,3.679597646447527,0,False
breast_cancer,8,7,36,0,0,1,51.77926254272461,3.790216185907288,0,False
breast_cancer,8,7,39,0,0,1,45.97525787353515,4.564065432844878,1,True
breast_cancer,8,7,40,0,0,1,138.9835968017578,6.74993009234746,0,False
breast_cancer,8,7,41,1,1,0,35.454063415527344,4.174571402645985,1,False
breast_cancer,8,7,42,0,0,1,56.53072738647461,2.577726240144932,0,False
breast_cancer,8,7,43,1,1,0,18.7703914642334,3.177860500812377,1,False
breast_cancer,8,7,44,1,1,0,24.84998321533203,3.697882451788977,1,False
breast_cancer,8,7,45,1,1,0,40.17727279663086,4.666435020295124,1,False
breast_cancer,8,7,46,0,0,1,81.86915588378906,4.408980850773604,0,False
breast_cancer,8,7,47,0,0,1,52.2994270324707,3.3280082869942067,0,False
breast_cancer,8,7,48,1,1,0,23.272546768188477,2.905925711233439,1,False
breast_cancer,8,7,49,0,0,1,121.80656433105467,5.127231649069861,0,False
breast_cancer,8,7,50,1,1,0,27.68147850036621,3.2346013994671066,0,True
breast_cancer,8,7,51,1,1,0,36.488059997558594,3.798058302395044,1,False
breast_cancer,8,7,53,0,0,1,146.93600463867188,6.206962395853264,0,False
breast_cancer,8,7,54,0,0,1,13.348597526550291,2.505595349993834,0,False
breast_cancer,8,7,55,1,1,0,43.803466796875,5.045183751648351,1,False
breast_cancer,8,7,56,1,1,0,2.058438777923584,3.055375167962761,1,False
breast_cancer,8,7,57,0,0,1,112.10342407226562,5.010666893389165,0,False
breast_cancer,8,7,58,0,0,1,81.75888061523438,4.614153832455224,0,False
breast_cancer,8,7,59,1,1,0,0.8422858119010925,1.8360448411130363,1,False
breast_cancer,8,7,60,0,0,1,84.59699249267578,4.4016706393221305,0,False
breast_cancer,8,7,62,0,0,1,90.79750061035156,4.445600822417817,0,False
breast_cancer,8,7,63,1,1,0,47.01277923583984,6.710867922432072,0,True
breast_cancer,8,7,64,1,1,0,35.03142547607422,3.3890193719017923,1,False
breast_cancer,8,7,65,1,1,0,30.325206756591797,4.284324162303076,1,False
breast_cancer,8,7,66,1,1,0,27.77092933654785,3.567938718891077,0,True
breast_cancer,8,7,67,0,0,1,41.44643020629883,2.745701100447953,0,False
breast_cancer,8,7,69,0,0,1,77.60536193847656,4.671641759373634,0,False
breast_cancer,8,7,70,1,1,0,40.3786735534668,4.132254294250637,1,False
breast_cancer,8,7,71,1,1,0,21.93471908569336,3.810812216218943,1,False
breast_cancer,8,7,72,1,1,0,10.91500759124756,3.854589535756433,0,True
breast_cancer,8,7,73,1,1,0,36.01757049560547,4.260949148815829,1,False
breast_cancer,8,7,74,1,1,0,38.14173889160156,4.04745204369742,1,False
breast_cancer,8,7,75,1,1,0,4.329543113708496,2.7986504706032553,1,False
breast_cancer,8,7,76,0,0,1,38.34995651245117,4.5538275170648355,0,False
breast_cancer,8,7,77,0,0,1,121.88613891601562,5.531780317830721,0,False
breast_cancer,8,7,78,1,1,0,31.710430145263672,3.492773482453438,1,False
breast_cancer,8,7,79,1,1,0,42.898223876953125,5.537736068378326,1,False
breast_cancer,8,7,80,1,1,0,37.01848220825195,4.770343936621256,0,True
breast_cancer,8,7,81,1,1,0,24.448978424072266,3.869178267487223,0,True
breast_cancer,8,7,82,1,1,0,12.11619472503662,3.687217816342618,0,True
breast_cancer,8,7,83,0,0,1,38.3988151550293,3.5425808095730744,1,True
breast_cancer,8,7,84,1,1,0,30.034440994262695,4.045680012560696,1,False
breast_cancer,8,7,85,0,0,1,71.77243041992188,5.673708218984812,0,False
breast_cancer,8,7,86,0,0,1,73.51505279541016,4.683116198347557,0,False
breast_cancer,8,7,87,0,0,1,135.480224609375,7.093271993505781,0,False
breast_cancer,8,7,88,1,1,0,15.326619148254396,4.029979410062811,0,True
breast_cancer,8,7,89,1,1,0,21.7615909576416,3.41760247454179,0,True
breast_cancer,8,7,90,0,0,1,120.31951141357422,5.608527560082036,0,False
breast_cancer,8,7,91,0,0,1,8.505057334899902,3.4624667293923643,1,True
breast_cancer,8,7,92,1,1,0,15.385971069335938,2.976126673172592,0,True
breast_cancer,8,7,93,0,0,1,39.732906341552734,3.445031171978194,0,False
breast_cancer,8,7,94,1,1,0,34.13064956665039,2.508534840861732,1,False
breast_cancer,8,7,96,1,1,0,6.037473201751709,3.106090450542042,1,False
breast_cancer,8,7,97,1,1,0,21.265151977539062,3.8632635788855487,1,False
breast_cancer,8,7,98,0,0,1,3.11562180519104,2.9595945021052343,1,True
breast_cancer,8,7,99,1,1,0,19.28129768371582,2.9960210716869624,1,False
breast_cancer,8,7,100,1,1,0,17.47580909729004,3.5466857870877417,0,True
breast_cancer,8,7,101,0,0,1,88.4773941040039,4.953012782105113,0,False
breast_cancer,8,7,102,1,1,0,13.131587028503418,3.393725684991882,0,True
breast_cancer,8,7,103,1,1,0,31.90066146850586,4.308814953780994,0,True
breast_cancer,8,7,104,1,1,0,25.66023826599121,4.122178506601243,0,True
breast_cancer,8,7,105,1,1,0,18.05946350097656,2.8106686849620752,0,True
breast_cancer,8,7,106,1,1,0,34.73685836791992,3.161400804395079,1,False
breast_cancer,8,7,107,1,1,0,31.02790641784668,4.116526750095526,0,True
breast_cancer,8,7,108,1,1,0,40.49605941772461,4.581486545283652,1,False
breast_cancer,8,7,109,1,1,0,19.587087631225582,2.6449330272077747,1,False
breast_cancer,8,7,110,1,1,0,2.995809555053711,2.342595861398272,1,False
breast_cancer,8,7,111,0,0,1,57.08172607421875,3.2306990771682416,0,False
breast_cancer,8,7,112,0,0,1,168.900634765625,7.815657996643026,0,False
breast_cancer,8,7,113,1,1,0,26.630661010742188,4.830507760703301,0,True
breast_cancer,8,10,0,1,1,0,11.91718578338623,2.9427082350231233,0,True
breast_cancer,8,10,1,1,1,0,9.159567832946776,2.7315819774964156,1,False
breast_cancer,8,10,2,0,0,1,187.45425415039065,8.563885126356992,0,False
breast_cancer,8,10,3,1,1,0,32.68559646606445,3.862853353254874,1,False
breast_cancer,8,10,4,1,1,0,45.89006423950195,3.843631494804385,1,False
breast_cancer,8,10,5,0,0,1,109.49934387207033,6.8753551822716465,0,False
breast_cancer,8,10,6,0,0,1,16.525318145751953,3.2803495240335487,1,True
breast_cancer,8,10,7,0,0,1,150.95755004882812,6.143737971212485,0,False
breast_cancer,8,10,8,0,0,1,125.84559631347656,5.744383038525137,0,False
breast_cancer,8,10,9,1,1,0,25.786134719848633,2.8115044952810737,0,True
breast_cancer,8,10,10,0,0,1,106.92194366455078,4.808139740281302,0,False
breast_cancer,8,10,11,1,1,0,26.276657104492188,2.3926905786599972,1,False
breast_cancer,8,10,12,1,1,0,45.80437088012695,4.391696874954341,1,False
breast_cancer,8,10,13,1,1,0,31.928714752197266,2.845775128849341,1,False
breast_cancer,8,10,14,1,1,0,45.436767578125,3.55576884559722,1,False
breast_cancer,8,10,15,0,0,1,137.0872802734375,9.28821037109588,0,False
breast_cancer,8,10,16,1,1,0,10.590587615966797,2.5787840915518836,0,True
breast_cancer,8,10,17,1,1,0,39.391822814941406,4.745174817815397,1,False
breast_cancer,8,10,18,0,0,1,8.56152057647705,2.9348531033329515,0,False
breast_cancer,8,10,20,1,1,0,31.162761688232425,3.002851812855449,1,False
breast_cancer,8,10,21,1,1,0,18.505794525146484,3.018618434560503,1,False
breast_cancer,8,10,22,1,1,0,35.44489669799805,3.288203936293951,1,False
breast_cancer,8,10,23,1,1,0,14.469110488891602,4.3305635873089106,1,False
breast_cancer,8,10,24,0,0,1,101.82239532470705,4.557815837846729,0,False
breast_cancer,8,10,25,0,0,1,57.68035888671875,4.996667403241177,0,False
breast_cancer,8,10,26,1,1,0,43.042137145996094,4.53773561201528,1,False
breast_cancer,8,10,27,1,1,0,41.4348258972168,3.603966838591422,1,False
breast_cancer,8,10,28,0,0,1,46.49112319946289,4.015762248992525,0,False
breast_cancer,8,10,29,1,1,0,9.421067237854004,3.0657975419478394,0,True
breast_cancer,8,10,30,0,0,1,81.48139953613281,4.931735529835304,0,False
breast_cancer,8,10,31,1,1,0,14.539209365844728,2.3637931366145524,1,False
breast_cancer,8,10,32,1,1,0,37.93830108642578,3.088724241253052,1,False
breast_cancer,8,10,33,0,0,1,27.05585289001465,3.2510673357958173,0,False
breast_cancer,8,10,34,1,1,0,25.11054801940918,3.1991606212518855,1,False
breast_cancer,8,10,35,0,0,1,78.44722747802734,3.679597646447527,0,False
breast_cancer,8,10,36,0,0,1,51.77926254272461,3.790216185907288,0,False
breast_cancer,8,10,39,0,0,1,45.97525787353515,4.564065432844878,1,True
breast_cancer,8,10,40,0,0,1,138.9835968017578,6.74993009234746,0,False
breast_cancer,8,10,41,1,1,0,35.454063415527344,4.174571402645985,1,False
breast_cancer,8,10,42,0,0,1,56.53072738647461,2.577726240144932,0,False
breast_cancer,8,10,43,1,1,0,18.7703914642334,3.177860500812377,1,False
breast_cancer,8,10,44,1,1,0,24.84998321533203,3.697882451788977,1,False
breast_cancer,8,10,45,1,1,0,40.17727279663086,4.666435020295124,1,False
breast_cancer,8,10,46,0,0,1,81.86915588378906,4.408980850773604,0,False
breast_cancer,8,10,47,0,0,1,52.2994270324707,3.3280082869942067,0,False
breast_cancer,8,10,48,1,1,0,23.272546768188477,2.905925711233439,1,False
breast_cancer,8,10,49,0,0,1,121.80656433105467,5.127231649069861,0,False
breast_cancer,8,10,50,1,1,0,27.68147850036621,3.2346013994671066,0,True
breast_cancer,8,10,51,1,1,0,36.488059997558594,3.798058302395044,1,False
breast_cancer,8,10,53,0,0,1,146.93600463867188,6.206962395853264,0,False
breast_cancer,8,10,54,0,0,1,13.348597526550291,2.505595349993834,0,False
breast_cancer,8,10,55,1,1,0,43.803466796875,5.045183751648351,1,False
breast_cancer,8,10,56,1,1,0,2.058438777923584,3.055375167962761,1,False
breast_cancer,8,10,57,0,0,1,112.10342407226562,5.010666893389165,0,False
breast_cancer,8,10,58,0,0,1,81.75888061523438,4.614153832455224,0,False
breast_cancer,8,10,59,1,1,0,0.8422858119010925,1.8360448411130363,1,False
breast_cancer,8,10,60,0,0,1,84.59699249267578,4.4016706393221305,0,False
breast_cancer,8,10,62,0,0,1,90.79750061035156,4.445600822417817,0,False
breast_cancer,8,10,63,1,1,0,47.01277923583984,6.710867922432072,0,True
breast_cancer,8,10,64,1,1,0,35.03142547607422,3.3890193719017923,1,False
breast_cancer,8,10,65,1,1,0,30.325206756591797,4.284324162303076,1,False
breast_cancer,8,10,66,1,1,0,27.77092933654785,3.567938718891077,0,True
breast_cancer,8,10,67,0,0,1,41.44643020629883,2.745701100447953,0,False
breast_cancer,8,10,69,0,0,1,77.60536193847656,4.671641759373634,0,False
breast_cancer,8,10,70,1,1,0,40.3786735534668,4.132254294250637,1,False
breast_cancer,8,10,71,1,1,0,21.93471908569336,3.810812216218943,1,False
breast_cancer,8,10,72,1,1,0,10.91500759124756,3.854589535756433,0,True
breast_cancer,8,10,73,1,1,0,36.01757049560547,4.260949148815829,1,False
breast_cancer,8,10,74,1,1,0,38.14173889160156,4.04745204369742,1,False
breast_cancer,8,10,75,1,1,0,4.329543113708496,2.7986504706032553,1,False
breast_cancer,8,10,76,0,0,1,38.34995651245117,4.5538275170648355,0,False
breast_cancer,8,10,77,0,0,1,121.88613891601562,5.531780317830721,0,False
breast_cancer,8,10,78,1,1,0,31.710430145263672,3.492773482453438,1,False
breast_cancer,8,10,79,1,1,0,42.898223876953125,5.537736068378326,1,False
breast_cancer,8,10,80,1,1,0,37.01848220825195,4.770343936621256,0,True
breast_cancer,8,10,81,1,1,0,24.448978424072266,3.869178267487223,0,True
breast_cancer,8,10,82,1,1,0,12.11619472503662,3.687217816342618,0,True
breast_cancer,8,10,83,0,0,1,38.3988151550293,3.5425808095730744,1,True
breast_cancer,8,10,84,1,1,0,30.034440994262695,4.045680012560696,1,False
breast_cancer,8,10,85,0,0,1,71.77243041992188,5.673708218984812,0,False
breast_cancer,8,10,86,0,0,1,73.51505279541016,4.683116198347557,0,False
breast_cancer,8,10,87,0,0,1,135.480224609375,7.093271993505781,0,False
breast_cancer,8,10,88,1,1,0,15.326619148254396,4.029979410062811,0,True
breast_cancer,8,10,89,1,1,0,21.7615909576416,3.41760247454179,0,True
breast_cancer,8,10,90,0,0,1,120.31951141357422,5.608527560082036,0,False
breast_cancer,8,10,91,0,0,1,8.505057334899902,3.4624667293923643,1,True
breast_cancer,8,10,92,1,1,0,15.385971069335938,2.976126673172592,0,True
breast_cancer,8,10,93,0,0,1,39.732906341552734,3.445031171978194,0,False
breast_cancer,8,10,94,1,1,0,34.13064956665039,2.508534840861732,1,False
breast_cancer,8,10,96,1,1,0,6.037473201751709,3.106090450542042,1,False
breast_cancer,8,10,97,1,1,0,21.265151977539062,3.8632635788855487,1,False
breast_cancer,8,10,98,0,0,1,3.11562180519104,2.9595945021052343,1,True
breast_cancer,8,10,99,1,1,0,19.28129768371582,2.9960210716869624,1,False
breast_cancer,8,10,100,1,1,0,17.47580909729004,3.5466857870877417,0,True
breast_cancer,8,10,101,0,0,1,88.4773941040039,4.953012782105113,0,False
breast_cancer,8,10,102,1,1,0,13.131587028503418,3.393725684991882,0,True
breast_cancer,8,10,103,1,1,0,31.90066146850586,4.308814953780994,0,True
breast_cancer,8,10,104,1,1,0,25.66023826599121,4.122178506601243,0,True
breast_cancer,8,10,105,1,1,0,18.05946350097656,2.8106686849620752,0,True
breast_cancer,8,10,106,1,1,0,34.73685836791992,3.161400804395079,1,False
breast_cancer,8,10,107,1,1,0,31.02790641784668,4.116526750095526,0,True
breast_cancer,8,10,108,1,1,0,40.49605941772461,4.581486545283652,1,False
breast_cancer,8,10,109,1,1,0,19.587087631225582,2.6449330272077747,1,False
breast_cancer,8,10,110,1,1,0,2.995809555053711,2.342595861398272,1,False
breast_cancer,8,10,111,0,0,1,57.08172607421875,3.2306990771682416,0,False
breast_cancer,8,10,112,0,0,1,168.900634765625,7.815657996643026,0,False
breast_cancer,8,10,113,1,1,0,26.630661010742188,4.830507760703301,0,True
breast_cancer,9,2,0,1,1,0,35.0914421081543,4.013995126369875,1,False
breast_cancer,9,2,1,1,1,0,25.42216110229492,5.412240587058461,1,False
breast_cancer,9,2,2,1,1,0,29.66891860961914,7.474133931292947,0,True
breast_cancer,9,2,3,0,0,1,41.081146240234375,3.8626696800639526,1,True
breast_cancer,9,2,4,0,0,1,149.6195831298828,10.469687255828036,0,False
breast_cancer,9,2,5,1,1,0,11.8037109375,6.126134966135297,0,True
breast_cancer,9,2,7,1,1,0,17.391834259033203,4.476044469704182,1,False
breast_cancer,9,2,9,0,0,1,120.9567642211914,9.615259570195382,0,False
breast_cancer,9,2,10,1,1,0,31.44647216796875,3.827769382051665,1,False
breast_cancer,9,2,11,0,0,1,215.84909057617188,23.93216574760742,0,False
breast_cancer,9,2,13,1,1,0,28.432098388671875,2.583029383931572,1,False
breast_cancer,9,2,14,1,1,0,5.208942890167236,4.534899655738763,1,False
breast_cancer,9,2,15,1,1,0,48.21253204345703,8.875470723920655,0,True
breast_cancer,9,2,17,0,0,1,22.05725860595703,3.9697620167845376,1,True
breast_cancer,9,2,18,0,0,1,60.31338882446289,4.064995957530039,1,True
breast_cancer,9,2,19,1,1,0,20.823650360107425,2.7889082979348347,1,False
breast_cancer,9,2,20,1,1,0,27.98295211791992,2.3486511016960554,1,False
breast_cancer,9,2,22,1,1,0,15.98008155822754,6.067883319208374,0,True
breast_cancer,9,2,23,0,0,1,32.000770568847656,3.641475493086999,1,True
breast_cancer,9,2,24,1,1,0,41.038177490234375,6.7579550208393195,0,True
breast_cancer,9,2,25,0,0,1,41.906036376953125,3.8587892857750665,1,True
breast_cancer,9,2,27,0,0,1,2.1227025985717773,3.0709090999452804,1,True
breast_cancer,9,2,28,1,1,0,29.84083366394043,2.7450825534683982,1,False
breast_cancer,9,2,29,1,1,0,17.072254180908203,4.082659814170225,1,False
breast_cancer,9,2,30,1,1,0,20.795169830322266,4.535721386170052,1,False
breast_cancer,9,2,31,0,0,1,27.181432723999023,2.9217541157722193,1,True
breast_cancer,9,2,32,0,0,1,59.2243766784668,3.877357554308658,1,True
breast_cancer,9,2,33,0,0,1,25.5145263671875,3.475926918374153,0,False
breast_cancer,9,2,34,1,1,0,33.96568298339844,6.6651152057197045,1,False
breast_cancer,9,2,35,0,0,1,116.4987335205078,9.095772225455931,1,True
breast_cancer,9,2,36,0,0,1,54.12897491455078,7.794866886359981,1,True
breast_cancer,9,2,37,0,0,1,127.98255920410156,8.421726438894245,1,True
breast_cancer,9,2,38,1,1,0,30.34567070007324,4.4308010123711545,1,False
breast_cancer,9,2,39,1,1,0,12.667587280273438,3.396229923270353,0,True
breast_cancer,9,2,40,1,1,0,26.81578254699707,6.657321462205364,1,False
breast_cancer,9,2,41,0,0,1,53.45015335083008,5.0489018819292655,1,True
breast_cancer,9,2,42,1,1,0,25.268789291381836,4.669451034704707,1,False
breast_cancer,9,2,43,1,1,0,11.47877597808838,5.617332540829628,0,True
breast_cancer,9,2,44,1,1,0,33.64310073852539,5.946655657111669,1,False
breast_cancer,9,2,45,1,1,0,21.319002151489254,3.255729917168699,1,False
breast_cancer,9,2,46,1,1,0,6.771647930145264,2.929269377244315,1,False
breast_cancer,9,2,47,1,1,0,27.268131256103516,3.482306629599034,1,False
breast_cancer,9,2,48,1,1,0,38.369041442871094,3.67420472854539,1,False
breast_cancer,9,2,49,0,0,1,38.928497314453125,3.6428656005850018,1,True
breast_cancer,9,2,50,1,1,0,10.572431564331056,3.8782669152232847,1,False
breast_cancer,9,2,51,1,1,0,22.289268493652344,4.437183295670627,1,False
breast_cancer,9,2,52,0,0,1,35.439231872558594,3.2183119802685347,1,True
breast_cancer,9,2,53,1,1,0,37.70511245727539,5.431001550040708,1,False
breast_cancer,9,2,54,1,1,0,21.60901260375977,2.2385398847903795,1,False
breast_cancer,9,2,56,1,1,0,27.898681640625,5.91066188635691,1,False
breast_cancer,9,2,57,1,1,0,41.50318908691406,2.9446946851258153,1,False
breast_cancer,9,2,58,1,1,0,27.669919967651367,2.4886756048219536,1,False
breast_cancer,9,2,59,1,1,0,29.30989646911621,3.3582129887037113,1,False
breast_cancer,9,2,60,0,0,1,40.28336334228515,4.680852461636753,1,True
breast_cancer,9,2,61,1,1,0,26.56806373596191,5.23711633366789,1,False
breast_cancer,9,2,62,1,1,0,6.737207889556885,3.675006555746177,0,True
breast_cancer,9,2,63,1,1,0,5.8176493644714355,4.215508117850441,1,False
breast_cancer,9,2,64,1,1,0,30.65450668334961,2.849524653628767,1,False
breast_cancer,9,2,65,0,0,1,73.9971923828125,5.635863385389273,0,False
breast_cancer,9,2,66,1,1,0,37.62144470214844,3.010617927700394,1,False
breast_cancer,9,2,67,1,1,0,13.609012603759766,3.425051300711063,1,False
breast_cancer,9,2,68,0,0,1,89.44931030273438,5.527589787568301,1,True
breast_cancer,9,2,69,0,0,1,61.08604431152344,5.389977238613702,0,False
breast_cancer,9,2,70,1,1,0,22.746421813964844,4.082880317735596,1,False
breast_cancer,9,2,71,1,1,0,19.621177673339844,5.118342046666781,0,True
breast_cancer,9,2,72,1,1,0,41.008522033691406,6.20629206783323,0,True
breast_cancer,9,2,73,0,0,1,74.81219482421875,4.718193521884803,1,True
breast_cancer,9,2,74,0,0,1,115.2921142578125,8.443486020299556,0,False
breast_cancer,9,2,75,0,0,1,106.73080444335938,7.13202707642011,0,False
breast_cancer,9,2,77,0,0,1,81.48208618164062,6.7442261415149805,0,False
breast_cancer,9,2,78,0,0,1,83.68594360351562,6.219956749281786,1,True
breast_cancer,9,2,79,1,1,0,35.73922348022461,5.063263860916349,1,False
breast_cancer,9,2,80,1,1,0,23.71343040466309,4.474382037353341,1,False
breast_cancer,9,2,81,0,0,1,78.03633880615234,5.717552806543581,0,False
breast_cancer,9,2,82,1,1,0,17.438396453857422,6.850373016319507,0,True
breast_cancer,9,2,83,1,1,0,51.108192443847656,4.824810363702391,1,False
breast_cancer,9,2,84,1,1,0,24.48406219482422,4.192570861001041,1,False
breast_cancer,9,2,85,1,1,0,48.41288375854492,17.04122945460454,0,True
breast_cancer,9,2,86,1,1,0,11.78838348388672,3.128599612897073,1,False
breast_cancer,9,2,87,1,1,0,33.51167678833008,5.489760561079426,1,False
breast_cancer,9,2,88,1,1,0,14.365979194641112,4.242201175272857,1,False
breast_cancer,9,2,89,1,1,0,29.69292259216309,7.675074655138482,1,False
breast_cancer,9,2,91,0,0,1,63.721954345703125,4.934532590360161,0,False
breast_cancer,9,2,92,1,1,0,10.354429244995115,4.994126794752074,0,True
breast_cancer,9,2,93,1,1,0,9.857810974121094,3.145165932046301,1,False
breast_cancer,9,2,94,1,1,0,22.034730911254883,6.863370591778844,0,True
breast_cancer,9,2,95,1,1,0,14.154653549194336,2.593044438265289,1,False
breast_cancer,9,2,96,1,1,0,31.549169540405273,4.623749210978664,1,False
breast_cancer,9,2,97,0,0,1,25.474193572998047,3.9270136150811137,1,True
breast_cancer,9,2,98,1,1,0,47.133262634277344,6.150294671454172,1,False
breast_cancer,9,2,99,1,1,0,33.27272415161133,4.3332473704172685,1,False
breast_cancer,9,2,100,0,0,1,72.49974822998047,5.407209341350145,0,False
breast_cancer,9,2,101,0,0,1,87.18754577636719,8.724648534918341,1,True
breast_cancer,9,2,102,0,0,1,75.71257019042969,4.390100412125974,0,False
breast_cancer,9,2,103,0,0,1,56.32170104980469,4.747221773060997,0,False
breast_cancer,9,2,104,0,0,1,75.93167114257812,5.40337829511017,1,True
breast_cancer,9,2,105,0,0,1,37.025665283203125,5.672264480247128,1,True
breast_cancer,9,2,106,1,1,0,24.850324630737305,5.199856749883487,1,False
breast_cancer,9,2,107,1,1,0,28.305923461914062,3.38484351969267,1,False
breast_cancer,9,2,109,1,1,0,32.94706726074219,2.3654508348069907,1,False
breast_cancer,9,2,110,0,0,1,66.60960388183594,4.445733828791502,1,True
breast_cancer,9,2,111,1,1,0,8.736800193786621,6.2915579031072495,0,True
breast_cancer,9,2,112,1,1,0,5.755279541015625,3.1325880524664713,1,False
breast_cancer,9,2,113,0,0,1,62.38037872314453,5.420835571415232,0,False
breast_cancer,9,3,0,1,1,0,35.0914421081543,6.422958871893737,0,True
breast_cancer,9,3,1,1,1,0,25.42216110229492,6.806514280944093,0,True
breast_cancer,9,3,2,1,1,0,29.66891860961914,7.474133931292947,0,True
breast_cancer,9,3,3,0,0,1,41.081146240234375,3.8626696800639526,1,True
breast_cancer,9,3,4,0,0,1,149.6195831298828,10.469687255828036,0,False
breast_cancer,9,3,5,1,1,0,11.8037109375,6.126134966135297,0,True
breast_cancer,9,3,7,1,1,0,17.391834259033203,5.442466651435673,0,True
breast_cancer,9,3,9,0,0,1,120.9567642211914,9.615259570195382,0,False
breast_cancer,9,3,10,1,1,0,31.44647216796875,6.085888047367572,0,True
breast_cancer,9,3,11,0,0,1,215.84909057617188,23.93216574760742,0,False
breast_cancer,9,3,13,1,1,0,28.432098388671875,3.996791222010173,1,False
breast_cancer,9,3,14,1,1,0,5.208942890167236,4.617402291476499,0,True
breast_cancer,9,3,15,1,1,0,48.21253204345703,8.875470723920655,0,True
breast_cancer,9,3,16,1,1,0,0.7083868980407715,4.1091969518164095,0,True
breast_cancer,9,3,17,0,0,1,22.05725860595703,3.9697620167845376,1,True
breast_cancer,9,3,18,0,0,1,60.31338882446289,4.064995957530039,1,True
breast_cancer,9,3,19,1,1,0,20.823650360107425,3.9969162531713778,0,True
breast_cancer,9,3,20,1,1,0,27.98295211791992,4.407919361283241,0,True
breast_cancer,9,3,22,1,1,0,15.98008155822754,6.067883319208374,0,True
breast_cancer,9,3,23,0,0,1,32.000770568847656,3.641475493086999,1,True
breast_cancer,9,3,24,1,1,0,41.038177490234375,6.7579550208393195,0,True
breast_cancer,9,3,25,0,0,1,41.906036376953125,2.932797305090845,1,True
breast_cancer,9,3,26,1,1,0,6.235612392425537,2.959799082026334,1,False
breast_cancer,9,3,27,0,0,1,2.1227025985717773,3.0709090999452804,1,True
breast_cancer,9,3,28,1,1,0,29.84083366394043,4.8266964050990335,1,False
breast_cancer,9,3,29,1,1,0,17.072254180908203,4.178830027228928,1,False
breast_cancer,9,3,30,1,1,0,20.795169830322266,4.761077097733122,0,True
breast_cancer,9,3,31,0,0,1,27.181432723999023,2.9217541157722193,1,True
breast_cancer,9,3,32,0,0,1,59.2243766784668,3.877357554308658,1,True
breast_cancer,9,3,33,0,0,1,25.5145263671875,3.475926918374153,0,False
breast_cancer,9,3,34,1,1,0,33.96568298339844,7.585047329263619,0,True
breast_cancer,9,3,35,0,0,1,116.4987335205078,9.095772225455931,1,True
breast_cancer,9,3,36,0,0,1,54.12897491455078,7.794866886359981,1,True
breast_cancer,9,3,37,0,0,1,127.98255920410156,8.421726438894245,1,True
breast_cancer,9,3,38,1,1,0,30.34567070007324,5.98398521792383,0,True
breast_cancer,9,3,39,1,1,0,12.667587280273438,3.396229923270353,0,True
breast_cancer,9,3,40,1,1,0,26.81578254699707,6.905156798000785,0,True
breast_cancer,9,3,41,0,0,1,53.45015335083008,5.0489018819292655,1,True
breast_cancer,9,3,42,1,1,0,25.268789291381836,4.669451034704707,1,False
breast_cancer,9,3,43,1,1,0,11.47877597808838,5.617332540829628,0,True
breast_cancer,9,3,44,1,1,0,33.64310073852539,6.999765150926916,0,True
breast_cancer,9,3,45,1,1,0,21.319002151489254,4.658875950486603,0,True
breast_cancer,9,3,46,1,1,0,6.771647930145264,3.6820047703887537,0,True
breast_cancer,9,3,47,1,1,0,27.268131256103516,3.482306629599034,1,False
breast_cancer,9,3,48,1,1,0,38.369041442871094,5.120684906519928,1,False
breast_cancer,9,3,49,0,0,1,38.928497314453125,3.6428656005850018,1,True
breast_cancer,9,3,50,1,1,0,10.572431564331056,3.8782669152232847,1,False
breast_cancer,9,3,51,1,1,0,22.289268493652344,5.875543052358862,0,True
breast_cancer,9,3,52,0,0,1,35.439231872558594,3.2183119802685347,1,True
breast_cancer,9,3,53,1,1,0,37.70511245727539,6.250074456266607,1,False
breast_cancer,9,3,54,1,1,0,21.60901260375977,4.2784537574592285,0,True
breast_cancer,9,3,56,1,1,0,27.898681640625,6.631122734304808,1,False
breast_cancer,9,3,57,1,1,0,41.50318908691406,5.902354165130677,0,True
breast_cancer,9,3,58,1,1,0,27.669919967651367,4.0867492250325625,0,True
breast_cancer,9,3,59,1,1,0,29.30989646911621,5.267646505608932,0,True
breast_cancer,9,3,60,0,0,1,40.28336334228515,4.680852461636753,1,True
breast_cancer,9,3,61,1,1,0,26.56806373596191,6.051957720504091,0,True
breast_cancer,9,3,62,1,1,0,6.737207889556885,3.675006555746177,0,True
breast_cancer,9,3,63,1,1,0,5.8176493644714355,4.215508117850441,1,False
breast_cancer,9,3,64,1,1,0,30.65450668334961,4.67782988149579,0,True
breast_cancer,9,3,65,0,0,1,73.9971923828125,5.635863385389273,0,False
breast_cancer,9,3,66,1,1,0,37.62144470214844,5.260986187573943,0,True
breast_cancer,9,3,67,1,1,0,13.609012603759766,3.625503979046332,0,True
breast_cancer,9,3,68,0,0,1,89.44931030273438,5.527589787568301,1,True
breast_cancer,9,3,69,0,0,1,61.08604431152344,5.272859144321286,1,True
breast_cancer,9,3,70,1,1,0,22.746421813964844,4.829949749271078,0,True
breast_cancer,9,3,71,1,1,0,19.621177673339844,5.118342046666781,0,True
breast_cancer,9,3,72,1,1,0,41.008522033691406,6.20629206783323,0,True
breast_cancer,9,3,73,0,0,1,74.81219482421875,4.718193521884803,1,True
breast_cancer,9,3,74,0,0,1,115.2921142578125,8.443486020299556,0,False
breast_cancer,9,3,75,0,0,1,106.73080444335938,7.13202707642011,0,False
breast_cancer,9,3,77,0,0,1,81.48208618164062,6.7442261415149805,0,False
breast_cancer,9,3,78,0,0,1,83.68594360351562,6.219956749281786,1,True
breast_cancer,9,3,79,1,1,0,35.73922348022461,5.414542834435961,1,False
breast_cancer,9,3,80,1,1,0,23.71343040466309,5.328036285751654,0,True
breast_cancer,9,3,81,0,0,1,78.03633880615234,5.717552806543581,0,False
breast_cancer,9,3,82,1,1,0,17.438396453857422,6.850373016319507,0,True
breast_cancer,9,3,83,1,1,0,51.108192443847656,7.10186295637868,0,True
breast_cancer,9,3,84,1,1,0,24.48406219482422,4.833774802443068,1,False
breast_cancer,9,3,85,1,1,0,48.41288375854492,17.04122945460454,0,True
breast_cancer,9,3,86,1,1,0,11.78838348388672,3.575459787620675,0,True
breast_cancer,9,3,87,1,1,0,33.51167678833008,5.79634174685559,1,False
breast_cancer,9,3,88,1,1,0,14.365979194641112,4.278638873905768,0,True
breast_cancer,9,3,89,1,1,0,29.69292259216309,8.145867378150738,0,True
breast_cancer,9,3,91,0,0,1,63.721954345703125,4.934532590360161,0,False
breast_cancer,9,3,92,1,1,0,10.354429244995115,4.994126794752074,0,True
breast_cancer,9,3,93,1,1,0,9.857810974121094,4.595136986699159,0,True
breast_cancer,9,3,94,1,1,0,22.034730911254883,6.863370591778844,0,True
breast_cancer,9,3,95,1,1,0,14.154653549194336,3.3850181547246545,1,False
breast_cancer,9,3,96,1,1,0,31.549169540405273,5.9816177767479655,0,True
breast_cancer,9,3,97,0,0,1,25.474193572998047,3.376935253430415,1,True
breast_cancer,9,3,98,1,1,0,47.133262634277344,6.3473506712340875,1,False
breast_cancer,9,3,99,1,1,0,33.27272415161133,4.3332473704172685,1,False
breast_cancer,9,3,100,0,0,1,72.49974822998047,5.407209341350145,0,False
breast_cancer,9,3,101,0,0,1,87.18754577636719,8.724648534918341,1,True
breast_cancer,9,3,102,0,0,1,75.71257019042969,4.390100412125974,0,False
breast_cancer,9,3,103,0,0,1,56.32170104980469,4.747221773060997,0,False
breast_cancer,9,3,104,0,0,1,75.93167114257812,5.40337829511017,1,True
breast_cancer,9,3,105,0,0,1,37.025665283203125,5.672264480247128,1,True
breast_cancer,9,3,106,1,1,0,24.850324630737305,5.813207109121417,0,True
breast_cancer,9,3,107,1,1,0,28.305923461914062,3.8680254367282303,1,False
breast_cancer,9,3,109,1,1,0,32.94706726074219,4.42489862465251,0,True
breast_cancer,9,3,110,0,0,1,66.60960388183594,4.445733828791502,1,True
breast_cancer,9,3,111,1,1,0,8.736800193786621,6.2915579031072495,0,True
breast_cancer,9,3,112,1,1,0,5.755279541015625,3.870070694555166,0,True
breast_cancer,9,3,113,0,0,1,62.38037872314453,5.3564779091701205,1,True
breast_cancer,9,5,0,1,1,0,35.0914421081543,5.824146845471842,0,True
breast_cancer,9,5,1,1,1,0,25.42216110229492,5.616458355202928,0,True
breast_cancer,9,5,2,1,1,0,29.66891860961914,7.474133931292947,0,True
breast_cancer,9,5,3,0,0,1,41.081146240234375,3.8626696800639526,1,True
breast_cancer,9,5,4,0,0,1,149.6195831298828,10.530916559226895,0,False
breast_cancer,9,5,5,1,1,0,11.8037109375,4.154994597737795,0,True
breast_cancer,9,5,7,1,1,0,17.391834259033203,3.8655714196315714,0,True
breast_cancer,9,5,8,0,0,1,8.01630973815918,2.286311925398675,1,True
breast_cancer,9,5,9,0,0,1,120.9567642211914,9.615259570195382,0,False
breast_cancer,9,5,10,1,1,0,31.44647216796875,5.870332336061949,0,True
breast_cancer,9,5,11,0,0,1,215.84909057617188,23.93216574760742,0,False
breast_cancer,9,5,13,1,1,0,28.432098388671875,3.996791222010173,1,False
breast_cancer,9,5,14,1,1,0,5.208942890167236,3.4598321806525405,0,True
breast_cancer,9,5,15,1,1,0,48.21253204345703,8.875470723920655,0,True
breast_cancer,9,5,17,0,0,1,22.05725860595703,3.9697620167845376,1,True
breast_cancer,9,5,18,0,0,1,60.31338882446289,4.064995957530039,1,True
breast_cancer,9,5,19,1,1,0,20.823650360107425,3.9969162531713778,0,True
breast_cancer,9,5,20,1,1,0,27.98295211791992,4.407919361283241,0,True
breast_cancer,9,5,22,1,1,0,15.98008155822754,4.550681694867988,0,True
breast_cancer,9,5,23,0,0,1,32.000770568847656,3.641475493086999,1,True
breast_cancer,9,5,24,1,1,0,41.038177490234375,6.7579550208393195,0,True
breast_cancer,9,5,25,0,0,1,41.906036376953125,2.932797305090845,1,True
breast_cancer,9,5,26,1,1,0,6.235612392425537,2.959799082026334,1,False
breast_cancer,9,5,27,0,0,1,2.1227025985717773,3.0709090999452804,1,True
breast_cancer,9,5,28,1,1,0,29.84083366394043,4.807925197375527,0,True
breast_cancer,9,5,29,1,1,0,17.072254180908203,3.8541879674486266,0,True
breast_cancer,9,5,30,1,1,0,20.795169830322266,3.945571555353551,0,True
breast_cancer,9,5,31,0,0,1,27.181432723999023,2.9217541157722193,1,True
breast_cancer,9,5,32,0,0,1,59.2243766784668,3.877357554308658,1,True
breast_cancer,9,5,33,0,0,1,25.5145263671875,3.475926918374153,0,False
breast_cancer,9,5,34,1,1,0,33.96568298339844,6.405243136042788,0,True
breast_cancer,9,5,35,0,0,1,116.4987335205078,9.095772225455931,1,True
breast_cancer,9,5,36,0,0,1,54.12897491455078,7.794866886359981,1,True
breast_cancer,9,5,37,0,0,1,127.98255920410156,8.421726438894245,1,True
breast_cancer,9,5,38,1,1,0,30.34567070007324,4.920339324717749,0,True
breast_cancer,9,5,39,1,1,0,12.667587280273438,3.396229923270353,0,True
breast_cancer,9,5,40,1,1,0,26.81578254699707,6.165410400015022,0,True
breast_cancer,9,5,41,0,0,1,53.45015335083008,5.0489018819292655,1,True
breast_cancer,9,5,42,1,1,0,25.268789291381836,4.669451034704707,1,False
breast_cancer,9,5,43,1,1,0,11.47877597808838,3.8595666676678473,0,True
breast_cancer,9,5,44,1,1,0,33.64310073852539,5.587530836295175,0,True
breast_cancer,9,5,45,1,1,0,21.319002151489254,3.974145972821116,0,True
breast_cancer,9,5,46,1,1,0,6.771647930145264,3.1367604943305873,0,True
breast_cancer,9,5,47,1,1,0,27.268131256103516,3.482306629599034,1,False
breast_cancer,9,5,48,1,1,0,38.369041442871094,5.120684906519928,1,False
breast_cancer,9,5,49,0,0,1,38.928497314453125,3.6428656005850018,1,True
breast_cancer,9,5,50,1,1,0,10.572431564331056,3.8782669152232847,1,False
breast_cancer,9,5,51,1,1,0,22.289268493652344,4.7632061856180545,0,True
breast_cancer,9,5,52,0,0,1,35.439231872558594,3.2183119802685347,1,True
breast_cancer,9,5,53,1,1,0,37.70511245727539,5.466043615459635,0,True
breast_cancer,9,5,54,1,1,0,21.60901260375977,4.2784537574592285,0,True
breast_cancer,9,5,56,1,1,0,27.898681640625,6.248356106746274,0,True
breast_cancer,9,5,57,1,1,0,41.50318908691406,5.902354165130677,0,True
breast_cancer,9,5,58,1,1,0,27.669919967651367,4.0867492250325625,0,True
breast_cancer,9,5,59,1,1,0,29.30989646911621,4.513316632721724,0,True
breast_cancer,9,5,60,0,0,1,40.28336334228515,4.680852461636753,1,True
breast_cancer,9,5,61,1,1,0,26.56806373596191,4.583556241256747,0,True
breast_cancer,9,5,63,1,1,0,5.8176493644714355,4.215508117850441,1,False
breast_cancer,9,5,64,1,1,0,30.65450668334961,4.67782988149579,0,True
breast_cancer,9,5,65,0,0,1,73.9971923828125,5.635863385389273,0,False
breast_cancer,9,5,66,1,1,0,37.62144470214844,5.078461443526512,0,True
breast_cancer,9,5,67,1,1,0,13.609012603759766,2.4388085989497603,0,True
breast_cancer,9,5,68,0,0,1,89.44931030273438,5.527589787568301,1,True
breast_cancer,9,5,69,0,0,1,61.08604431152344,5.272859144321286,1,True
breast_cancer,9,5,70,1,1,0,22.746421813964844,3.965931368440785,0,True
breast_cancer,9,5,71,1,1,0,19.621177673339844,3.2848595864825794,0,True
breast_cancer,9,5,72,1,1,0,41.008522033691406,6.20629206783323,0,True
breast_cancer,9,5,73,0,0,1,74.81219482421875,4.718193521884803,1,True
breast_cancer,9,5,74,0,0,1,115.2921142578125,8.443486020299556,0,False
breast_cancer,9,5,75,0,0,1,106.73080444335938,7.4222720760004925,1,True
breast_cancer,9,5,77,0,0,1,81.48208618164062,7.339369534700392,1,True
breast_cancer,9,5,78,0,0,1,83.68594360351562,6.219956749281786,1,True
breast_cancer,9,5,79,1,1,0,35.73922348022461,5.414542834435961,1,False
breast_cancer,9,5,80,1,1,0,23.71343040466309,4.173437351963003,0,True
breast_cancer,9,5,81,0,0,1,78.03633880615234,5.717552806543581,0,False
breast_cancer,9,5,82,1,1,0,17.438396453857422,6.394338947025178,0,True
breast_cancer,9,5,83,1,1,0,51.108192443847656,6.5144108516474715,0,True
breast_cancer,9,5,84,1,1,0,24.48406219482422,4.386497652266814,0,True
breast_cancer,9,5,85,1,1,0,48.41288375854492,17.04122945460454,0,True
breast_cancer,9,5,86,1,1,0,11.78838348388672,2.6574377503091835,0,True
breast_cancer,9,5,87,1,1,0,33.51167678833008,5.79634174685559,1,False
breast_cancer,9,5,88,1,1,0,14.365979194641112,3.751315272935999,0,True
breast_cancer,9,5,89,1,1,0,29.69292259216309,6.528420140761421,0,True
breast_cancer,9,5,90,0,0,1,19.668241500854492,6.572747497587066,1,True
breast_cancer,9,5,91,0,0,1,63.721954345703125,4.934532590360161,0,False
breast_cancer,9,5,92,1,1,0,10.354429244995115,3.585079241637762,0,True
breast_cancer,9,5,93,1,1,0,9.857810974121094,4.392052936123634,0,True
breast_cancer,9,5,94,1,1,0,22.034730911254883,5.0735053847867,0,True
breast_cancer,9,5,95,1,1,0,14.154653549194336,3.3850181547246545,1,False
breast_cancer,9,5,96,1,1,0,31.549169540405273,4.7938991157779425,0,True
breast_cancer,9,5,97,0,0,1,25.474193572998047,3.376935253430415,1,True
breast_cancer,9,5,98,1,1,0,47.133262634277344,6.3473506712340875,1,False
breast_cancer,9,5,99,1,1,0,33.27272415161133,4.3332473704172685,1,False
breast_cancer,9,5,100,0,0,1,72.49974822998047,5.878769999217512,0,False
breast_cancer,9,5,101,0,0,1,87.18754577636719,8.724648534918341,1,True
breast_cancer,9,5,102,0,0,1,75.71257019042969,5.389856943457364,1,True
breast_cancer,9,5,103,0,0,1,56.32170104980469,4.747221773060997,0,False
breast_cancer,9,5,104,0,0,1,75.93167114257812,5.40337829511017,1,True
breast_cancer,9,5,105,0,0,1,37.025665283203125,5.672264480247128,1,True
breast_cancer,9,5,106,1,1,0,24.850324630737305,4.884772177018528,0,True
breast_cancer,9,5,107,1,1,0,28.305923461914062,3.8680254367282303,1,False
breast_cancer,9,5,109,1,1,0,32.94706726074219,4.42489862465251,0,True
breast_cancer,9,5,110,0,0,1,66.60960388183594,4.445733828791502,1,True
breast_cancer,9,5,112,1,1,0,5.755279541015625,3.870070694555166,0,True
breast_cancer,9,5,113,0,0,1,62.38037872314453,5.3564779091701205,1,True
breast_cancer,9,7,0,1,1,0,35.0914421081543,5.824146845471842,0,True
breast_cancer,9,7,1,1,1,0,25.42216110229492,5.616458355202928,0,True
breast_cancer,9,7,2,1,1,0,29.66891860961914,7.474133931292947,0,True
breast_cancer,9,7,3,0,0,1,41.081146240234375,3.8626696800639526,1,True
breast_cancer,9,7,4,0,0,1,149.6195831298828,10.530916559226895,0,False
breast_cancer,9,7,5,1,1,0,11.8037109375,4.154994597737795,0,True
breast_cancer,9,7,7,1,1,0,17.391834259033203,3.8655714196315714,0,True
breast_cancer,9,7,8,0,0,1,8.01630973815918,2.286311925398675,1,True
breast_cancer,9,7,9,0,0,1,120.9567642211914,9.615259570195382,0,False
breast_cancer,9,7,10,1,1,0,31.44647216796875,5.870332336061949,0,True
breast_cancer,9,7,11,0,0,1,215.84909057617188,23.93216574760742,0,False
breast_cancer,9,7,13,1,1,0,28.432098388671875,3.661605838611573,1,False
breast_cancer,9,7,14,1,1,0,5.208942890167236,3.4598321806525405,0,True
breast_cancer,9,7,15,1,1,0,48.21253204345703,8.875470723920655,0,True
breast_cancer,9,7,16,1,1,0,0.7083868980407715,4.1091969518164095,0,True
breast_cancer,9,7,17,0,0,1,22.05725860595703,3.9697620167845376,1,True
breast_cancer,9,7,18,0,0,1,60.31338882446289,4.064995957530039,1,True
breast_cancer,9,7,19,1,1,0,20.823650360107425,3.989663333151928,1,False
breast_cancer,9,7,20,1,1,0,27.98295211791992,4.407919361283241,0,True
breast_cancer,9,7,21,0,0,1,29.721607208251953,4.757405842102672,1,True
breast_cancer,9,7,22,1,1,0,15.98008155822754,4.550681694867988,0,True
breast_cancer,9,7,23,0,0,1,32.000770568847656,3.641475493086999,1,True
breast_cancer,9,7,24,1,1,0,41.038177490234375,6.7579550208393195,0,True
breast_cancer,9,7,25,0,0,1,41.906036376953125,2.932797305090845,1,True
breast_cancer,9,7,26,1,1,0,6.235612392425537,2.959799082026334,1,False
breast_cancer,9,7,27,0,0,1,2.1227025985717773,3.0709090999452804,1,True
breast_cancer,9,7,28,1,1,0,29.84083366394043,4.5761413481428,1,False
breast_cancer,9,7,29,1,1,0,17.072254180908203,3.8541879674486266,0,True
breast_cancer,9,7,30,1,1,0,20.795169830322266,3.945571555353551,0,True
breast_cancer,9,7,31,0,0,1,27.181432723999023,2.9217541157722193,1,True
breast_cancer,9,7,32,0,0,1,59.2243766784668,3.877357554308658,1,True
breast_cancer,9,7,33,0,0,1,25.5145263671875,3.475926918374153,0,False
breast_cancer,9,7,34,1,1,0,33.96568298339844,6.405243136042788,0,True
breast_cancer,9,7,35,0,0,1,116.4987335205078,9.095772225455931,1,True
breast_cancer,9,7,36,0,0,1,54.12897491455078,7.794866886359981,1,True
breast_cancer,9,7,37,0,0,1,127.98255920410156,8.421726438894245,1,True
breast_cancer,9,7,38,1,1,0,30.34567070007324,4.920339324717749,0,True
breast_cancer,9,7,39,1,1,0,12.667587280273438,3.396229923270353,0,True
breast_cancer,9,7,40,1,1,0,26.81578254699707,6.165410400015022,0,True
breast_cancer,9,7,41,0,0,1,53.45015335083008,5.0489018819292655,1,True
breast_cancer,9,7,42,1,1,0,25.268789291381836,4.669451034704707,1,False
breast_cancer,9,7,43,1,1,0,11.47877597808838,3.8595666676678473,0,True
breast_cancer,9,7,44,1,1,0,33.64310073852539,5.587530836295175,0,True
breast_cancer,9,7,45,1,1,0,21.319002151489254,3.974145972821116,0,True
breast_cancer,9,7,46,1,1,0,6.771647930145264,3.1367604943305873,0,True
breast_cancer,9,7,47,1,1,0,27.268131256103516,3.482306629599034,1,False
breast_cancer,9,7,48,1,1,0,38.369041442871094,3.775632022819239,1,False
breast_cancer,9,7,49,0,0,1,38.928497314453125,3.6428656005850018,1,True
breast_cancer,9,7,50,1,1,0,10.572431564331056,3.8782669152232847,1,False
breast_cancer,9,7,51,1,1,0,22.289268493652344,4.7632061856180545,0,True
breast_cancer,9,7,52,0,0,1,35.439231872558594,3.2183119802685347,1,True
breast_cancer,9,7,53,1,1,0,37.70511245727539,5.466043615459635,0,True
breast_cancer,9,7,54,1,1,0,21.60901260375977,4.081742354400743,1,False
breast_cancer,9,7,56,1,1,0,27.898681640625,6.248356106746274,0,True
breast_cancer,9,7,57,1,1,0,41.50318908691406,5.745890169093432,1,False
breast_cancer,9,7,58,1,1,0,27.669919967651367,3.2884587172875177,1,False
breast_cancer,9,7,59,1,1,0,29.30989646911621,4.513316632721724,0,True
breast_cancer,9,7,60,0,0,1,40.28336334228515,4.680852461636753,1,True
breast_cancer,9,7,61,1,1,0,26.56806373596191,4.583556241256747,0,True
breast_cancer,9,7,63,1,1,0,5.8176493644714355,4.215508117850441,1,False
breast_cancer,9,7,64,1,1,0,30.65450668334961,3.952389234876263,1,False
breast_cancer,9,7,65,0,0,1,73.9971923828125,5.635863385389273,0,False
breast_cancer,9,7,66,1,1,0,37.62144470214844,4.200779180050396,1,False
breast_cancer,9,7,67,1,1,0,13.609012603759766,2.4388085989497603,0,True
breast_cancer,9,7,68,0,0,1,89.44931030273438,5.527589787568301,1,True
breast_cancer,9,7,69,0,0,1,61.08604431152344,5.272859144321286,1,True
breast_cancer,9,7,70,1,1,0,22.746421813964844,3.965931368440785,0,True
breast_cancer,9,7,71,1,1,0,19.621177673339844,3.2848595864825794,0,True
breast_cancer,9,7,72,1,1,0,41.008522033691406,6.20629206783323,0,True
breast_cancer,9,7,73,0,0,1,74.81219482421875,4.718193521884803,1,True
breast_cancer,9,7,74,0,0,1,115.2921142578125,8.443486020299556,0,False
breast_cancer,9,7,75,0,0,1,106.73080444335938,7.4222720760004925,1,True
breast_cancer,9,7,77,0,0,1,81.48208618164062,7.339369534700392,1,True
breast_cancer,9,7,78,0,0,1,83.68594360351562,6.219956749281786,1,True
breast_cancer,9,7,79,1,1,0,35.73922348022461,5.063263860916349,1,False
breast_cancer,9,7,80,1,1,0,23.71343040466309,4.173437351963003,0,True
breast_cancer,9,7,81,0,0,1,78.03633880615234,5.717552806543581,0,False
breast_cancer,9,7,82,1,1,0,17.438396453857422,6.394338947025178,0,True
breast_cancer,9,7,83,1,1,0,51.108192443847656,6.4893556085848845,1,False
breast_cancer,9,7,84,1,1,0,24.48406219482422,4.386497652266814,0,True
breast_cancer,9,7,85,1,1,0,48.41288375854492,17.04122945460454,0,True
breast_cancer,9,7,86,1,1,0,11.78838348388672,2.6574377503091835,0,True
breast_cancer,9,7,87,1,1,0,33.51167678833008,5.649866893426394,1,False
breast_cancer,9,7,88,1,1,0,14.365979194641112,3.751315272935999,0,True
breast_cancer,9,7,89,1,1,0,29.69292259216309,6.528420140761421,0,True
breast_cancer,9,7,90,0,0,1,19.668241500854492,6.572747497587066,1,True
breast_cancer,9,7,91,0,0,1,63.721954345703125,4.934532590360161,0,False
breast_cancer,9,7,92,1,1,0,10.354429244995115,3.585079241637762,0,True
breast_cancer,9,7,93,1,1,0,9.857810974121094,4.392052936123634,0,True
breast_cancer,9,7,94,1,1,0,22.034730911254883,5.0735053847867,0,True
breast_cancer,9,7,95,1,1,0,14.154653549194336,2.7457402247757217,1,False
breast_cancer,9,7,96,1,1,0,31.549169540405273,4.7938991157779425,0,True
breast_cancer,9,7,97,0,0,1,25.474193572998047,3.376935253430415,1,True
breast_cancer,9,7,98,1,1,0,47.133262634277344,6.150294671454172,1,False
breast_cancer,9,7,99,1,1,0,33.27272415161133,4.3332473704172685,1,False
breast_cancer,9,7,100,0,0,1,72.49974822998047,5.878769999217512,0,False
breast_cancer,9,7,101,0,0,1,87.18754577636719,8.724648534918341,1,True
breast_cancer,9,7,102,0,0,1,75.71257019042969,5.389856943457364,1,True
breast_cancer,9,7,103,0,0,1,56.32170104980469,4.747221773060997,0,False
breast_cancer,9,7,104,0,0,1,75.93167114257812,5.40337829511017,1,True
breast_cancer,9,7,105,0,0,1,37.025665283203125,5.672264480247128,1,True
breast_cancer,9,7,106,1,1,0,24.850324630737305,4.884772177018528,0,True
breast_cancer,9,7,107,1,1,0,28.305923461914062,3.537738871218926,1,False
breast_cancer,9,7,109,1,1,0,32.94706726074219,3.4537923251985445,1,False
breast_cancer,9,7,110,0,0,1,66.60960388183594,4.445733828791502,1,True
breast_cancer,9,7,112,1,1,0,5.755279541015625,3.870070694555166,0,True
breast_cancer,9,7,113,0,0,1,62.38037872314453,5.3564779091701205,1,True
breast_cancer,9,10,0,1,1,0,35.0914421081543,5.824146845471842,0,True
breast_cancer,9,10,1,1,1,0,25.42216110229492,5.616458355202928,0,True
breast_cancer,9,10,2,1,1,0,29.66891860961914,7.474133931292947,0,True
breast_cancer,9,10,3,0,0,1,41.081146240234375,3.8626696800639526,1,True
breast_cancer,9,10,4,0,0,1,149.6195831298828,10.530916559226895,0,False
breast_cancer,9,10,5,1,1,0,11.8037109375,4.154994597737795,0,True
breast_cancer,9,10,7,1,1,0,17.391834259033203,3.8655714196315714,0,True
breast_cancer,9,10,8,0,0,1,8.01630973815918,2.286311925398675,1,True
breast_cancer,9,10,9,0,0,1,120.9567642211914,9.615259570195382,0,False
breast_cancer,9,10,10,1,1,0,31.44647216796875,5.870332336061949,0,True
breast_cancer,9,10,11,0,0,1,215.84909057617188,23.93216574760742,0,False
breast_cancer,9,10,13,1,1,0,28.432098388671875,3.661605838611573,1,False
breast_cancer,9,10,14,1,1,0,5.208942890167236,3.4598321806525405,0,True
breast_cancer,9,10,15,1,1,0,48.21253204345703,8.875470723920655,0,True
breast_cancer,9,10,16,1,1,0,0.7083868980407715,4.1091969518164095,0,True
breast_cancer,9,10,17,0,0,1,22.05725860595703,3.9697620167845376,1,True
breast_cancer,9,10,18,0,0,1,60.31338882446289,4.064995957530039,1,True
breast_cancer,9,10,19,1,1,0,20.823650360107425,3.989663333151928,1,False
breast_cancer,9,10,20,1,1,0,27.98295211791992,4.407919361283241,0,True
breast_cancer,9,10,21,0,0,1,29.721607208251953,4.757405842102672,1,True
breast_cancer,9,10,22,1,1,0,15.98008155822754,4.550681694867988,0,True
breast_cancer,9,10,23,0,0,1,32.000770568847656,3.641475493086999,1,True
breast_cancer,9,10,24,1,1,0,41.038177490234375,6.7579550208393195,0,True
breast_cancer,9,10,25,0,0,1,41.906036376953125,2.932797305090845,1,True
breast_cancer,9,10,26,1,1,0,6.235612392425537,2.959799082026334,1,False
breast_cancer,9,10,27,0,0,1,2.1227025985717773,3.0709090999452804,1,True
breast_cancer,9,10,28,1,1,0,29.84083366394043,4.5761413481428,1,False
breast_cancer,9,10,29,1,1,0,17.072254180908203,3.8541879674486266,0,True
breast_cancer,9,10,30,1,1,0,20.795169830322266,3.945571555353551,0,True
breast_cancer,9,10,31,0,0,1,27.181432723999023,2.9217541157722193,1,True
breast_cancer,9,10,32,0,0,1,59.2243766784668,3.877357554308658,1,True
breast_cancer,9,10,33,0,0,1,25.5145263671875,3.475926918374153,0,False
breast_cancer,9,10,34,1,1,0,33.96568298339844,6.405243136042788,0,True
breast_cancer,9,10,35,0,0,1,116.4987335205078,9.095772225455931,1,True
breast_cancer,9,10,36,0,0,1,54.12897491455078,7.794866886359981,1,True
breast_cancer,9,10,37,0,0,1,127.98255920410156,8.421726438894245,1,True
breast_cancer,9,10,38,1,1,0,30.34567070007324,4.920339324717749,0,True
breast_cancer,9,10,39,1,1,0,12.667587280273438,3.396229923270353,0,True
breast_cancer,9,10,40,1,1,0,26.81578254699707,6.165410400015022,0,True
breast_cancer,9,10,41,0,0,1,53.45015335083008,5.0489018819292655,1,True
breast_cancer,9,10,42,1,1,0,25.268789291381836,4.669451034704707,1,False
breast_cancer,9,10,43,1,1,0,11.47877597808838,3.8595666676678473,0,True
breast_cancer,9,10,44,1,1,0,33.64310073852539,5.587530836295175,0,True
breast_cancer,9,10,45,1,1,0,21.319002151489254,3.974145972821116,0,True
breast_cancer,9,10,46,1,1,0,6.771647930145264,3.1367604943305873,0,True
breast_cancer,9,10,47,1,1,0,27.268131256103516,3.482306629599034,1,False
breast_cancer,9,10,48,1,1,0,38.369041442871094,3.775632022819239,1,False
breast_cancer,9,10,49,0,0,1,38.928497314453125,3.6428656005850018,1,True
breast_cancer,9,10,50,1,1,0,10.572431564331056,3.8782669152232847,1,False
breast_cancer,9,10,51,1,1,0,22.289268493652344,4.7632061856180545,0,True
breast_cancer,9,10,52,0,0,1,35.439231872558594,3.2183119802685347,1,True
breast_cancer,9,10,53,1,1,0,37.70511245727539,5.466043615459635,0,True
breast_cancer,9,10,54,1,1,0,21.60901260375977,4.081742354400743,1,False
breast_cancer,9,10,56,1,1,0,27.898681640625,6.248356106746274,0,True
breast_cancer,9,10,57,1,1,0,41.50318908691406,5.745890169093432,1,False
breast_cancer,9,10,58,1,1,0,27.669919967651367,3.2884587172875177,1,False
breast_cancer,9,10,59,1,1,0,29.30989646911621,4.513316632721724,0,True
breast_cancer,9,10,60,0,0,1,40.28336334228515,4.680852461636753,1,True
breast_cancer,9,10,61,1,1,0,26.56806373596191,4.583556241256747,0,True
breast_cancer,9,10,63,1,1,0,5.8176493644714355,4.215508117850441,1,False
breast_cancer,9,10,64,1,1,0,30.65450668334961,3.952389234876263,1,False
breast_cancer,9,10,65,0,0,1,73.9971923828125,5.635863385389273,0,False
breast_cancer,9,10,66,1,1,0,37.62144470214844,4.200779180050396,1,False
breast_cancer,9,10,67,1,1,0,13.609012603759766,2.4388085989497603,0,True
breast_cancer,9,10,68,0,0,1,89.44931030273438,5.527589787568301,1,True
breast_cancer,9,10,69,0,0,1,61.08604431152344,5.272859144321286,1,True
breast_cancer,9,10,70,1,1,0,22.746421813964844,3.965931368440785,0,True
breast_cancer,9,10,71,1,1,0,19.621177673339844,3.2848595864825794,0,True
breast_cancer,9,10,72,1,1,0,41.008522033691406,6.20629206783323,0,True
breast_cancer,9,10,73,0,0,1,74.81219482421875,4.718193521884803,1,True
breast_cancer,9,10,74,0,0,1,115.2921142578125,8.443486020299556,0,False
breast_cancer,9,10,75,0,0,1,106.73080444335938,7.4222720760004925,1,True
breast_cancer,9,10,77,0,0,1,81.48208618164062,7.339369534700392,1,True
breast_cancer,9,10,78,0,0,1,83.68594360351562,6.219956749281786,1,True
breast_cancer,9,10,79,1,1,0,35.73922348022461,5.063263860916349,1,False
breast_cancer,9,10,80,1,1,0,23.71343040466309,4.173437351963003,0,True
breast_cancer,9,10,81,0,0,1,78.03633880615234,5.717552806543581,0,False
breast_cancer,9,10,82,1,1,0,17.438396453857422,6.394338947025178,0,True
breast_cancer,9,10,83,1,1,0,51.108192443847656,6.4893556085848845,1,False
breast_cancer,9,10,84,1,1,0,24.48406219482422,4.386497652266814,0,True
breast_cancer,9,10,85,1,1,0,48.41288375854492,17.04122945460454,0,True
breast_cancer,9,10,86,1,1,0,11.78838348388672,2.6574377503091835,0,True
breast_cancer,9,10,87,1,1,0,33.51167678833008,5.649866893426394,1,False
breast_cancer,9,10,88,1,1,0,14.365979194641112,3.751315272935999,0,True
breast_cancer,9,10,89,1,1,0,29.69292259216309,6.528420140761421,0,True
breast_cancer,9,10,90,0,0,1,19.668241500854492,6.572747497587066,1,True
breast_cancer,9,10,91,0,0,1,63.721954345703125,4.934532590360161,0,False
breast_cancer,9,10,92,1,1,0,10.354429244995115,3.585079241637762,0,True
breast_cancer,9,10,93,1,1,0,9.857810974121094,4.392052936123634,0,True
breast_cancer,9,10,94,1,1,0,22.034730911254883,5.0735053847867,0,True
breast_cancer,9,10,95,1,1,0,14.154653549194336,2.7457402247757217,1,False
breast_cancer,9,10,96,1,1,0,31.549169540405273,4.7938991157779425,0,True
breast_cancer,9,10,97,0,0,1,25.474193572998047,3.376935253430415,1,True
breast_cancer,9,10,98,1,1,0,47.133262634277344,6.150294671454172,1,False
breast_cancer,9,10,99,1,1,0,33.27272415161133,4.3332473704172685,1,False
breast_cancer,9,10,100,0,0,1,72.49974822998047,5.878769999217512,0,False
breast_cancer,9,10,101,0,0,1,87.18754577636719,8.724648534918341,1,True
breast_cancer,9,10,102,0,0,1,75.71257019042969,5.389856943457364,1,True
breast_cancer,9,10,103,0,0,1,56.32170104980469,4.747221773060997,0,False
breast_cancer,9,10,104,0,0,1,75.93167114257812,5.40337829511017,1,True
breast_cancer,9,10,105,0,0,1,37.025665283203125,5.672264480247128,1,True
breast_cancer,9,10,106,1,1,0,24.850324630737305,4.884772177018528,0,True
breast_cancer,9,10,107,1,1,0,28.305923461914062,3.537738871218926,1,False
breast_cancer,9,10,109,1,1,0,32.94706726074219,3.4537923251985445,1,False
breast_cancer,9,10,110,0,0,1,66.60960388183594,4.445733828791502,1,True
breast_cancer,9,10,112,1,1,0,5.755279541015625,3.870070694555166,0,True
breast_cancer,9,10,113,0,0,1,62.38037872314453,5.3564779091701205,1,True
diabetes,0,2,0,1,1,0,6.536056041717529,2.323561200470301,0,True
diabetes,0,2,3,1,1,0,26.52614974975586,2.5114058030266553,1,False
diabetes,0,2,6,1,1,0,7.951827526092529,2.0759893357296195,0,True
diabetes,0,2,11,0,0,1,28.161380767822266,3.089423828167029,0,False
diabetes,0,2,13,0,0,1,11.676484107971191,2.4740835197337496,0,False
diabetes,0,2,14,0,0,1,4.587486743927002,3.662353966103373,0,False
diabetes,0,2,17,1,1,0,14.416056632995604,3.011221841311863,1,False
diabetes,0,2,18,0,0,1,4.177706241607666,2.30289818857807,0,False
diabetes,0,2,19,1,1,0,4.850183963775635,2.281149928843933,0,True
diabetes,0,2,20,1,1,0,23.764572143554688,3.967626176272861,0,True
diabetes,0,2,22,0,0,1,13.312201499938965,2.0664975249923327,1,True
diabetes,0,2,23,1,1,0,13.817729949951172,2.4467798858288883,0,True
diabetes,0,2,25,1,1,0,2.5289056301116943,2.5543434848911177,0,True
diabetes,0,2,26,0,0,1,4.743789196014404,2.623455962008312,0,False
diabetes,0,2,28,1,1,0,1.895559549331665,2.616129924458104,0,True
diabetes,0,2,32,0,0,1,22.894330978393555,2.5696724051110262,0,False
diabetes,0,2,34,0,0,1,35.272762298583984,2.5955878734656537,0,False
diabetes,0,2,35,0,0,1,15.11888027191162,2.3163016522130806,0,False
diabetes,0,2,36,0,0,1,41.887664794921875,1.7711720016442776,0,False
diabetes,0,2,37,1,1,0,6.647878170013428,2.4441524164085515,1,False
diabetes,0,2,38,0,0,1,4.729611873626709,3.0022813780782744,1,True
diabetes,0,2,39,0,0,1,65.38390350341797,2.785754636349255,0,False
diabetes,0,2,40,0,0,1,12.49973487854004,2.583396690587618,1,True
diabetes,0,2,42,0,0,1,17.3367919921875,2.130620523262215,0,False
diabetes,0,2,43,0,0,1,20.370281219482425,2.7025612786874365,0,False
diabetes,0,2,44,0,0,1,19.497861862182617,3.758506824377381,1,True
diabetes,0,2,46,0,0,1,6.607178211212158,2.6998862955837564,0,False
diabetes,0,2,47,0,0,1,14.342371940612791,2.8220050392764326,1,True
diabetes,0,2,48,0,0,1,58.55567932128906,2.8803573928403714,1,True
diabetes,0,2,49,1,1,0,30.51254653930664,3.653579902023695,0,True
diabetes,0,2,52,1,1,0,7.955220699310303,3.3353190941075597,0,True
diabetes,0,2,53,1,1,0,16.079612731933594,2.4183023449039887,1,False
diabetes,0,2,54,0,0,1,21.52933883666992,1.871984996972032,0,False
diabetes,0,2,55,0,0,1,5.143428325653076,3.936291373756729,1,True
diabetes,0,2,57,0,0,1,12.791156768798828,2.4308771372082205,1,True
diabetes,0,2,58,1,1,0,2.827674627304077,2.468484302978753,0,True
diabetes,0,2,59,0,0,1,18.64886474609375,2.651350359181174,1,True
diabetes,0,2,61,0,0,1,31.581802368164062,1.9714308717538964,0,False
diabetes,0,2,62,0,0,1,41.829837799072266,2.2415562493718064,0,False
diabetes,0,2,63,1,1,0,6.349025249481201,2.138685027982396,0,True
diabetes,0,2,64,0,0,1,36.89803695678711,2.6561796032529963,0,False
diabetes,0,2,65,1,1,0,13.73108196258545,2.2965516869149885,1,False
diabetes,0,2,67,0,0,1,0.9480080604553224,2.952728389196458,1,True
diabetes,0,2,68,1,1,0,34.69229507446289,2.564492640764666,0,True
diabetes,0,2,71,0,0,1,90.58308410644533,3.9228576325756266,0,False
diabetes,0,2,73,0,0,1,2.447031259536743,2.730677834110735,0,False
diabetes,0,2,74,0,0,1,17.89470672607422,1.9338180230285649,0,False
diabetes,0,2,76,0,0,1,25.916467666625977,1.517533189177571,0,False
diabetes,0,2,77,0,0,1,24.425281524658203,3.4912677128720917,1,True
diabetes,0,2,78,0,0,1,21.754657745361328,2.374923220423824,0,False
diabetes,0,2,79,0,0,1,9.516550064086914,2.6789638735136596,0,False
diabetes,0,2,81,0,0,1,37.79148864746094,2.919812564500279,0,False
diabetes,0,2,82,0,0,1,0.7500855922698975,2.5315928531463068,0,False
diabetes,0,2,83,0,0,1,5.221494197845459,2.289198788436548,0,False
diabetes,0,2,84,1,1,0,42.22506332397461,4.030635997389261,0,True
diabetes,0,2,85,1,1,0,29.188098907470703,3.009807891955375,1,False
diabetes,0,2,86,0,0,1,22.36228370666504,2.833725549266668,0,False
diabetes,0,2,87,0,0,1,32.193084716796875,1.7464607555635636,0,False
diabetes,0,3,0,1,1,0,6.536056041717529,2.323561200470301,0,True
diabetes,0,3,3,1,1,0,26.52614974975586,2.5114058030266553,1,False
diabetes,0,3,6,1,1,0,7.951827526092529,2.0759893357296195,0,True
diabetes,0,3,11,0,0,1,28.161380767822266,3.089423828167029,0,False
diabetes,0,3,13,0,0,1,11.676484107971191,2.4740835197337496,0,False
diabetes,0,3,14,0,0,1,4.587486743927002,3.662353966103373,0,False
diabetes,0,3,17,1,1,0,14.416056632995604,3.841789417244368,1,False
diabetes,0,3,18,0,0,1,4.177706241607666,2.30289818857807,0,False
diabetes,0,3,19,1,1,0,4.850183963775635,2.281149928843933,0,True
diabetes,0,3,20,1,1,0,23.764572143554688,4.463240267417973,0,True
diabetes,0,3,22,0,0,1,13.312201499938965,2.0664975249923327,1,True
diabetes,0,3,23,1,1,0,13.817729949951172,2.4467798858288883,0,True
diabetes,0,3,25,1,1,0,2.5289056301116943,2.5543434848911177,0,True
diabetes,0,3,26,0,0,1,4.743789196014404,2.623455962008312,0,False
diabetes,0,3,28,1,1,0,1.895559549331665,2.616129924458104,0,True
diabetes,0,3,32,0,0,1,22.894330978393555,2.5696724051110262,0,False
diabetes,0,3,34,0,0,1,35.272762298583984,2.5955878734656537,0,False
diabetes,0,3,35,0,0,1,15.11888027191162,2.3163016522130806,0,False
diabetes,0,3,36,0,0,1,41.887664794921875,1.7711720016442776,0,False
diabetes,0,3,37,1,1,0,6.647878170013428,3.09007294445913,1,False
diabetes,0,3,38,0,0,1,4.729611873626709,3.4967036210535554,0,False
diabetes,0,3,39,0,0,1,65.38390350341797,2.785754636349255,0,False
diabetes,0,3,40,0,0,1,12.49973487854004,3.08525926110046,0,False
diabetes,0,3,42,0,0,1,17.3367919921875,2.130620523262215,0,False
diabetes,0,3,44,0,0,1,19.497861862182617,3.758506824377381,1,True
diabetes,0,3,46,0,0,1,6.607178211212158,2.374069003089843,1,True
diabetes,0,3,47,0,0,1,14.342371940612791,3.2257425807350213,0,False
diabetes,0,3,49,1,1,0,30.51254653930664,4.090657742350243,1,False
diabetes,0,3,52,1,1,0,7.955220699310303,3.917616156179343,0,True
diabetes,0,3,53,1,1,0,16.079612731933594,2.4183023449039887,1,False
diabetes,0,3,54,0,0,1,21.52933883666992,1.871984996972032,0,False
diabetes,0,3,55,0,0,1,5.143428325653076,3.936291373756729,1,True
diabetes,0,3,57,0,0,1,12.791156768798828,2.4308771372082205,1,True
diabetes,0,3,58,1,1,0,2.827674627304077,2.468484302978753,0,True
diabetes,0,3,59,0,0,1,18.64886474609375,2.651350359181174,1,True
diabetes,0,3,61,0,0,1,31.581802368164062,1.9714308717538964,0,False
diabetes,0,3,62,0,0,1,41.829837799072266,2.2415562493718064,0,False
diabetes,0,3,63,1,1,0,6.349025249481201,2.138685027982396,0,True
diabetes,0,3,64,0,0,1,36.89803695678711,2.6561796032529963,0,False
diabetes,0,3,65,1,1,0,13.73108196258545,2.2965516869149885,1,False
diabetes,0,3,67,0,0,1,0.9480080604553224,2.952728389196458,1,True
diabetes,0,3,68,1,1,0,34.69229507446289,2.564492640764666,0,True
diabetes,0,3,69,1,1,0,15.27097988128662,2.111916499238758,1,False
diabetes,0,3,71,0,0,1,90.58308410644533,3.9228576325756266,0,False
diabetes,0,3,73,0,0,1,2.447031259536743,2.730677834110735,0,False
diabetes,0,3,74,0,0,1,17.89470672607422,1.9338180230285649,0,False
diabetes,0,3,76,0,0,1,25.916467666625977,1.517533189177571,0,False
diabetes,0,3,77,0,0,1,24.425281524658203,3.566292308862744,0,False
diabetes,0,3,78,0,0,1,21.754657745361328,2.374923220423824,0,False
diabetes,0,3,79,0,0,1,9.516550064086914,2.6789638735136596,0,False
diabetes,0,3,81,0,0,1,37.79148864746094,2.919812564500279,0,False
diabetes,0,3,82,0,0,1,0.7500855922698975,2.5315928531463068,0,False
diabetes,0,3,83,0,0,1,5.221494197845459,2.289198788436548,0,False
diabetes,0,3,84,1,1,0,42.22506332397461,4.030635997389261,0,True
diabetes,0,3,85,1,1,0,29.188098907470703,3.041881644201339,1,False
diabetes,0,3,86,0,0,1,22.36228370666504,2.833725549266668,0,False
diabetes,0,3,87,0,0,1,32.193084716796875,1.7464607555635636,0,False
diabetes,0,5,0,1,1,0,6.536056041717529,2.323561200470301,0,True
diabetes,0,5,3,1,1,0,26.52614974975586,2.3942336046702613,1,False
diabetes,0,5,6,1,1,0,7.951827526092529,2.0759893357296195,0,True
diabetes,0,5,7,1,1,0,5.866137981414795,1.953979961391273,1,False
diabetes,0,5,9,0,0,1,14.817383766174316,2.296534722011667,1,True
diabetes,0,5,10,1,1,0,1.7862651348114014,2.866761772067034,0,True
diabetes,0,5,11,0,0,1,28.161380767822266,2.1188359556198626,0,False
diabetes,0,5,13,0,0,1,11.676484107971191,2.4740835197337496,0,False
diabetes,0,5,14,0,0,1,4.587486743927002,2.616182115921005,1,True
diabetes,0,5,16,1,1,0,6.21090841293335,2.3139263970261923,1,False
diabetes,0,5,17,1,1,0,14.416056632995604,3.5348192030640084,0,True
diabetes,0,5,18,0,0,1,4.177706241607666,2.180876538862333,0,False
diabetes,0,5,19,1,1,0,4.850183963775635,2.281149928843933,0,True
diabetes,0,5,20,1,1,0,23.764572143554688,2.486838067729888,0,True
diabetes,0,5,21,0,0,1,3.2158968448638916,1.651591370773965,1,True
diabetes,0,5,22,0,0,1,13.312201499938965,2.2531935119333304,0,False
diabetes,0,5,23,1,1,0,13.817729949951172,2.203337862260423,0,True
diabetes,0,5,25,1,1,0,2.5289056301116943,2.5543434848911177,0,True
diabetes,0,5,28,1,1,0,1.895559549331665,1.7844858952500764,1,False
diabetes,0,5,30,1,1,0,8.312135696411133,1.2847608565425948,1,False
diabetes,0,5,32,0,0,1,22.894330978393555,2.5696724051110262,0,False
diabetes,0,5,33,1,1,0,10.670503616333008,1.9808931899199105,0,True
diabetes,0,5,34,0,0,1,35.272762298583984,2.616916658677057,0,False
diabetes,0,5,35,0,0,1,15.11888027191162,2.5223877064328586,0,False
diabetes,0,5,36,0,0,1,41.887664794921875,1.7711720016442776,0,False
diabetes,0,5,37,1,1,0,6.647878170013428,3.4107744041667467,0,True
diabetes,0,5,38,0,0,1,4.729611873626709,1.8579654533924272,1,True
diabetes,0,5,40,0,0,1,12.49973487854004,2.263563872403543,1,True
diabetes,0,5,42,0,0,1,17.3367919921875,2.130620523262215,0,False
diabetes,0,5,44,0,0,1,19.497861862182617,2.4409421428773177,0,False
diabetes,0,5,47,0,0,1,14.342371940612791,1.2897885568260938,0,False
diabetes,0,5,49,1,1,0,30.51254653930664,3.88706545287282,1,False
diabetes,0,5,52,1,1,0,7.955220699310303,3.02839754155833,0,True
diabetes,0,5,54,0,0,1,21.52933883666992,1.871984996972032,0,False
diabetes,0,5,55,0,0,1,5.143428325653076,3.936291373756729,1,True
diabetes,0,5,57,0,0,1,12.791156768798828,2.793201104101916,0,False
diabetes,0,5,58,1,1,0,2.827674627304077,2.0681610014457776,0,True
diabetes,0,5,59,0,0,1,18.64886474609375,2.651350359181174,1,True
diabetes,0,5,60,1,1,0,3.0315983295440674,2.3510048294861865,1,False
diabetes,0,5,61,0,0,1,31.581802368164062,1.9714308717538964,0,False
diabetes,0,5,62,0,0,1,41.829837799072266,2.2415562493718064,0,False
diabetes,0,5,63,1,1,0,6.349025249481201,1.212664787705706,1,False
diabetes,0,5,64,0,0,1,36.89803695678711,2.6561796032529963,0,False
diabetes,0,5,65,1,1,0,13.73108196258545,3.0912514801096584,1,False
diabetes,0,5,67,0,0,1,0.9480080604553224,2.5999969864944825,0,False
diabetes,0,5,68,1,1,0,34.69229507446289,2.564492640764666,0,True
diabetes,0,5,69,1,1,0,15.27097988128662,3.213990736089374,0,True
diabetes,0,5,71,0,0,1,90.58308410644533,3.1799838629328514,0,False
diabetes,0,5,73,0,0,1,2.447031259536743,2.730677834110735,0,False
diabetes,0,5,74,0,0,1,17.89470672607422,1.9338180230285649,0,False
diabetes,0,5,76,0,0,1,25.916467666625977,1.517533189177571,0,False
diabetes,0,5,77,0,0,1,24.425281524658203,2.1645196440212393,0,False
diabetes,0,5,78,0,0,1,21.754657745361328,2.446889759271597,0,False
diabetes,0,5,79,0,0,1,9.516550064086914,2.0858282616411854,0,False
diabetes,0,5,80,1,1,0,13.164573669433594,2.8960085559023443,0,True
diabetes,0,5,81,0,0,1,37.79148864746094,2.728246326755706,0,False
diabetes,0,5,82,0,0,1,0.7500855922698975,1.7552990463599114,0,False
diabetes,0,5,83,0,0,1,5.221494197845459,2.289198788436548,0,False
diabetes,0,5,84,1,1,0,42.22506332397461,3.4702305760923036,1,False
diabetes,0,5,85,1,1,0,29.188098907470703,3.7494329459178446,0,True
diabetes,0,5,86,0,0,1,22.36228370666504,2.1510195920798103,0,False
diabetes,0,5,87,0,0,1,32.193084716796875,1.7464607555635636,0,False
diabetes,0,7,0,1,1,0,6.536056041717529,2.323561200470301,0,True
diabetes,0,7,1,1,1,0,6.749727725982666,1.672623341826058,0,True
diabetes,0,7,3,1,1,0,26.52614974975586,2.3942336046702613,1,False
diabetes,0,7,5,0,0,1,14.160198211669922,1.2889562859549843,1,True
diabetes,0,7,6,1,1,0,7.951827526092529,2.0759893357296195,0,True
diabetes,0,7,7,1,1,0,5.866137981414795,1.953979961391273,1,False
diabetes,0,7,8,0,0,1,0.7922461032867432,2.181556155318808,1,True
diabetes,0,7,9,0,0,1,14.817383766174316,2.296534722011667,1,True
diabetes,0,7,10,1,1,0,1.7862651348114014,2.8330386543334507,1,False
diabetes,0,7,11,0,0,1,28.161380767822266,2.1188359556198626,0,False
diabetes,0,7,12,0,0,1,8.97628116607666,4.1070117292669694,0,False
diabetes,0,7,13,0,0,1,11.676484107971191,2.4740835197337496,0,False
diabetes,0,7,15,1,1,0,10.02982234954834,1.5613546807532583,1,False
diabetes,0,7,16,1,1,0,6.21090841293335,2.3139263970261923,1,False
diabetes,0,7,17,1,1,0,14.416056632995604,3.387599860350907,0,True
diabetes,0,7,18,0,0,1,4.177706241607666,2.180876538862333,0,False
diabetes,0,7,19,1,1,0,4.850183963775635,2.281149928843933,0,True
diabetes,0,7,20,1,1,0,23.764572143554688,2.486838067729888,0,True
diabetes,0,7,21,0,0,1,3.2158968448638916,1.651591370773965,1,True
diabetes,0,7,22,0,0,1,13.312201499938965,2.2531935119333304,0,False
diabetes,0,7,23,1,1,0,13.817729949951172,2.203337862260423,0,True
diabetes,0,7,24,0,0,1,0.2194616943597793,2.07949126449832,1,True
diabetes,0,7,25,1,1,0,2.5289056301116943,2.5543434848911177,0,True
diabetes,0,7,26,0,0,1,4.743789196014404,1.6122754356280642,1,True
diabetes,0,7,28,1,1,0,1.895559549331665,1.7844858952500764,1,False
diabetes,0,7,30,1,1,0,8.312135696411133,1.2847608565425948,1,False
diabetes,0,7,32,0,0,1,22.894330978393555,2.5211946077545058,1,True
diabetes,0,7,33,1,1,0,10.670503616333008,1.6937306853656593,1,False
diabetes,0,7,34,0,0,1,35.272762298583984,2.182128576184402,0,False
diabetes,0,7,35,0,0,1,15.11888027191162,2.5223877064328586,0,False
diabetes,0,7,36,0,0,1,41.887664794921875,1.7711720016442776,0,False
diabetes,0,7,37,1,1,0,6.647878170013428,2.2072821182998754,0,True
diabetes,0,7,38,0,0,1,4.729611873626709,1.8238046654179971,1,True
diabetes,0,7,42,0,0,1,17.3367919921875,2.1040897293544996,0,False
diabetes,0,7,44,0,0,1,19.497861862182617,2.4409421428773177,0,False
diabetes,0,7,47,0,0,1,14.342371940612791,1.2897885568260938,0,False
diabetes,0,7,49,1,1,0,30.51254653930664,3.88706545287282,1,False
diabetes,0,7,52,1,1,0,7.955220699310303,3.02839754155833,0,True
diabetes,0,7,54,0,0,1,21.52933883666992,1.871984996972032,0,False
diabetes,0,7,55,0,0,1,5.143428325653076,3.936291373756729,1,True
diabetes,0,7,57,0,0,1,12.791156768798828,2.793201104101916,0,False
diabetes,0,7,58,1,1,0,2.827674627304077,2.0681610014457776,0,True
diabetes,0,7,59,0,0,1,18.64886474609375,2.651350359181174,1,True
diabetes,0,7,60,1,1,0,3.0315983295440674,2.3510048294861865,1,False
diabetes,0,7,61,0,0,1,31.581802368164062,1.9714308717538964,0,False
diabetes,0,7,62,0,0,1,41.829837799072266,2.2415562493718064,0,False
diabetes,0,7,63,1,1,0,6.349025249481201,1.212664787705706,1,False
diabetes,0,7,64,0,0,1,36.89803695678711,2.6561796032529963,0,False
diabetes,0,7,65,1,1,0,13.73108196258545,3.0912514801096584,1,False
diabetes,0,7,67,0,0,1,0.9480080604553224,2.5999969864944825,0,False
diabetes,0,7,68,1,1,0,34.69229507446289,2.564492640764666,0,True
diabetes,0,7,69,1,1,0,15.27097988128662,3.213990736089374,0,True
diabetes,0,7,70,0,0,1,33.27702713012695,2.467505738362349,0,False
diabetes,0,7,71,0,0,1,90.58308410644533,3.1799838629328514,0,False
diabetes,0,7,74,0,0,1,17.89470672607422,1.9338180230285649,0,False
diabetes,0,7,76,0,0,1,25.916467666625977,1.517533189177571,0,False
diabetes,0,7,77,0,0,1,24.425281524658203,1.6894000964408904,1,True
diabetes,0,7,78,0,0,1,21.754657745361328,2.27686742238462,0,False
diabetes,0,7,79,0,0,1,9.516550064086914,1.4110671342568246,1,True
diabetes,0,7,80,1,1,0,13.164573669433594,2.8960085559023443,0,True
diabetes,0,7,81,0,0,1,37.79148864746094,2.728246326755706,0,False
diabetes,0,7,82,0,0,1,0.7500855922698975,1.7552990463599114,0,False
diabetes,0,7,84,1,1,0,42.22506332397461,3.0927283410128874,0,True
diabetes,0,7,85,1,1,0,29.188098907470703,3.7466572605849646,1,False
diabetes,0,7,86,0,0,1,22.36228370666504,2.14323355438369,1,True
diabetes,0,7,87,0,0,1,32.193084716796875,1.7464607555635636,0,False
diabetes,0,10,0,1,1,0,6.536056041717529,2.323561200470301,0,True
diabetes,0,10,1,1,1,0,6.749727725982666,1.672623341826058,0,True
diabetes,0,10,5,0,0,1,14.160198211669922,1.2889562859549843,1,True
diabetes,0,10,6,1,1,0,7.951827526092529,2.1059523022189293,0,True
diabetes,0,10,7,1,1,0,5.866137981414795,1.953979961391273,1,False
diabetes,0,10,8,0,0,1,0.7922461032867432,2.181556155318808,1,True
diabetes,0,10,9,0,0,1,14.817383766174316,2.296534722011667,1,True
diabetes,0,10,10,1,1,0,1.7862651348114014,1.055026023000321,1,False
diabetes,0,10,11,0,0,1,28.161380767822266,2.2399930719640673,1,True
diabetes,0,10,13,0,0,1,11.676484107971191,2.4740835197337496,0,False
diabetes,0,10,14,0,0,1,4.587486743927002,1.8500490494536568,1,True
diabetes,0,10,15,1,1,0,10.02982234954834,1.5613546807532583,1,False
diabetes,0,10,16,1,1,0,6.21090841293335,2.3139263970261923,1,False
diabetes,0,10,17,1,1,0,14.416056632995604,3.5348192030640084,0,True
diabetes,0,10,18,0,0,1,4.177706241607666,2.180876538862333,0,False
diabetes,0,10,19,1,1,0,4.850183963775635,2.281149928843933,0,True
diabetes,0,10,20,1,1,0,23.764572143554688,2.486838067729888,0,True
diabetes,0,10,21,0,0,1,3.2158968448638916,1.651591370773965,1,True
diabetes,0,10,23,1,1,0,13.817729949951172,2.203337862260423,0,True
diabetes,0,10,24,0,0,1,0.2194616943597793,2.07949126449832,1,True
diabetes,0,10,25,1,1,0,2.5289056301116943,2.5543434848911177,0,True
diabetes,0,10,28,1,1,0,1.895559549331665,1.7844858952500764,1,False
diabetes,0,10,30,1,1,0,8.312135696411133,1.298005020087078,0,True
diabetes,0,10,32,0,0,1,22.894330978393555,2.5211946077545058,1,True
diabetes,0,10,33,1,1,0,10.670503616333008,1.5858066700569455,1,False
diabetes,0,10,34,0,0,1,35.272762298583984,2.616916658677057,0,False
diabetes,0,10,35,0,0,1,15.11888027191162,2.5223877064328586,0,False
diabetes,0,10,36,0,0,1,41.887664794921875,1.7711720016442776,0,False
diabetes,0,10,37,1,1,0,6.647878170013428,3.4107744041667467,0,True
diabetes,0,10,38,0,0,1,4.729611873626709,1.8238046654179971,1,True
diabetes,0,10,40,0,0,1,12.49973487854004,2.0838606065963132,1,True
diabetes,0,10,42,0,0,1,17.3367919921875,2.130620523262215,0,False
diabetes,0,10,44,0,0,1,19.497861862182617,2.547581088114209,0,False
diabetes,0,10,47,0,0,1,14.342371940612791,1.1483777382609015,1,True
diabetes,0,10,49,1,1,0,30.51254653930664,3.88706545287282,1,False
diabetes,0,10,52,1,1,0,7.955220699310303,3.02839754155833,0,True
diabetes,0,10,54,0,0,1,21.52933883666992,1.871984996972032,0,False
diabetes,0,10,55,0,0,1,5.143428325653076,3.936291373756729,1,True
diabetes,0,10,57,0,0,1,12.791156768798828,2.793201104101916,0,False
diabetes,0,10,58,1,1,0,2.827674627304077,2.0681610014457776,0,True
diabetes,0,10,59,0,0,1,18.64886474609375,2.651350359181174,1,True
diabetes,0,10,61,0,0,1,31.581802368164062,2.9863133050557913,0,False
diabetes,0,10,62,0,0,1,41.829837799072266,2.941773931424327,0,False
diabetes,0,10,63,1,1,0,6.349025249481201,1.212664787705706,1,False
diabetes,0,10,64,0,0,1,36.89803695678711,3.08937432820459,1,True
diabetes,0,10,65,1,1,0,13.73108196258545,2.3514664066051387,1,False
diabetes,0,10,67,0,0,1,0.9480080604553224,2.5999969864944825,0,False
diabetes,0,10,68,1,1,0,34.69229507446289,3.0711660354339076,1,False
diabetes,0,10,69,1,1,0,15.27097988128662,2.135064182140175,1,False
diabetes,0,10,70,0,0,1,33.27702713012695,2.467505738362349,0,False
diabetes,0,10,71,0,0,1,90.58308410644533,3.1799838629328514,0,False
diabetes,0,10,74,0,0,1,17.89470672607422,1.9338180230285649,0,False
diabetes,0,10,76,0,0,1,25.916467666625977,1.517533189177571,0,False
diabetes,0,10,77,0,0,1,24.425281524658203,1.6894000964408904,1,True
diabetes,0,10,78,0,0,1,21.754657745361328,2.4045433628314763,0,False
diabetes,0,10,79,0,0,1,9.516550064086914,1.4110671342568246,1,True
diabetes,0,10,80,1,1,0,13.164573669433594,1.632898344083898,1,False
diabetes,0,10,81,0,0,1,37.79148864746094,3.0301384769394666,1,True
diabetes,0,10,84,1,1,0,42.22506332397461,3.4702305760923036,1,False
diabetes,0,10,85,1,1,0,29.188098907470703,3.4376094564188624,1,False
diabetes,0,10,86,0,0,1,22.36228370666504,2.14323355438369,1,True
diabetes,0,10,87,0,0,1,32.193084716796875,1.7464607555635636,0,False
diabetes,1,2,3,1,1,0,6.695950508117676,2.070998567354938,1,False
diabetes,1,2,5,1,1,0,8.704066276550293,3.4162526033189167,0,True
diabetes,1,2,6,0,0,1,9.66195011138916,1.629516013818049,0,False
diabetes,1,2,9,0,0,1,7.896845817565918,2.746528257760986,0,False
diabetes,1,2,10,1,1,0,11.391257286071776,1.7010586685280005,1,False
diabetes,1,2,11,1,1,0,42.59002304077149,2.0573614629304453,1,False
diabetes,1,2,12,0,0,1,51.563419342041016,3.0328205656256304,0,False
diabetes,1,2,13,1,1,0,33.60029602050781,2.9855004809489945,1,False
diabetes,1,2,15,0,0,1,39.602516174316406,2.5833656147182547,0,False
diabetes,1,2,17,0,0,1,34.667911529541016,2.9092388206330426,0,False
diabetes,1,2,19,0,0,1,27.818458557128903,2.514537955417162,0,False
diabetes,1,2,20,1,1,0,5.5852508544921875,2.5955816523537525,1,False
diabetes,1,2,22,1,1,0,18.22457504272461,2.597681968794422,0,True
diabetes,1,2,23,0,0,1,13.617554664611816,1.3783385431279729,0,False
diabetes,1,2,24,1,1,0,44.6291618347168,2.685837089804228,1,False
diabetes,1,2,25,0,0,1,24.31812858581543,0.9898954524099643,0,False
diabetes,1,2,26,1,1,0,1.209587574005127,1.869267115294946,1,False
diabetes,1,2,27,1,1,0,7.944900035858154,2.008178218773634,0,True
diabetes,1,2,28,0,0,1,35.99723815917969,2.01139430239863,0,False
diabetes,1,2,29,1,1,0,33.2161750793457,2.1652970283963606,0,True
diabetes,1,2,31,1,1,0,15.972712516784668,2.1479033743096885,1,False
diabetes,1,2,32,0,0,1,32.27455520629883,1.409195763374943,0,False
diabetes,1,2,34,0,0,1,21.870174407958984,1.5613306077836415,0,False
diabetes,1,2,35,0,0,1,9.966513633728027,2.8374599530784623,0,False
diabetes,1,2,37,1,1,0,24.724342346191406,3.2488974330912144,1,False
diabetes,1,2,38,0,0,1,1.141739845275879,2.646214168772795,0,False
diabetes,1,2,39,0,0,1,2.6188182830810547,1.4999779194132834,0,False
diabetes,1,2,41,1,1,0,40.430179595947266,3.9826812116056662,1,False
diabetes,1,2,42,1,1,0,10.546698570251465,2.9376065705057828,1,False
diabetes,1,2,43,1,1,0,34.070674896240234,5.091553950528135,1,False
diabetes,1,2,45,0,0,1,19.737842559814453,2.261462437170565,0,False
diabetes,1,2,46,1,1,0,38.4255485534668,2.2303380066635716,1,False
diabetes,1,2,47,1,1,0,0.3388824760913849,2.4429551106974574,1,False
diabetes,1,2,48,1,1,0,38.43285369873047,1.599482510091158,1,False
diabetes,1,2,49,1,1,0,24.25997543334961,3.816024589926599,0,True
diabetes,1,2,51,1,1,0,21.25374984741211,2.2847727181917006,0,True
diabetes,1,2,52,0,0,1,51.68595504760742,3.583457763804254,0,False
diabetes,1,2,53,1,1,0,24.850784301757812,3.1305187692596523,1,False
diabetes,1,2,54,0,0,1,27.12962532043457,2.5249450624600396,0,False
diabetes,1,2,55,1,1,0,7.981146812438965,2.6237393815045067,0,True
diabetes,1,2,59,0,0,1,18.652484893798828,2.9905481783522183,0,False
diabetes,1,2,60,0,0,1,30.094297409057617,2.687218250518204,0,False
diabetes,1,2,61,1,1,0,15.798991203308104,2.0912522350705407,1,False
diabetes,1,2,62,1,1,0,49.55242538452149,3.8342019648127263,1,False
diabetes,1,2,64,1,1,0,19.42200469970703,2.3390976446145837,1,False
diabetes,1,2,65,0,0,1,30.494834899902344,2.7546470246016788,0,False
diabetes,1,2,66,1,1,0,52.794227600097656,4.851667711101314,1,False
diabetes,1,2,67,1,1,0,23.239261627197266,4.165859346100544,1,False
diabetes,1,2,70,0,0,1,32.258182525634766,2.8907605557093787,0,False
diabetes,1,2,71,1,1,0,51.91730117797851,3.741006144145431,1,False
diabetes,1,2,72,0,0,1,10.26839828491211,1.7968193922722704,1,True
diabetes,1,2,73,1,1,0,33.01760482788086,2.290544924481824,0,True
diabetes,1,2,75,0,0,1,6.202632904052734,1.4993341464300212,0,False
diabetes,1,2,76,0,0,1,13.9484224319458,2.0618953473453425,1,True
diabetes,1,2,77,0,0,1,31.38838005065918,1.342663314897414,0,False
diabetes,1,2,78,0,0,1,28.08191299438477,2.796087758305935,0,False
diabetes,1,2,79,0,0,1,8.320718765258789,0.9189389704852836,0,False
diabetes,1,2,80,0,0,1,2.627701759338379,1.8871169813632696,0,False
diabetes,1,2,81,1,1,0,14.186891555786133,3.5235163379398435,1,False
diabetes,1,2,82,1,1,0,38.05339431762695,2.913981855869629,1,False
diabetes,1,2,83,1,1,0,41.20963668823242,2.623290744886476,1,False
diabetes,1,2,84,1,1,0,31.93022918701172,2.6331663103441905,0,True
diabetes,1,2,85,0,0,1,45.99998474121094,3.0362274009361987,0,False
diabetes,1,2,86,1,1,0,1.075605869293213,1.6641809295231418,1,False
diabetes,1,3,0,0,0,1,4.8864569664001465,3.0169622496401027,1,True
diabetes,1,3,1,0,0,1,32.69017028808594,3.4267815329727096,1,True
diabetes,1,3,2,0,0,1,8.469067573547363,1.986047984953879,1,True
diabetes,1,3,5,1,1,0,8.704066276550293,2.267850851912561,0,True
diabetes,1,3,6,0,0,1,9.66195011138916,1.7973499427724453,0,False
diabetes,1,3,7,0,0,1,11.197003364562988,1.9226778206726671,1,True
diabetes,1,3,8,0,0,1,4.1446380615234375,2.180250650842262,1,True
diabetes,1,3,9,0,0,1,7.896845817565918,2.8667768880473337,0,False
diabetes,1,3,10,1,1,0,11.391257286071776,1.7010586685280005,1,False
diabetes,1,3,12,0,0,1,51.563419342041016,3.6675977590752,0,False
diabetes,1,3,13,1,1,0,33.60029602050781,2.9855004809489945,1,False
diabetes,1,3,14,0,0,1,0.0747518390417099,1.9405160929029297,1,True
diabetes,1,3,15,0,0,1,39.602516174316406,2.5833656147182547,0,False
diabetes,1,3,17,0,0,1,34.667911529541016,2.9092388206330426,0,False
diabetes,1,3,18,0,0,1,53.23713302612305,3.910989708460552,0,False
diabetes,1,3,19,0,0,1,27.818458557128903,3.091138978056604,0,False
diabetes,1,3,22,1,1,0,18.22457504272461,1.9667556661722272,1,False
diabetes,1,3,23,0,0,1,13.617554664611816,1.450795309698015,1,True
diabetes,1,3,24,1,1,0,44.6291618347168,2.685837089804228,1,False
diabetes,1,3,25,0,0,1,24.31812858581543,0.9898954524099643,0,False
diabetes,1,3,26,1,1,0,1.209587574005127,1.869267115294946,1,False
diabetes,1,3,27,1,1,0,7.944900035858154,2.008178218773634,0,True
diabetes,1,3,28,0,0,1,35.99723815917969,2.248054130273963,0,False
diabetes,1,3,29,1,1,0,33.2161750793457,1.2978484785723507,1,False
diabetes,1,3,31,1,1,0,15.972712516784668,1.8013916753692654,1,False
diabetes,1,3,32,0,0,1,32.27455520629883,1.7118133711242516,1,True
diabetes,1,3,34,0,0,1,21.870174407958984,1.827899432729882,0,False
diabetes,1,3,35,0,0,1,9.966513633728027,3.6252710217365305,1,True
diabetes,1,3,36,0,0,1,23.06954002380371,1.752713403563684,0,False
diabetes,1,3,37,1,1,0,24.724342346191406,3.2488974330912144,1,False
diabetes,1,3,38,0,0,1,1.141739845275879,3.0029314973415824,0,False
diabetes,1,3,39,0,0,1,2.6188182830810547,1.925474193265594,1,True
diabetes,1,3,41,1,1,0,40.430179595947266,3.658117995250206,0,True
diabetes,1,3,42,1,1,0,10.546698570251465,2.130668123672908,0,True
diabetes,1,3,43,1,1,0,34.070674896240234,4.848023224187591,1,False
diabetes,1,3,44,0,0,1,4.971772193908691,2.497524564288508,1,True
diabetes,1,3,45,0,0,1,19.737842559814453,2.822967303997552,0,False
diabetes,1,3,46,1,1,0,38.4255485534668,2.2303380066635716,1,False
diabetes,1,3,48,1,1,0,38.43285369873047,1.599482510091158,1,False
diabetes,1,3,49,1,1,0,24.25997543334961,2.447180124099772,1,False
diabetes,1,3,51,1,1,0,21.25374984741211,2.2847727181917006,0,True
diabetes,1,3,52,0,0,1,51.68595504760742,4.015912332541644,0,False
diabetes,1,3,53,1,1,0,24.850784301757812,3.1305187692596523,1,False
diabetes,1,3,54,0,0,1,27.12962532043457,2.8679496576841323,0,False
diabetes,1,3,55,1,1,0,7.981146812438965,2.253941618868691,0,True
diabetes,1,3,59,0,0,1,18.652484893798828,2.9905481783522183,0,False
diabetes,1,3,60,0,0,1,30.094297409057617,2.739454419911009,0,False
diabetes,1,3,61,1,1,0,15.798991203308104,2.077952201144827,0,True
diabetes,1,3,62,1,1,0,49.55242538452149,3.2743300467023064,0,True
diabetes,1,3,64,1,1,0,19.42200469970703,2.3390976446145837,1,False
diabetes,1,3,65,0,0,1,30.494834899902344,2.9872367778840405,1,True
diabetes,1,3,66,1,1,0,52.794227600097656,4.142766506376564,1,False
diabetes,1,3,67,1,1,0,23.239261627197266,2.711214179380747,1,False
diabetes,1,3,68,0,0,1,8.601468086242676,1.6171024369630025,1,True
diabetes,1,3,70,0,0,1,32.258182525634766,2.8907605557093787,0,False
diabetes,1,3,71,1,1,0,51.91730117797851,2.857789173387237,1,False
diabetes,1,3,72,0,0,1,10.26839828491211,1.7968193922722704,1,True
diabetes,1,3,73,1,1,0,33.01760482788086,2.290544924481824,0,True
diabetes,1,3,74,0,0,1,2.85974383354187,2.1676620810270393,1,True
diabetes,1,3,75,0,0,1,6.202632904052734,2.181897826081519,0,False
diabetes,1,3,76,0,0,1,13.9484224319458,2.0618953473453425,1,True
diabetes,1,3,77,0,0,1,31.38838005065918,1.8846921924807216,0,False
diabetes,1,3,78,0,0,1,28.08191299438477,2.796087758305935,0,False
diabetes,1,3,79,0,0,1,8.320718765258789,2.2605856912698337,0,False
diabetes,1,3,80,0,0,1,2.627701759338379,2.9591349962151656,0,False
diabetes,1,3,81,1,1,0,14.186891555786133,3.5235163379398435,1,False
diabetes,1,3,82,1,1,0,38.05339431762695,2.913981855869629,1,False
diabetes,1,3,83,1,1,0,41.20963668823242,2.6135366861676403,1,False
diabetes,1,3,84,1,1,0,31.93022918701172,2.1001066789151244,1,False
diabetes,1,3,85,0,0,1,45.99998474121094,3.2930516462158774,0,False
diabetes,1,3,87,0,0,1,41.46004104614258,2.4604813596188384,0,False
diabetes,1,5,1,0,0,1,32.69017028808594,3.1047386214735457,0,False
diabetes,1,5,2,0,0,1,8.469067573547363,1.986047984953879,1,True
diabetes,1,5,4,1,1,0,7.456454277038574,1.681198153014668,0,True
diabetes,1,5,5,1,1,0,8.704066276550293,2.605580129424307,0,True
diabetes,1,5,6,0,0,1,9.66195011138916,1.629516013818049,0,False
diabetes,1,5,9,0,0,1,7.896845817565918,2.300188830820826,1,True
diabetes,1,5,12,0,0,1,51.563419342041016,3.704591673331149,0,False
diabetes,1,5,13,1,1,0,33.60029602050781,2.9651264240309985,1,False
diabetes,1,5,14,0,0,1,0.0747518390417099,1.9405160929029297,1,True
diabetes,1,5,15,0,0,1,39.602516174316406,2.5833656147182547,0,False
diabetes,1,5,16,0,0,1,4.618366718292236,1.4788792910079265,1,True
diabetes,1,5,17,0,0,1,34.667911529541016,2.9092388206330426,0,False
diabetes,1,5,18,0,0,1,53.23713302612305,3.2517688512943743,0,False
diabetes,1,5,19,0,0,1,27.818458557128903,2.64556666116828,0,False
diabetes,1,5,20,1,1,0,5.5852508544921875,2.5251682234698625,0,True
diabetes,1,5,22,1,1,0,18.22457504272461,1.9667556661722272,1,False
diabetes,1,5,23,0,0,1,13.617554664611816,1.450795309698015,1,True
diabetes,1,5,24,1,1,0,44.6291618347168,2.685837089804228,1,False
diabetes,1,5,25,0,0,1,24.31812858581543,2.141652294230775,0,False
diabetes,1,5,26,1,1,0,1.209587574005127,1.869267115294946,1,False
diabetes,1,5,27,1,1,0,7.944900035858154,2.008178218773634,0,True
diabetes,1,5,28,0,0,1,35.99723815917969,2.3785641806694615,1,True
diabetes,1,5,29,1,1,0,33.2161750793457,1.2978484785723507,1,False
diabetes,1,5,31,1,1,0,15.972712516784668,1.8013916753692654,1,False
diabetes,1,5,32,0,0,1,32.27455520629883,1.7118133711242516,1,True
diabetes,1,5,34,0,0,1,21.870174407958984,1.827899432729882,0,False
diabetes,1,5,35,0,0,1,9.966513633728027,2.9353341765848073,0,False
diabetes,1,5,36,0,0,1,23.06954002380371,2.2585201738502128,1,True
diabetes,1,5,37,1,1,0,24.724342346191406,3.081159361356661,1,False
diabetes,1,5,38,0,0,1,1.141739845275879,2.2415864651002764,0,False
diabetes,1,5,39,0,0,1,2.6188182830810547,1.925474193265594,1,True
diabetes,1,5,41,1,1,0,40.430179595947266,2.6193839369402068,0,True
diabetes,1,5,42,1,1,0,10.546698570251465,2.130668123672908,0,True
diabetes,1,5,44,0,0,1,4.971772193908691,2.497524564288508,1,True
diabetes,1,5,45,0,0,1,19.737842559814453,2.4965369682248806,0,False
diabetes,1,5,46,1,1,0,38.4255485534668,2.2303380066635716,1,False
diabetes,1,5,48,1,1,0,38.43285369873047,1.599482510091158,1,False
diabetes,1,5,49,1,1,0,24.25997543334961,2.447180124099772,1,False
diabetes,1,5,52,0,0,1,51.68595504760742,3.7718854310178695,0,False
diabetes,1,5,53,1,1,0,24.850784301757812,3.1305187692596523,1,False
diabetes,1,5,54,0,0,1,27.12962532043457,3.068251458213401,0,False
diabetes,1,5,55,1,1,0,7.981146812438965,2.253941618868691,0,True
diabetes,1,5,56,1,1,0,5.4570159912109375,2.3562231628539165,0,True
diabetes,1,5,59,0,0,1,18.652484893798828,2.9905481783522183,0,False
diabetes,1,5,60,0,0,1,30.094297409057617,2.623867985165658,1,True
diabetes,1,5,61,1,1,0,15.798991203308104,2.07921627988453,0,True
diabetes,1,5,62,1,1,0,49.55242538452149,3.62376296910438,1,False
diabetes,1,5,63,0,0,1,19.234296798706055,2.8455336455099705,0,False
diabetes,1,5,64,1,1,0,19.42200469970703,2.3390976446145837,1,False
diabetes,1,5,65,0,0,1,30.494834899902344,2.8403638644695293,0,False
diabetes,1,5,66,1,1,0,52.794227600097656,4.142766506376564,1,False
diabetes,1,5,67,1,1,0,23.239261627197266,2.711214179380747,1,False
diabetes,1,5,68,0,0,1,8.601468086242676,1.6171024369630025,1,True
diabetes,1,5,69,1,1,0,4.000061988830566,1.8067264877915177,0,True
diabetes,1,5,70,0,0,1,32.258182525634766,2.5670838350027587,1,True
diabetes,1,5,71,1,1,0,51.91730117797851,2.857789173387237,1,False
diabetes,1,5,72,0,0,1,10.26839828491211,1.7416254484225164,1,True
diabetes,1,5,74,0,0,1,2.85974383354187,2.1676620810270393,1,True
diabetes,1,5,75,0,0,1,6.202632904052734,2.3627316605463435,0,False
diabetes,1,5,76,0,0,1,13.9484224319458,2.0618953473453425,1,True
diabetes,1,5,77,0,0,1,31.38838005065918,1.9165379822409656,1,True
diabetes,1,5,78,0,0,1,28.08191299438477,2.973448760148456,1,True
diabetes,1,5,79,0,0,1,8.320718765258789,1.972481469512641,0,False
diabetes,1,5,80,0,0,1,2.627701759338379,2.6148592090861498,0,False
diabetes,1,5,81,1,1,0,14.186891555786133,2.685492056554781,1,False
diabetes,1,5,82,1,1,0,38.05339431762695,2.913981855869629,1,False
diabetes,1,5,83,1,1,0,41.20963668823242,2.6135366861676403,1,False
diabetes,1,5,84,1,1,0,31.93022918701172,2.1001066789151244,1,False
diabetes,1,5,85,0,0,1,45.99998474121094,3.30430466130336,0,False
diabetes,1,5,86,1,1,0,1.075605869293213,2.116430092675166,1,False
diabetes,1,7,1,0,0,1,32.69017028808594,3.1047386214735457,0,False
diabetes,1,7,2,0,0,1,8.469067573547363,1.986047984953879,1,True
diabetes,1,7,4,1,1,0,7.456454277038574,1.681198153014668,0,True
diabetes,1,7,5,1,1,0,8.704066276550293,2.605580129424307,0,True
diabetes,1,7,6,0,0,1,9.66195011138916,1.476437327287215,0,False
diabetes,1,7,9,0,0,1,7.896845817565918,1.626311051247978,0,False
diabetes,1,7,13,1,1,0,33.60029602050781,2.9651264240309985,1,False
diabetes,1,7,14,0,0,1,0.0747518390417099,1.9405160929029297,1,True
diabetes,1,7,15,0,0,1,39.602516174316406,2.5833656147182547,0,False
diabetes,1,7,16,0,0,1,4.618366718292236,1.4788792910079265,1,True
diabetes,1,7,17,0,0,1,34.667911529541016,2.7026526319819255,0,False
diabetes,1,7,18,0,0,1,53.23713302612305,3.2517688512943743,0,False
diabetes,1,7,19,0,0,1,27.818458557128903,1.9284878398439145,0,False
diabetes,1,7,20,1,1,0,5.5852508544921875,2.5251682234698625,0,True
diabetes,1,7,22,1,1,0,18.22457504272461,1.9667556661722272,1,False
diabetes,1,7,23,0,0,1,13.617554664611816,1.450795309698015,1,True
diabetes,1,7,24,1,1,0,44.6291618347168,2.685837089804228,1,False
diabetes,1,7,25,0,0,1,24.31812858581543,1.5453501474360734,0,False
diabetes,1,7,26,1,1,0,1.209587574005127,1.869267115294946,1,False
diabetes,1,7,27,1,1,0,7.944900035858154,2.008178218773634,0,True
diabetes,1,7,28,0,0,1,35.99723815917969,1.9279848537816384,0,False
diabetes,1,7,29,1,1,0,33.2161750793457,1.2978484785723507,1,False
diabetes,1,7,31,1,1,0,15.972712516784668,1.8013916753692654,1,False
diabetes,1,7,32,0,0,1,32.27455520629883,1.7118133711242516,1,True
diabetes,1,7,34,0,0,1,21.870174407958984,1.827899432729882,0,False
diabetes,1,7,35,0,0,1,9.966513633728027,2.9353341765848073,0,False
diabetes,1,7,36,0,0,1,23.06954002380371,2.2585201738502128,1,True
diabetes,1,7,37,1,1,0,24.724342346191406,2.9250522909577845,1,False
diabetes,1,7,38,0,0,1,1.141739845275879,2.2415864651002764,0,False
diabetes,1,7,39,0,0,1,2.6188182830810547,1.925474193265594,1,True
diabetes,1,7,41,1,1,0,40.430179595947266,2.6193839369402068,0,True
diabetes,1,7,42,1,1,0,10.546698570251465,2.130668123672908,0,True
diabetes,1,7,44,0,0,1,4.971772193908691,2.497524564288508,1,True
diabetes,1,7,46,1,1,0,38.4255485534668,2.2303380066635716,1,False
diabetes,1,7,48,1,1,0,38.43285369873047,1.599482510091158,1,False
diabetes,1,7,49,1,1,0,24.25997543334961,2.447180124099772,1,False
diabetes,1,7,52,0,0,1,51.68595504760742,2.9058292403690764,0,False
diabetes,1,7,53,1,1,0,24.850784301757812,3.1305187692596523,1,False
diabetes,1,7,54,0,0,1,27.12962532043457,2.7601759076051073,0,False
diabetes,1,7,55,1,1,0,7.981146812438965,2.253941618868691,0,True
diabetes,1,7,57,1,1,0,3.430383682250977,2.318764286312144,1,False
diabetes,1,7,59,0,0,1,18.652484893798828,2.9905481783522183,0,False
diabetes,1,7,60,0,0,1,30.094297409057617,1.719165391271663,0,False
diabetes,1,7,61,1,1,0,15.798991203308104,2.07921627988453,0,True
diabetes,1,7,62,1,1,0,49.55242538452149,3.62376296910438,1,False
diabetes,1,7,63,0,0,1,19.234296798706055,1.423300135795806,0,False
diabetes,1,7,64,1,1,0,19.42200469970703,2.3390976446145837,1,False
diabetes,1,7,65,0,0,1,30.494834899902344,2.076105504051631,0,False
diabetes,1,7,66,1,1,0,52.794227600097656,3.7725438578294304,1,False
diabetes,1,7,67,1,1,0,23.239261627197266,2.711214179380747,1,False
diabetes,1,7,68,0,0,1,8.601468086242676,1.4723291007670578,0,False
diabetes,1,7,69,1,1,0,4.000061988830566,1.8067264877915177,0,True
diabetes,1,7,70,0,0,1,32.258182525634766,2.5670838350027587,1,True
diabetes,1,7,71,1,1,0,51.91730117797851,2.857789173387237,1,False
diabetes,1,7,74,0,0,1,2.85974383354187,2.1676620810270393,1,True
diabetes,1,7,75,0,0,1,6.202632904052734,2.275868215845826,0,False
diabetes,1,7,77,0,0,1,31.38838005065918,1.8840501379215913,0,False
diabetes,1,7,78,0,0,1,28.08191299438477,2.566712234324636,0,False
diabetes,1,7,79,0,0,1,8.320718765258789,1.9530189138892973,0,False
diabetes,1,7,80,0,0,1,2.627701759338379,1.8804643569268369,0,False
diabetes,1,7,81,1,1,0,14.186891555786133,2.685492056554781,1,False
diabetes,1,7,82,1,1,0,38.05339431762695,2.913981855869629,1,False
diabetes,1,7,83,1,1,0,41.20963668823242,2.6135366861676403,1,False
diabetes,1,7,84,1,1,0,31.93022918701172,2.1001066789151244,1,False
diabetes,1,7,85,0,0,1,45.99998474121094,3.2729679901310744,0,False
diabetes,1,10,3,1,1,0,6.695950508117676,0.6843632430578809,0,True
diabetes,1,10,4,1,1,0,7.456454277038574,1.681198153014668,0,True
diabetes,1,10,5,1,1,0,8.704066276550293,2.605580129424307,0,True
diabetes,1,10,6,0,0,1,9.66195011138916,1.5198009463960398,0,False
diabetes,1,10,8,0,0,1,4.1446380615234375,1.3579908877220346,0,False
diabetes,1,10,9,0,0,1,7.896845817565918,1.626311051247978,0,False
diabetes,1,10,13,1,1,0,33.60029602050781,2.9651264240309985,1,False
diabetes,1,10,15,0,0,1,39.602516174316406,2.5833656147182547,0,False
diabetes,1,10,16,0,0,1,4.618366718292236,1.4788792910079265,1,True
diabetes,1,10,17,0,0,1,34.667911529541016,2.7026526319819255,0,False
diabetes,1,10,18,0,0,1,53.23713302612305,3.2433597140206527,0,False
diabetes,1,10,19,0,0,1,27.818458557128903,1.8813938820254377,0,False
diabetes,1,10,20,1,1,0,5.5852508544921875,1.9842060016719048,0,True
diabetes,1,10,22,1,1,0,18.22457504272461,2.754433400501667,1,False
diabetes,1,10,23,0,0,1,13.617554664611816,1.3783385431279729,0,False
diabetes,1,10,24,1,1,0,44.6291618347168,2.685837089804228,1,False
diabetes,1,10,25,0,0,1,24.31812858581543,1.7623882622215366,0,False
diabetes,1,10,26,1,1,0,1.209587574005127,1.869267115294946,1,False
diabetes,1,10,27,1,1,0,7.944900035858154,2.008178218773634,0,True
diabetes,1,10,28,0,0,1,35.99723815917969,2.01139430239863,0,False
diabetes,1,10,29,1,1,0,33.2161750793457,2.3186914995473336,1,False
diabetes,1,10,30,1,1,0,0.2902489006519317,2.197212787878392,0,True
diabetes,1,10,31,1,1,0,15.972712516784668,1.8893016504535551,1,False
diabetes,1,10,32,0,0,1,32.27455520629883,1.409195763374943,0,False
diabetes,1,10,34,0,0,1,21.870174407958984,1.5613306077836415,0,False
diabetes,1,10,35,0,0,1,9.966513633728027,2.791875396716706,0,False
diabetes,1,10,36,0,0,1,23.06954002380371,0.998255801347208,0,False
diabetes,1,10,37,1,1,0,24.724342346191406,2.9250522909577845,1,False
diabetes,1,10,38,0,0,1,1.141739845275879,2.2415864651002764,0,False
diabetes,1,10,39,0,0,1,2.6188182830810547,1.925474193265594,1,True
diabetes,1,10,41,1,1,0,40.430179595947266,2.6193839369402068,0,True
diabetes,1,10,42,1,1,0,10.546698570251465,2.3074928637969863,1,False
diabetes,1,10,44,0,0,1,4.971772193908691,2.4538073595118863,1,True
diabetes,1,10,46,1,1,0,38.4255485534668,2.2303380066635716,1,False
diabetes,1,10,48,1,1,0,38.43285369873047,1.599482510091158,1,False
diabetes,1,10,49,1,1,0,24.25997543334961,2.447180124099772,1,False
diabetes,1,10,52,0,0,1,51.68595504760742,2.9058292403690764,0,False
diabetes,1,10,53,1,1,0,24.850784301757812,3.1305187692596523,1,False
diabetes,1,10,54,0,0,1,27.12962532043457,2.5249450624600396,0,False
diabetes,1,10,55,1,1,0,7.981146812438965,2.6237393815045067,0,True
diabetes,1,10,56,1,1,0,5.4570159912109375,2.3562231628539165,0,True
diabetes,1,10,57,1,1,0,3.430383682250977,2.318764286312144,1,False
diabetes,1,10,59,0,0,1,18.652484893798828,2.9905481783522183,0,False
diabetes,1,10,60,0,0,1,30.094297409057617,1.719165391271663,0,False
diabetes,1,10,61,1,1,0,15.798991203308104,2.077952201144827,0,True
diabetes,1,10,62,1,1,0,49.55242538452149,3.2743300467023064,0,True
diabetes,1,10,63,0,0,1,19.234296798706055,1.423300135795806,0,False
diabetes,1,10,64,1,1,0,19.42200469970703,2.3390976446145837,1,False
diabetes,1,10,66,1,1,0,52.794227600097656,3.7725438578294304,1,False
diabetes,1,10,67,1,1,0,23.239261627197266,2.711214179380747,1,False
diabetes,1,10,68,0,0,1,8.601468086242676,1.4723291007670578,0,False
diabetes,1,10,69,1,1,0,4.000061988830566,1.8067264877915177,0,True
diabetes,1,10,70,0,0,1,32.258182525634766,2.5670838350027587,1,True
diabetes,1,10,71,1,1,0,51.91730117797851,2.857789173387237,1,False
diabetes,1,10,74,0,0,1,2.85974383354187,2.1676620810270393,1,True
diabetes,1,10,75,0,0,1,6.202632904052734,1.4993341464300212,0,False
diabetes,1,10,77,0,0,1,31.38838005065918,1.342663314897414,0,False
diabetes,1,10,78,0,0,1,28.08191299438477,2.566712234324636,0,False
diabetes,1,10,80,0,0,1,2.627701759338379,1.1432786255120124,0,False
diabetes,1,10,81,1,1,0,14.186891555786133,2.685492056554781,1,False
diabetes,1,10,82,1,1,0,38.05339431762695,2.913981855869629,1,False
diabetes,1,10,83,1,1,0,41.20963668823242,2.623290744886476,1,False
diabetes,1,10,84,1,1,0,31.93022918701172,2.1001066789151244,1,False
diabetes,1,10,85,0,0,1,45.99998474121094,3.0362274009361987,0,False
diabetes,1,10,86,1,1,0,1.075605869293213,2.116430092675166,1,False
diabetes,1,10,87,0,0,1,41.46004104614258,2.43600607182302,0,False
diabetes,2,2,0,1,1,0,11.04113483428955,1.7112146490131503,0,True
diabetes,2,2,1,1,1,0,4.1330366134643555,3.189948174901034,1,False
diabetes,2,2,5,0,0,1,33.336612701416016,4.618754463975601,1,True
diabetes,2,2,6,0,0,1,13.444218635559082,2.175428620981655,0,False
diabetes,2,2,7,1,1,0,17.288543701171875,2.578497373291767,1,False
diabetes,2,2,8,0,0,1,1.9683102369308472,1.8064100983072229,0,False
diabetes,2,2,9,1,1,0,14.906172752380373,3.0758580487899807,0,True
diabetes,2,2,10,0,0,1,0.3100332617759704,1.6251661356849274,0,False
diabetes,2,2,12,1,1,0,8.682462692260742,1.737303541080163,1,False
diabetes,2,2,13,0,0,1,35.353294372558594,3.285059862429476,1,True
diabetes,2,2,15,1,1,0,7.865201473236084,3.024741002897929,0,True
diabetes,2,2,17,1,1,0,71.49079895019531,4.041958146055565,1,False
diabetes,2,2,18,1,1,0,16.250059127807617,1.7831418115732172,1,False
diabetes,2,2,19,0,0,1,31.03968811035156,3.100083990634309,1,True
diabetes,2,2,20,0,0,1,14.258095741271973,2.1885520797555813,1,True
diabetes,2,2,21,1,1,0,49.36734390258789,2.98654958979772,1,False
diabetes,2,2,23,0,0,1,19.723957061767575,3.3402807935746694,1,True
diabetes,2,2,25,1,1,0,26.233531951904297,2.4798994464234294,1,False
diabetes,2,2,26,1,1,0,21.668428421020508,4.792062989830971,0,True
diabetes,2,2,27,1,1,0,7.72540283203125,1.5072419715327736,1,False
diabetes,2,2,29,1,1,0,25.539133071899418,2.1845122778369457,1,False
diabetes,2,2,30,1,1,0,7.570048809051514,2.584190990148869,1,False
diabetes,2,2,31,1,1,0,34.815982818603516,2.9849878613326393,1,False
diabetes,2,2,32,1,1,0,10.708285331726074,2.447465994276404,1,False
diabetes,2,2,36,1,1,0,33.25343704223633,3.073389779912171,0,True
diabetes,2,2,37,1,1,0,2.551375389099121,2.8329679030138086,1,False
diabetes,2,2,38,0,0,1,55.92787551879883,3.6844706269243153,0,False
diabetes,2,2,41,1,1,0,60.36550521850586,3.1747838228694594,1,False
diabetes,2,2,43,1,1,0,7.218731880187988,2.2865217513351044,0,True
diabetes,2,2,46,0,0,1,29.597442626953125,3.045218297397007,1,True
diabetes,2,2,47,1,1,0,23.785619735717773,1.7699931658576802,0,True
diabetes,2,2,48,0,0,1,13.866642951965332,2.0145638035903786,1,True
diabetes,2,2,49,0,0,1,15.491497039794922,2.483770231249731,1,True
diabetes,2,2,50,0,0,1,40.26478958129883,2.8263111880300276,1,True
diabetes,2,2,51,1,1,0,0.0394797995686531,2.1097046994218345,1,False
diabetes,2,2,52,1,1,0,22.491851806640625,3.3817612755833206,1,False
diabetes,2,2,53,0,0,1,0.7848567366600037,1.6789408329916056,1,True
diabetes,2,2,54,1,1,0,16.42461395263672,2.5992383636585124,1,False
diabetes,2,2,55,1,1,0,19.960906982421875,2.435682406932243,0,True
diabetes,2,2,56,1,1,0,8.04232120513916,1.574894324565332,1,False
diabetes,2,2,58,1,1,0,1.9755803346633911,2.640683202503379,0,True
diabetes,2,2,59,1,1,0,14.56157684326172,1.4358148704853155,1,False
diabetes,2,2,60,1,1,0,21.934818267822266,2.422948109382798,1,False
diabetes,2,2,63,0,0,1,13.917054176330566,2.3682796319543424,1,True
diabetes,2,2,66,1,1,0,3.9084181785583496,2.2345980358083,1,False
diabetes,2,2,67,0,0,1,40.76776885986328,2.881197705473751,1,True
diabetes,2,2,68,1,1,0,22.62957191467285,1.9619605030581688,0,True
diabetes,2,2,69,0,0,1,17.469682693481445,1.8757769636901316,1,True
diabetes,2,2,70,0,0,1,42.4630012512207,2.500643227840219,0,False
diabetes,2,2,71,0,0,1,1.7706488370895386,1.073068102284919,1,True
diabetes,2,2,73,0,0,1,8.366837501525879,1.3880144037352968,0,False
diabetes,2,2,74,1,1,0,25.581209182739254,2.735743098156304,1,False
diabetes,2,2,76,0,0,1,35.132965087890625,3.166874329929427,1,True
diabetes,2,2,77,1,1,0,40.92722702026367,3.762676595058615,1,False
diabetes,2,2,78,0,0,1,15.854464530944824,3.7106828877567257,1,True
diabetes,2,2,80,1,1,0,43.190216064453125,2.218716917416652,1,False
diabetes,2,2,81,0,0,1,17.33211898803711,2.2142251479948176,1,True
diabetes,2,2,82,0,0,1,26.22596740722656,3.453033114145897,1,True
diabetes,2,2,83,1,1,0,18.922664642333984,2.5929983000271917,1,False
diabetes,2,2,84,1,1,0,4.609658241271973,2.3106228661222743,1,False
diabetes,2,2,85,1,1,0,84.62284851074219,4.827215867660348,1,False
diabetes,2,2,86,1,1,0,10.115403175354004,2.2395375619551343,0,True
diabetes,2,3,0,1,1,0,11.04113483428955,1.7112146490131503,0,True
diabetes,2,3,4,0,0,1,2.077876091003418,1.498489999945293,1,True
diabetes,2,3,5,0,0,1,33.336612701416016,4.618754463975601,1,True
diabetes,2,3,6,0,0,1,13.444218635559082,2.175428620981655,0,False
diabetes,2,3,8,0,0,1,1.9683102369308472,1.8064100983072229,0,False
diabetes,2,3,9,1,1,0,14.906172752380373,3.0758580487899807,0,True
diabetes,2,3,10,0,0,1,0.3100332617759704,1.6251661356849274,0,False
diabetes,2,3,13,0,0,1,35.353294372558594,3.285059862429476,1,True
diabetes,2,3,15,1,1,0,7.865201473236084,3.024741002897929,0,True
diabetes,2,3,17,1,1,0,71.49079895019531,3.0153485495698824,1,False
diabetes,2,3,18,1,1,0,16.250059127807617,1.6362557191320817,1,False
diabetes,2,3,19,0,0,1,31.03968811035156,3.100083990634309,1,True
diabetes,2,3,20,0,0,1,14.258095741271973,2.1885520797555813,1,True
diabetes,2,3,23,0,0,1,19.723957061767575,3.3984395865184953,0,False
diabetes,2,3,24,0,0,1,19.918066024780273,2.6671572112545516,1,True
diabetes,2,3,25,1,1,0,26.233531951904297,1.471753599645362,1,False
diabetes,2,3,26,1,1,0,21.668428421020508,4.543395497761277,0,True
diabetes,2,3,27,1,1,0,7.72540283203125,1.5072419715327736,1,False
diabetes,2,3,29,1,1,0,25.539133071899418,1.866564151670688,1,False
diabetes,2,3,30,1,1,0,7.570048809051514,2.584190990148869,1,False
diabetes,2,3,31,1,1,0,34.815982818603516,2.0700331129694995,1,False
diabetes,2,3,36,1,1,0,33.25343704223633,3.073389779912171,0,True
diabetes,2,3,37,1,1,0,2.551375389099121,2.8329679030138086,1,False
diabetes,2,3,38,0,0,1,55.92787551879883,3.6844706269243153,0,False
diabetes,2,3,41,1,1,0,60.36550521850586,3.1747838228694594,1,False
diabetes,2,3,43,1,1,0,7.218731880187988,2.116055497394807,1,False
diabetes,2,3,46,0,0,1,29.597442626953125,3.71732854125913,1,True
diabetes,2,3,47,1,1,0,23.785619735717773,1.7699931658576802,0,True
diabetes,2,3,48,0,0,1,13.866642951965332,2.0145638035903786,1,True
diabetes,2,3,49,0,0,1,15.491497039794922,2.483770231249731,1,True
diabetes,2,3,50,0,0,1,40.26478958129883,3.1414691454613655,0,False
diabetes,2,3,52,1,1,0,22.491851806640625,3.0022250016384673,1,False
diabetes,2,3,53,0,0,1,0.7848567366600037,2.5694294611897366,1,True
diabetes,2,3,54,1,1,0,16.42461395263672,2.355582857147295,1,False
diabetes,2,3,55,1,1,0,19.960906982421875,1.5862874515206382,0,True
diabetes,2,3,56,1,1,0,8.04232120513916,1.574894324565332,1,False
diabetes,2,3,58,1,1,0,1.9755803346633911,2.640683202503379,0,True
diabetes,2,3,59,1,1,0,14.56157684326172,1.4358148704853155,1,False
diabetes,2,3,60,1,1,0,21.934818267822266,1.7738731258290308,1,False
diabetes,2,3,63,0,0,1,13.917054176330566,2.3682796319543424,1,True
diabetes,2,3,65,0,0,1,5.214666843414307,1.437861767173382,1,True
diabetes,2,3,66,1,1,0,3.9084181785583496,2.2345980358083,1,False
diabetes,2,3,67,0,0,1,40.76776885986328,2.881197705473751,1,True
diabetes,2,3,68,1,1,0,22.62957191467285,1.930698351757841,1,False
diabetes,2,3,69,0,0,1,17.469682693481445,1.8757769636901316,1,True
diabetes,2,3,70,0,0,1,42.4630012512207,2.500643227840219,0,False
diabetes,2,3,71,0,0,1,1.7706488370895386,1.073068102284919,1,True
diabetes,2,3,73,0,0,1,8.366837501525879,1.3880144037352968,0,False
diabetes,2,3,74,1,1,0,25.581209182739254,1.781112666503699,1,False
diabetes,2,3,76,0,0,1,35.132965087890625,3.359365814363471,1,True
diabetes,2,3,77,1,1,0,40.92722702026367,2.6303211642664337,1,False
diabetes,2,3,78,0,0,1,15.854464530944824,3.89096860920368,1,True
diabetes,2,3,80,1,1,0,43.190216064453125,1.917112239182129,1,False
diabetes,2,3,81,0,0,1,17.33211898803711,2.2142251479948176,1,True
diabetes,2,3,82,0,0,1,26.22596740722656,3.532097021663959,1,True
diabetes,2,3,83,1,1,0,18.922664642333984,2.5929983000271917,1,False
diabetes,2,3,84,1,1,0,4.609658241271973,1.196715365269151,1,False
diabetes,2,3,85,1,1,0,84.62284851074219,4.224706257885466,1,False
diabetes,2,3,86,1,1,0,10.115403175354004,1.7590776329113824,1,False
diabetes,2,5,0,1,1,0,11.04113483428955,1.7112146490131503,0,True
diabetes,2,5,2,0,0,1,5.834723472595215,2.776976617047891,0,False
diabetes,2,5,4,0,0,1,2.077876091003418,1.498489999945293,1,True
diabetes,2,5,5,0,0,1,33.336612701416016,4.3029159713704415,1,True
diabetes,2,5,6,0,0,1,13.444218635559082,2.175428620981655,0,False
diabetes,2,5,7,1,1,0,17.288543701171875,2.578497373291767,1,False
diabetes,2,5,9,1,1,0,14.906172752380373,3.0758580487899807,0,True
diabetes,2,5,10,0,0,1,0.3100332617759704,1.6251661356849274,0,False
diabetes,2,5,12,1,1,0,8.682462692260742,1.9435301047292304,0,True
diabetes,2,5,13,0,0,1,35.353294372558594,3.285059862429476,1,True
diabetes,2,5,15,1,1,0,7.865201473236084,3.024741002897929,0,True
diabetes,2,5,17,1,1,0,71.49079895019531,3.0153485495698824,1,False
diabetes,2,5,18,1,1,0,16.250059127807617,1.7831418115732172,1,False
diabetes,2,5,19,0,0,1,31.03968811035156,3.100083990634309,1,True
diabetes,2,5,20,0,0,1,14.258095741271973,2.1885520797555813,1,True
diabetes,2,5,22,0,0,1,14.268200874328612,3.520406238718207,1,True
diabetes,2,5,23,0,0,1,19.723957061767575,3.194923356505206,1,True
diabetes,2,5,25,1,1,0,26.233531951904297,1.471753599645362,1,False
diabetes,2,5,27,1,1,0,7.72540283203125,1.6364019489453032,1,False
diabetes,2,5,29,1,1,0,25.539133071899418,1.866564151670688,1,False
diabetes,2,5,30,1,1,0,7.570048809051514,2.584190990148869,1,False
diabetes,2,5,31,1,1,0,34.815982818603516,2.0700331129694995,1,False
diabetes,2,5,35,0,0,1,12.619951248168944,2.3060289130775575,1,True
diabetes,2,5,36,1,1,0,33.25343704223633,3.073389779912171,0,True
diabetes,2,5,37,1,1,0,2.551375389099121,2.8329679030138086,1,False
diabetes,2,5,38,0,0,1,55.92787551879883,3.6844706269243153,0,False
diabetes,2,5,41,1,1,0,60.36550521850586,3.2386759418522004,1,False
diabetes,2,5,43,1,1,0,7.218731880187988,2.116055497394807,1,False
diabetes,2,5,45,1,1,0,0.5253801941871643,1.3683402835449825,0,True
diabetes,2,5,46,0,0,1,29.597442626953125,3.045218297397007,1,True
diabetes,2,5,47,1,1,0,23.785619735717773,1.7699931658576802,0,True
diabetes,2,5,49,0,0,1,15.491497039794922,2.483770231249731,1,True
diabetes,2,5,50,0,0,1,40.26478958129883,2.6374761408822507,1,True
diabetes,2,5,52,1,1,0,22.491851806640625,3.0022250016384673,1,False
diabetes,2,5,53,0,0,1,0.7848567366600037,1.6789408329916056,1,True
diabetes,2,5,54,1,1,0,16.42461395263672,2.355582857147295,1,False
diabetes,2,5,55,1,1,0,19.960906982421875,1.7149273939421976,1,False
diabetes,2,5,56,1,1,0,8.04232120513916,2.223618019300692,0,True
diabetes,2,5,58,1,1,0,1.9755803346633911,2.640683202503379,0,True
diabetes,2,5,59,1,1,0,14.56157684326172,1.6865529372262882,1,False
diabetes,2,5,60,1,1,0,21.934818267822266,1.7738731258290308,1,False
diabetes,2,5,63,0,0,1,13.917054176330566,2.3682796319543424,1,True
diabetes,2,5,66,1,1,0,3.9084181785583496,2.2345980358083,1,False
diabetes,2,5,67,0,0,1,40.76776885986328,2.881197705473751,1,True
diabetes,2,5,68,1,1,0,22.62957191467285,1.9619605030581688,0,True
diabetes,2,5,69,0,0,1,17.469682693481445,1.8757769636901316,1,True
diabetes,2,5,70,0,0,1,42.4630012512207,2.500643227840219,0,False
diabetes,2,5,71,0,0,1,1.7706488370895386,1.073068102284919,1,True
diabetes,2,5,74,1,1,0,25.581209182739254,1.781112666503699,1,False
diabetes,2,5,76,0,0,1,35.132965087890625,3.166874329929427,1,True
diabetes,2,5,77,1,1,0,40.92722702026367,2.6303211642664337,1,False
diabetes,2,5,78,0,0,1,15.854464530944824,3.7106828877567257,1,True
diabetes,2,5,79,1,1,0,1.6729389429092407,1.8331671862646637,0,True
diabetes,2,5,80,1,1,0,43.190216064453125,1.917112239182129,1,False
diabetes,2,5,81,0,0,1,17.33211898803711,2.2142251479948176,1,True
diabetes,2,5,82,0,0,1,26.22596740722656,3.453033114145897,1,True
diabetes,2,5,83,1,1,0,18.922664642333984,2.5929983000271917,1,False
diabetes,2,5,84,1,1,0,4.609658241271973,1.196715365269151,1,False
diabetes,2,5,85,1,1,0,84.62284851074219,4.224706257885466,1,False
diabetes,2,5,86,1,1,0,10.115403175354004,1.7590776329113824,1,False
diabetes,2,7,0,1,1,0,11.04113483428955,1.7112146490131503,0,True
diabetes,2,7,2,0,0,1,5.834723472595215,2.776976617047891,0,False
diabetes,2,7,4,0,0,1,2.077876091003418,1.498489999945293,1,True
diabetes,2,7,5,0,0,1,33.336612701416016,3.712037440711503,0,False
diabetes,2,7,6,0,0,1,13.444218635559082,2.175428620981655,0,False
diabetes,2,7,7,1,1,0,17.288543701171875,2.578497373291767,1,False
diabetes,2,7,9,1,1,0,14.906172752380373,2.7068827835068734,0,True
diabetes,2,7,10,0,0,1,0.3100332617759704,1.6251661356849274,0,False
diabetes,2,7,11,1,1,0,0.2538605332374573,1.6738331045434378,1,False
diabetes,2,7,12,1,1,0,8.682462692260742,1.9435301047292304,0,True
diabetes,2,7,13,0,0,1,35.353294372558594,2.4598357703980143,1,True
diabetes,2,7,17,1,1,0,71.49079895019531,3.0153485495698824,1,False
diabetes,2,7,18,1,1,0,16.250059127807617,1.7831418115732172,1,False
diabetes,2,7,19,0,0,1,31.03968811035156,1.6698529132680229,1,True
diabetes,2,7,20,0,0,1,14.258095741271973,2.1885520797555813,1,True
diabetes,2,7,22,0,0,1,14.268200874328612,3.520406238718207,1,True
diabetes,2,7,23,0,0,1,19.723957061767575,1.937275938826895,1,True
diabetes,2,7,25,1,1,0,26.233531951904297,1.471753599645362,1,False
diabetes,2,7,31,1,1,0,34.815982818603516,2.0700331129694995,1,False
diabetes,2,7,35,0,0,1,12.619951248168944,2.3060289130775575,1,True
diabetes,2,7,36,1,1,0,33.25343704223633,3.073389779912171,0,True
diabetes,2,7,37,1,1,0,2.551375389099121,2.8329679030138086,1,False
diabetes,2,7,38,0,0,1,55.92787551879883,3.716786783524232,1,True
diabetes,2,7,41,1,1,0,60.36550521850586,3.2386759418522004,1,False
diabetes,2,7,43,1,1,0,7.218731880187988,1.7785337435729192,1,False
diabetes,2,7,44,0,0,1,0.7147099375724792,1.5559549800336152,1,True
diabetes,2,7,45,1,1,0,0.5253801941871643,1.3683402835449825,0,True
diabetes,2,7,46,0,0,1,29.597442626953125,2.9205280441790964,0,False
diabetes,2,7,47,1,1,0,23.785619735717773,1.7699931658576802,0,True
diabetes,2,7,49,0,0,1,15.491497039794922,2.319736460788752,1,True
diabetes,2,7,50,0,0,1,40.26478958129883,2.6374761408822507,1,True
diabetes,2,7,52,1,1,0,22.491851806640625,3.27907613667731,1,False
diabetes,2,7,53,0,0,1,0.7848567366600037,1.6789408329916056,1,True
diabetes,2,7,54,1,1,0,16.42461395263672,2.355582857147295,1,False
diabetes,2,7,55,1,1,0,19.960906982421875,1.7149273939421976,1,False
diabetes,2,7,58,1,1,0,1.9755803346633911,2.640683202503379,0,True
diabetes,2,7,60,1,1,0,21.934818267822266,1.7738731258290308,1,False
diabetes,2,7,63,0,0,1,13.917054176330566,2.3682796319543424,1,True
diabetes,2,7,66,1,1,0,3.9084181785583496,2.2345980358083,1,False
diabetes,2,7,67,0,0,1,40.76776885986328,2.5899604600919774,1,True
diabetes,2,7,68,1,1,0,22.62957191467285,1.9619605030581688,0,True
diabetes,2,7,69,0,0,1,17.469682693481445,1.8757769636901316,1,True
diabetes,2,7,70,0,0,1,42.4630012512207,2.500643227840219,0,False
diabetes,2,7,71,0,0,1,1.7706488370895386,1.176446337869125,0,False
diabetes,2,7,74,1,1,0,25.581209182739254,1.781112666503699,1,False
diabetes,2,7,76,0,0,1,35.132965087890625,3.1264133875262616,1,True
diabetes,2,7,77,1,1,0,40.92722702026367,2.6303211642664337,1,False
diabetes,2,7,78,0,0,1,15.854464530944824,1.7085823685397417,0,False
diabetes,2,7,79,1,1,0,1.6729389429092407,1.8331671862646637,0,True
diabetes,2,7,80,1,1,0,43.190216064453125,1.917112239182129,1,False
diabetes,2,7,81,0,0,1,17.33211898803711,2.2142251479948176,1,True
diabetes,2,7,82,0,0,1,26.22596740722656,2.767235936016272,0,False
diabetes,2,7,83,1,1,0,18.922664642333984,2.5929983000271917,1,False
diabetes,2,7,84,1,1,0,4.609658241271973,1.196715365269151,1,False
diabetes,2,7,85,1,1,0,84.62284851074219,4.224706257885466,1,False
diabetes,2,7,86,1,1,0,10.115403175354004,1.7590776329113824,1,False
diabetes,2,7,87,1,1,0,2.0295705795288086,1.5934792784074103,1,False
diabetes,2,10,0,1,1,0,11.04113483428955,1.7112146490131503,0,True
diabetes,2,10,2,0,0,1,5.834723472595215,2.776976617047891,0,False
diabetes,2,10,4,0,0,1,2.077876091003418,1.498489999945293,1,True
diabetes,2,10,5,0,0,1,33.336612701416016,3.712037440711503,0,False
diabetes,2,10,6,0,0,1,13.444218635559082,2.175428620981655,0,False
diabetes,2,10,7,1,1,0,17.288543701171875,2.578497373291767,1,False
diabetes,2,10,9,1,1,0,14.906172752380373,2.7068827835068734,0,True
diabetes,2,10,10,0,0,1,0.3100332617759704,1.6251661356849274,0,False
diabetes,2,10,11,1,1,0,0.2538605332374573,1.6738331045434378,1,False
diabetes,2,10,12,1,1,0,8.682462692260742,1.9435301047292304,0,True
diabetes,2,10,13,0,0,1,35.353294372558594,2.4598357703980143,1,True
diabetes,2,10,15,1,1,0,7.865201473236084,3.024741002897929,0,True
diabetes,2,10,17,1,1,0,71.49079895019531,3.0153485495698824,1,False
diabetes,2,10,18,1,1,0,16.250059127807617,1.7831418115732172,1,False
diabetes,2,10,19,0,0,1,31.03968811035156,1.6698529132680229,1,True
diabetes,2,10,20,0,0,1,14.258095741271973,2.1885520797555813,1,True
diabetes,2,10,21,1,1,0,49.36734390258789,2.98654958979772,1,False
diabetes,2,10,22,0,0,1,14.268200874328612,4.173177835584084,1,True
diabetes,2,10,23,0,0,1,19.723957061767575,1.937275938826895,1,True
diabetes,2,10,24,0,0,1,19.918066024780273,1.665426488143049,1,True
diabetes,2,10,25,1,1,0,26.233531951904297,1.471753599645362,1,False
diabetes,2,10,29,1,1,0,25.539133071899418,1.866564151670688,1,False
diabetes,2,10,30,1,1,0,7.570048809051514,2.584190990148869,1,False
diabetes,2,10,31,1,1,0,34.815982818603516,2.0700331129694995,1,False
diabetes,2,10,35,0,0,1,12.619951248168944,2.3060289130775575,1,True
diabetes,2,10,36,1,1,0,33.25343704223633,3.073389779912171,0,True
diabetes,2,10,37,1,1,0,2.551375389099121,2.8329679030138086,1,False
diabetes,2,10,38,0,0,1,55.92787551879883,3.716786783524232,1,True
diabetes,2,10,40,1,1,0,8.436034202575684,1.5831270463873524,0,True
diabetes,2,10,41,1,1,0,60.36550521850586,2.634206283124497,1,False
diabetes,2,10,43,1,1,0,7.218731880187988,1.7785337435729192,1,False
diabetes,2,10,45,1,1,0,0.5253801941871643,1.3683402835449825,0,True
diabetes,2,10,46,0,0,1,29.597442626953125,2.9205280441790964,0,False
diabetes,2,10,47,1,1,0,23.785619735717773,1.7699931658576802,0,True
diabetes,2,10,49,0,0,1,15.491497039794922,2.319736460788752,1,True
diabetes,2,10,50,0,0,1,40.26478958129883,2.6374761408822507,1,True
diabetes,2,10,52,1,1,0,22.491851806640625,3.223744486842622,1,False
diabetes,2,10,53,0,0,1,0.7848567366600037,1.6789408329916056,1,True
diabetes,2,10,54,1,1,0,16.42461395263672,2.355582857147295,1,False
diabetes,2,10,55,1,1,0,19.960906982421875,1.7149273939421976,1,False
diabetes,2,10,58,1,1,0,1.9755803346633911,2.640683202503379,0,True
diabetes,2,10,60,1,1,0,21.934818267822266,1.7738731258290308,1,False
diabetes,2,10,63,0,0,1,13.917054176330566,2.3682796319543424,1,True
diabetes,2,10,66,1,1,0,3.9084181785583496,2.2345980358083,1,False
diabetes,2,10,67,0,0,1,40.76776885986328,2.5899604600919774,1,True
diabetes,2,10,68,1,1,0,22.62957191467285,1.9619605030581688,0,True
diabetes,2,10,69,0,0,1,17.469682693481445,1.8757769636901316,1,True
diabetes,2,10,70,0,0,1,42.4630012512207,2.500643227840219,0,False
diabetes,2,10,71,0,0,1,1.7706488370895386,1.176446337869125,0,False
diabetes,2,10,74,1,1,0,25.581209182739254,1.781112666503699,1,False
diabetes,2,10,76,0,0,1,35.132965087890625,3.1264133875262616,1,True
diabetes,2,10,77,1,1,0,40.92722702026367,2.6303211642664337,1,False
diabetes,2,10,78,0,0,1,15.854464530944824,1.7085823685397417,0,False
diabetes,2,10,79,1,1,0,1.6729389429092407,1.8331671862646637,0,True
diabetes,2,10,80,1,1,0,43.190216064453125,1.1397993755958309,1,False
diabetes,2,10,81,0,0,1,17.33211898803711,2.2142251479948176,1,True
diabetes,2,10,82,0,0,1,26.22596740722656,2.767235936016272,0,False
diabetes,2,10,83,1,1,0,18.922664642333984,2.5929983000271917,1,False
diabetes,2,10,84,1,1,0,4.609658241271973,1.196715365269151,1,False
diabetes,2,10,85,1,1,0,84.62284851074219,4.224706257885466,1,False
diabetes,2,10,86,1,1,0,10.115403175354004,1.7590776329113824,1,False
diabetes,2,10,87,1,1,0,2.0295705795288086,1.5934792784074103,1,False
diabetes,3,2,0,0,0,1,24.829120635986328,2.258719970352457,0,False
diabetes,3,2,1,0,0,1,16.299705505371094,2.2933233937520945,0,False
diabetes,3,2,2,1,1,0,23.896560668945312,2.3086044630983205,0,True
diabetes,3,2,5,0,0,1,17.522857666015625,3.014117680473961,1,True
diabetes,3,2,6,0,0,1,10.122620582580566,3.050616068091248,0,False
diabetes,3,2,7,0,0,1,41.818599700927734,3.184720140689081,1,True
diabetes,3,2,8,1,1,0,17.070697784423828,3.430108826791197,0,True
diabetes,3,2,9,1,1,0,36.94232940673828,3.557965401414917,0,True
diabetes,3,2,10,1,1,0,16.002639770507812,1.982449856916283,0,True
diabetes,3,2,11,1,1,0,34.67587661743164,3.7823995298652626,0,True
diabetes,3,2,12,0,0,1,23.101037979125977,1.5132218936912416,0,False
diabetes,3,2,13,0,0,1,11.416440963745115,2.5083381975025616,1,True
diabetes,3,2,14,0,0,1,28.87245178222656,1.9363016239098416,1,True
diabetes,3,2,15,0,0,1,8.629313468933105,1.707813286905124,0,False
diabetes,3,2,16,1,1,0,28.448776245117188,2.652563699117448,0,True
diabetes,3,2,17,1,1,0,42.76426315307617,4.45971385631614,0,True
diabetes,3,2,18,0,0,1,15.287038803100586,1.7039169135656695,1,True
diabetes,3,2,19,1,1,0,13.472023963928224,4.33733774873391,1,False
diabetes,3,2,20,1,1,0,29.417720794677734,0.7937400539912374,1,False
diabetes,3,2,21,1,1,0,9.09444522857666,1.619217621484566,1,False
diabetes,3,2,25,0,0,1,9.130013465881348,3.3665379391878747,0,False
diabetes,3,2,27,1,1,0,20.39537811279297,3.4700521096106236,1,False
diabetes,3,2,28,1,1,0,4.618095874786377,1.8655776312587993,1,False
diabetes,3,2,31,1,1,0,17.17184829711914,1.7750007393643668,1,False
diabetes,3,2,32,0,0,1,20.54629898071289,1.9306597439969884,0,False
diabetes,3,2,34,1,1,0,44.357540130615234,4.404798575577321,1,False
diabetes,3,2,35,1,1,0,56.33551025390625,4.272566841389854,1,False
diabetes,3,2,36,1,1,0,16.78897476196289,1.1833467515376526,1,False
diabetes,3,2,39,0,0,1,32.54085922241211,3.4138203858484943,1,True
diabetes,3,2,41,1,1,0,8.379232406616211,4.087020910722134,0,True
diabetes,3,2,42,0,0,1,18.149805068969727,1.622799268878673,0,False
diabetes,3,2,43,0,0,1,11.44969367980957,3.0444989635236364,1,True
diabetes,3,2,44,1,1,0,16.016395568847656,2.8887461133558023,0,True
diabetes,3,2,45,1,1,0,12.584794044494627,3.000141726948613,0,True
diabetes,3,2,47,0,0,1,3.240521192550659,1.6457386166652952,1,True
diabetes,3,2,49,0,0,1,15.299091339111328,2.5892199774421054,0,False
diabetes,3,2,50,1,1,0,21.683277130126953,2.8829428027841804,1,False
diabetes,3,2,51,0,0,1,18.577104568481445,1.3901416548797945,0,False
diabetes,3,2,52,0,0,1,10.518425941467283,2.9647224305937834,1,True
diabetes,3,2,54,1,1,0,8.429739952087402,2.9833368512844705,0,True
diabetes,3,2,55,0,0,1,20.14950942993164,2.1553306089228577,1,True
diabetes,3,2,56,1,1,0,6.355889797210693,2.8776776743920687,0,True
diabetes,3,2,57,1,1,0,0.7187607288360596,1.6920449235331276,0,True
diabetes,3,2,58,1,1,0,4.8599677085876465,3.254516536639579,0,True
diabetes,3,2,60,0,0,1,14.384206771850586,3.877880542728167,1,True
diabetes,3,2,62,1,1,0,21.53420639038086,2.2053249317005545,1,False
diabetes,3,2,65,1,1,0,24.09317398071289,2.1620337174903814,0,True
diabetes,3,2,66,0,0,1,30.62691879272461,2.2419808665304024,0,False
diabetes,3,2,67,1,1,0,5.237819194793701,2.3581222880159247,1,False
diabetes,3,2,68,1,1,0,42.10177230834961,4.252776391436262,0,True
diabetes,3,2,70,1,1,0,25.586429595947266,2.6976712199383717,0,True
diabetes,3,2,72,1,1,0,32.396724700927734,3.191599141977242,1,False
diabetes,3,2,73,1,1,0,16.939104080200195,2.6292815619016614,0,True
diabetes,3,2,74,0,0,1,7.501445770263672,2.299989707205323,0,False
diabetes,3,2,76,1,1,0,17.11248016357422,1.3931690601488906,1,False
diabetes,3,2,77,1,1,0,32.63137435913086,2.013828037106595,0,True
diabetes,3,2,78,1,1,0,19.75376892089844,2.770752452213217,1,False
diabetes,3,2,79,1,1,0,28.60852813720703,4.240190648878801,0,True
diabetes,3,2,80,1,1,0,60.192264556884766,5.619379526384942,0,True
diabetes,3,2,81,1,1,0,14.345499038696287,1.9467806383801416,0,True
diabetes,3,2,82,0,0,1,23.662391662597656,1.0714500404065732,0,False
diabetes,3,2,83,1,1,0,1.553300142288208,2.504807132476902,0,True
diabetes,3,2,84,1,1,0,11.766623497009276,2.1613488677300454,1,False
diabetes,3,2,85,1,1,0,6.027679920196533,2.6141376268648706,0,True
diabetes,3,2,86,1,1,0,34.044349670410156,2.8914071259671226,0,True
diabetes,3,3,0,0,0,1,24.829120635986328,2.258719970352457,0,False
diabetes,3,3,1,0,0,1,16.299705505371094,2.2933233937520945,0,False
diabetes,3,3,2,1,1,0,23.896560668945312,2.043995505593294,0,True
diabetes,3,3,5,0,0,1,17.522857666015625,3.7024344079578273,0,False
diabetes,3,3,6,0,0,1,10.122620582580566,3.050616068091248,0,False
diabetes,3,3,7,0,0,1,41.818599700927734,3.184720140689081,1,True
diabetes,3,3,8,1,1,0,17.070697784423828,2.327435761473628,0,True
diabetes,3,3,9,1,1,0,36.94232940673828,3.537663228911515,0,True
diabetes,3,3,10,1,1,0,16.002639770507812,1.982449856916283,0,True
diabetes,3,3,11,1,1,0,34.67587661743164,2.43760265755497,0,True
diabetes,3,3,12,0,0,1,23.101037979125977,1.5132218936912416,0,False
diabetes,3,3,13,0,0,1,11.416440963745115,2.5083381975025616,1,True
diabetes,3,3,14,0,0,1,28.87245178222656,1.9363016239098416,1,True
diabetes,3,3,15,0,0,1,8.629313468933105,1.707813286905124,0,False
diabetes,3,3,16,1,1,0,28.448776245117188,1.9940900581719705,0,True
diabetes,3,3,17,1,1,0,42.76426315307617,3.592544080642032,0,True
diabetes,3,3,18,0,0,1,15.287038803100586,1.7039169135656695,1,True
diabetes,3,3,19,1,1,0,13.472023963928224,3.288142138854397,0,True
diabetes,3,3,22,0,0,1,4.270190238952637,2.335800552181891,0,False
diabetes,3,3,25,0,0,1,9.130013465881348,3.3985398787638967,1,True
diabetes,3,3,27,1,1,0,20.39537811279297,3.051442740873094,0,True
diabetes,3,3,28,1,1,0,4.618095874786377,1.8655776312587993,1,False
diabetes,3,3,30,0,0,1,4.543198108673096,1.455252213257415,1,True
diabetes,3,3,31,1,1,0,17.17184829711914,1.535002562515796,1,False
diabetes,3,3,32,0,0,1,20.54629898071289,1.9306597439969884,0,False
diabetes,3,3,34,1,1,0,44.357540130615234,4.14446477613407,1,False
diabetes,3,3,35,1,1,0,56.33551025390625,3.251746967011373,1,False
diabetes,3,3,39,0,0,1,32.54085922241211,4.4041481237153555,0,False
diabetes,3,3,41,1,1,0,8.379232406616211,2.7931889447645246,0,True
diabetes,3,3,42,0,0,1,18.149805068969727,1.622799268878673,0,False
diabetes,3,3,43,0,0,1,11.44969367980957,3.773248951276349,0,False
diabetes,3,3,44,1,1,0,16.016395568847656,2.014268042917987,0,True
diabetes,3,3,45,1,1,0,12.584794044494627,2.9430081225912677,0,True
diabetes,3,3,47,0,0,1,3.240521192550659,1.6457386166652952,1,True
diabetes,3,3,49,0,0,1,15.299091339111328,2.5892199774421054,0,False
diabetes,3,3,50,1,1,0,21.683277130126953,2.5699182779282608,1,False
diabetes,3,3,51,0,0,1,18.577104568481445,1.3901416548797945,0,False
diabetes,3,3,52,0,0,1,10.518425941467283,2.9647224305937834,1,True
diabetes,3,3,54,1,1,0,8.429739952087402,2.746615780194422,0,True
diabetes,3,3,55,0,0,1,20.14950942993164,2.1553306089228577,1,True
diabetes,3,3,56,1,1,0,6.355889797210693,2.1195251355057865,0,True
diabetes,3,3,57,1,1,0,0.7187607288360596,1.6920449235331276,0,True
diabetes,3,3,58,1,1,0,4.8599677085876465,3.254516536639579,0,True
diabetes,3,3,60,0,0,1,14.384206771850586,4.639452962307992,0,False
diabetes,3,3,61,0,0,1,5.518831729888916,1.7029142928146517,1,True
diabetes,3,3,62,1,1,0,21.53420639038086,2.2053249317005545,1,False
diabetes,3,3,65,1,1,0,24.09317398071289,2.1620337174903814,0,True
diabetes,3,3,66,0,0,1,30.62691879272461,2.2419808665304024,0,False
diabetes,3,3,67,1,1,0,5.237819194793701,1.7937257066361392,1,False
diabetes,3,3,70,1,1,0,25.586429595947266,2.126966010423046,0,True
diabetes,3,3,72,1,1,0,32.396724700927734,3.191599141977242,1,False
diabetes,3,3,73,1,1,0,16.939104080200195,1.9886380374154529,0,True
diabetes,3,3,74,0,0,1,7.501445770263672,2.299989707205323,0,False
diabetes,3,3,76,1,1,0,17.11248016357422,1.3931690601488906,1,False
diabetes,3,3,77,1,1,0,32.63137435913086,2.013828037106595,0,True
diabetes,3,3,78,1,1,0,19.75376892089844,2.770752452213217,1,False
diabetes,3,3,79,1,1,0,28.60852813720703,3.4232257486953626,0,True
diabetes,3,3,80,1,1,0,60.192264556884766,4.378777799770015,0,True
diabetes,3,3,81,1,1,0,14.345499038696287,1.9467806383801416,0,True
diabetes,3,3,82,0,0,1,23.662391662597656,1.0714500404065732,0,False
diabetes,3,3,83,1,1,0,1.553300142288208,2.3843624701574084,1,False
diabetes,3,3,84,1,1,0,11.766623497009276,2.1381323741294347,0,True
diabetes,3,3,86,1,1,0,34.044349670410156,2.1573657357621614,0,True
diabetes,3,3,87,0,0,1,9.111686706542969,1.5619149148284004,1,True
diabetes,3,5,0,0,0,1,24.829120635986328,2.20711042495187,1,True
diabetes,3,5,1,0,0,1,16.299705505371094,1.7306421311704143,0,False
diabetes,3,5,2,1,1,0,23.896560668945312,1.2908210323571632,1,False
diabetes,3,5,5,0,0,1,17.522857666015625,1.17212528426533,0,False
diabetes,3,5,6,0,0,1,10.122620582580566,1.6153583377088654,1,True
diabetes,3,5,7,0,0,1,41.818599700927734,2.174868815117837,1,True
diabetes,3,5,8,1,1,0,17.070697784423828,2.327435761473628,0,True
diabetes,3,5,9,1,1,0,36.94232940673828,2.273835684939012,1,False
diabetes,3,5,10,1,1,0,16.002639770507812,1.293989145215317,0,True
diabetes,3,5,11,1,1,0,34.67587661743164,2.766965181744789,0,True
diabetes,3,5,13,0,0,1,11.416440963745115,2.149319635634583,1,True
diabetes,3,5,15,0,0,1,8.629313468933105,1.8354317535178923,1,True
diabetes,3,5,16,1,1,0,28.448776245117188,1.8335920750043315,0,True
diabetes,3,5,17,1,1,0,42.76426315307617,2.853109328758127,1,False
diabetes,3,5,20,1,1,0,29.417720794677734,1.7382427144260657,1,False
diabetes,3,5,22,0,0,1,4.270190238952637,1.447696008999081,1,True
diabetes,3,5,23,0,0,1,22.070457458496097,1.066450017551409,0,False
diabetes,3,5,25,0,0,1,9.130013465881348,2.11938696563435,1,True
diabetes,3,5,27,1,1,0,20.39537811279297,2.7230800256510856,0,True
diabetes,3,5,28,1,1,0,4.618095874786377,2.255559145389752,0,True
diabetes,3,5,29,1,1,0,1.8124852180480957,2.223276640787059,0,True
diabetes,3,5,31,1,1,0,17.17184829711914,1.535002562515796,1,False
diabetes,3,5,33,0,0,1,14.537519454956056,2.0240501847629644,0,False
diabetes,3,5,34,1,1,0,44.357540130615234,3.523902727686466,1,False
diabetes,3,5,35,1,1,0,56.33551025390625,3.251746967011373,1,False
diabetes,3,5,37,0,0,1,40.49723052978515,4.1823246044738465,1,True
diabetes,3,5,39,0,0,1,32.54085922241211,2.6096806322207087,1,True
diabetes,3,5,43,0,0,1,11.44969367980957,1.6892692136959426,1,True
diabetes,3,5,44,1,1,0,16.016395568847656,2.1123072262735785,0,True
diabetes,3,5,45,1,1,0,12.584794044494627,1.8914367676218036,0,True
diabetes,3,5,46,1,1,0,0.757416844367981,1.349786427300614,0,True
diabetes,3,5,49,0,0,1,15.299091339111328,2.176160185853619,1,True
diabetes,3,5,52,0,0,1,10.518425941467283,2.474840437410678,1,True
diabetes,3,5,53,0,0,1,1.2400357723236084,1.7916404596035005,0,False
diabetes,3,5,54,1,1,0,8.429739952087402,1.6510528293012592,0,True
diabetes,3,5,55,0,0,1,20.14950942993164,1.4481530542426715,0,False
diabetes,3,5,56,1,1,0,6.355889797210693,2.063865311348978,0,True
diabetes,3,5,57,1,1,0,0.7187607288360596,1.2089474335923416,0,True
diabetes,3,5,58,1,1,0,4.8599677085876465,2.3335644325671967,1,False
diabetes,3,5,60,0,0,1,14.384206771850586,2.503353533618103,1,True
diabetes,3,5,61,0,0,1,5.518831729888916,2.0221392526866726,0,False
diabetes,3,5,62,1,1,0,21.53420639038086,2.1427609621001444,0,True
diabetes,3,5,65,1,1,0,24.09317398071289,2.6127305211701857,0,True
diabetes,3,5,66,0,0,1,30.62691879272461,1.674453754578832,0,False
diabetes,3,5,67,1,1,0,5.237819194793701,1.7937257066361392,1,False
diabetes,3,5,70,1,1,0,25.586429595947266,1.9278748765242848,0,True
diabetes,3,5,71,1,1,0,14.201144218444824,1.7524824000398709,1,False
diabetes,3,5,73,1,1,0,16.939104080200195,1.888323915473277,0,True
diabetes,3,5,75,0,0,1,2.015953302383423,2.1687609097153024,1,True
diabetes,3,5,76,1,1,0,17.11248016357422,1.9481159675317752,1,False
diabetes,3,5,77,1,1,0,32.63137435913086,1.7604588156362728,0,True
diabetes,3,5,79,1,1,0,28.60852813720703,3.2577155830056865,0,True
diabetes,3,5,80,1,1,0,60.192264556884766,3.55844807534563,1,False
diabetes,3,5,81,1,1,0,14.345499038696287,2.475813118236427,1,False
diabetes,3,5,83,1,1,0,1.553300142288208,2.3843624701574084,1,False
diabetes,3,5,84,1,1,0,11.766623497009276,1.5882544347585363,0,True
diabetes,3,5,86,1,1,0,34.044349670410156,1.936652359659172,0,True
diabetes,3,5,87,0,0,1,9.111686706542969,1.5619149148284004,1,True
diabetes,3,7,0,0,0,1,24.829120635986328,2.20711042495187,1,True
diabetes,3,7,1,0,0,1,16.299705505371094,1.7306421311704143,0,False
diabetes,3,7,2,1,1,0,23.896560668945312,1.2908210323571632,1,False
diabetes,3,7,6,0,0,1,10.122620582580566,1.6153583377088654,1,True
diabetes,3,7,9,1,1,0,36.94232940673828,2.273835684939012,1,False
diabetes,3,7,10,1,1,0,16.002639770507812,1.293989145215317,0,True
diabetes,3,7,11,1,1,0,34.67587661743164,2.766965181744789,0,True
diabetes,3,7,12,0,0,1,23.101037979125977,1.824628365254508,0,False
diabetes,3,7,13,0,0,1,11.416440963745115,2.149319635634583,1,True
diabetes,3,7,15,0,0,1,8.629313468933105,1.8354317535178923,1,True
diabetes,3,7,16,1,1,0,28.448776245117188,1.8335920750043315,0,True
diabetes,3,7,17,1,1,0,42.76426315307617,2.853109328758127,1,False
diabetes,3,7,20,1,1,0,29.417720794677734,1.7382427144260657,1,False
diabetes,3,7,22,0,0,1,4.270190238952637,1.447696008999081,1,True
diabetes,3,7,23,0,0,1,22.070457458496097,1.066450017551409,0,False
diabetes,3,7,25,0,0,1,9.130013465881348,2.11938696563435,1,True
diabetes,3,7,27,1,1,0,20.39537811279297,2.7230800256510856,0,True
diabetes,3,7,28,1,1,0,4.618095874786377,1.8655776312587993,1,False
diabetes,3,7,29,1,1,0,1.8124852180480957,1.415895832435661,1,False
diabetes,3,7,31,1,1,0,17.17184829711914,1.535002562515796,1,False
diabetes,3,7,32,0,0,1,20.54629898071289,1.4849248621568267,0,False
diabetes,3,7,33,0,0,1,14.537519454956056,2.042218146512279,0,False
diabetes,3,7,34,1,1,0,44.357540130615234,3.354426784631324,0,True
diabetes,3,7,35,1,1,0,56.33551025390625,3.251746967011373,1,False
diabetes,3,7,37,0,0,1,40.49723052978515,3.324468473914265,1,True
diabetes,3,7,39,0,0,1,32.54085922241211,2.6096806322207087,1,True
diabetes,3,7,40,0,0,1,3.6072142124176025,2.4556064898966654,1,True
diabetes,3,7,42,0,0,1,18.149805068969727,1.622799268878673,0,False
diabetes,3,7,43,0,0,1,11.44969367980957,1.6892692136959426,1,True
diabetes,3,7,44,1,1,0,16.016395568847656,2.1123072262735785,0,True
diabetes,3,7,45,1,1,0,12.584794044494627,1.8914367676218036,0,True
diabetes,3,7,46,1,1,0,0.757416844367981,1.349786427300614,0,True
diabetes,3,7,47,0,0,1,3.240521192550659,1.3275220096837492,1,True
diabetes,3,7,49,0,0,1,15.299091339111328,2.176160185853619,1,True
diabetes,3,7,52,0,0,1,10.518425941467283,2.474840437410678,1,True
diabetes,3,7,53,0,0,1,1.2400357723236084,1.7916404596035005,0,False
diabetes,3,7,54,1,1,0,8.429739952087402,1.6510528293012592,0,True
diabetes,3,7,55,0,0,1,20.14950942993164,2.0435629101199924,1,True
diabetes,3,7,56,1,1,0,6.355889797210693,2.063865311348978,0,True
diabetes,3,7,57,1,1,0,0.7187607288360596,1.2089474335923416,0,True
diabetes,3,7,58,1,1,0,4.8599677085876465,2.3335644325671967,1,False
diabetes,3,7,60,0,0,1,14.384206771850586,2.503353533618103,1,True
diabetes,3,7,61,0,0,1,5.518831729888916,2.0221392526866726,0,False
diabetes,3,7,62,1,1,0,21.53420639038086,1.9900767928514176,1,False
diabetes,3,7,65,1,1,0,24.09317398071289,2.0234155797281965,1,False
diabetes,3,7,66,0,0,1,30.62691879272461,1.674453754578832,0,False
diabetes,3,7,67,1,1,0,5.237819194793701,1.4508428702361522,0,True
diabetes,3,7,68,1,1,0,42.10177230834961,3.4107874056451,1,False
diabetes,3,7,69,0,0,1,2.7166922092437744,2.4911109012395363,0,False
diabetes,3,7,70,1,1,0,25.586429595947266,1.9278748765242848,0,True
diabetes,3,7,71,1,1,0,14.201144218444824,1.7524824000398709,1,False
diabetes,3,7,73,1,1,0,16.939104080200195,1.888323915473277,0,True
diabetes,3,7,74,0,0,1,7.501445770263672,2.3212815352188554,1,True
diabetes,3,7,75,0,0,1,2.015953302383423,2.1687609097153024,1,True
diabetes,3,7,76,1,1,0,17.11248016357422,1.9481159675317752,1,False
diabetes,3,7,77,1,1,0,32.63137435913086,1.7604588156362728,0,True
diabetes,3,7,78,1,1,0,19.75376892089844,2.0632425254683473,0,True
diabetes,3,7,79,1,1,0,28.60852813720703,3.2577155830056865,0,True
diabetes,3,7,80,1,1,0,60.192264556884766,3.55844807534563,1,False
diabetes,3,7,81,1,1,0,14.345499038696287,2.475813118236427,1,False
diabetes,3,7,82,0,0,1,23.662391662597656,1.0714500404065732,0,False
diabetes,3,7,83,1,1,0,1.553300142288208,1.9734037864607592,0,True
diabetes,3,7,84,1,1,0,11.766623497009276,1.5882544347585363,0,True
diabetes,3,7,85,1,1,0,6.027679920196533,2.4836640860485995,1,False
diabetes,3,7,86,1,1,0,34.044349670410156,1.936652359659172,0,True
diabetes,3,7,87,0,0,1,9.111686706542969,1.6944524247003607,0,False
diabetes,3,10,0,0,0,1,24.829120635986328,2.20711042495187,1,True
diabetes,3,10,1,0,0,1,16.299705505371094,1.7306421311704143,0,False
diabetes,3,10,2,1,1,0,23.896560668945312,1.2908210323571632,1,False
diabetes,3,10,6,0,0,1,10.122620582580566,2.395579706008581,1,True
diabetes,3,10,9,1,1,0,36.94232940673828,2.273835684939012,1,False
diabetes,3,10,10,1,1,0,16.002639770507812,1.293989145215317,0,True
diabetes,3,10,11,1,1,0,34.67587661743164,2.43760265755497,0,True
diabetes,3,10,12,0,0,1,23.101037979125977,2.00629423656584,1,True
diabetes,3,10,13,0,0,1,11.416440963745115,2.149319635634583,1,True
diabetes,3,10,15,0,0,1,8.629313468933105,1.8354317535178923,1,True
diabetes,3,10,16,1,1,0,28.448776245117188,1.8335920750043315,0,True
diabetes,3,10,17,1,1,0,42.76426315307617,2.853109328758127,1,False
diabetes,3,10,23,0,0,1,22.070457458496097,1.066450017551409,0,False
diabetes,3,10,25,0,0,1,9.130013465881348,2.11938696563435,1,True
diabetes,3,10,27,1,1,0,20.39537811279297,2.7230800256510856,0,True
diabetes,3,10,29,1,1,0,1.8124852180480957,1.415895832435661,1,False
diabetes,3,10,30,0,0,1,4.543198108673096,1.455252213257415,1,True
diabetes,3,10,31,1,1,0,17.17184829711914,1.535002562515796,1,False
diabetes,3,10,32,0,0,1,20.54629898071289,1.9306597439969884,0,False
diabetes,3,10,33,0,0,1,14.537519454956056,2.1390584982056624,1,True
diabetes,3,10,34,1,1,0,44.357540130615234,2.933937448486317,1,False
diabetes,3,10,37,0,0,1,40.49723052978515,4.1823246044738465,1,True
diabetes,3,10,39,0,0,1,32.54085922241211,2.6096806322207087,1,True
diabetes,3,10,40,0,0,1,3.6072142124176025,2.4556064898966654,1,True
diabetes,3,10,41,1,1,0,8.379232406616211,2.772637916433921,1,False
diabetes,3,10,42,0,0,1,18.149805068969727,1.622799268878673,0,False
diabetes,3,10,43,0,0,1,11.44969367980957,1.6892692136959426,1,True
diabetes,3,10,44,1,1,0,16.016395568847656,1.6584433224711017,1,False
diabetes,3,10,45,1,1,0,12.584794044494627,1.8914367676218036,0,True
diabetes,3,10,46,1,1,0,0.757416844367981,1.349786427300614,0,True
diabetes,3,10,47,0,0,1,3.240521192550659,1.414356831165464,1,True
diabetes,3,10,48,0,0,1,7.038946628570557,2.5176656579376666,0,False
diabetes,3,10,49,0,0,1,15.299091339111328,2.380366675592405,1,True
diabetes,3,10,50,1,1,0,21.683277130126953,2.0336643254242293,1,False
diabetes,3,10,52,0,0,1,10.518425941467283,2.474840437410678,1,True
diabetes,3,10,54,1,1,0,8.429739952087402,1.6510528293012592,0,True
diabetes,3,10,55,0,0,1,20.14950942993164,2.0435629101199924,1,True
diabetes,3,10,56,1,1,0,6.355889797210693,2.063865311348978,0,True
diabetes,3,10,57,1,1,0,0.7187607288360596,1.2089474335923416,0,True
diabetes,3,10,58,1,1,0,4.8599677085876465,2.3549960531981835,0,True
diabetes,3,10,60,0,0,1,14.384206771850586,2.503353533618103,1,True
diabetes,3,10,61,0,0,1,5.518831729888916,2.0221392526866726,0,False
diabetes,3,10,62,1,1,0,21.53420639038086,1.9900767928514176,1,False
diabetes,3,10,65,1,1,0,24.09317398071289,2.0234155797281965,1,False
diabetes,3,10,66,0,0,1,30.62691879272461,1.8273773313729569,1,True
diabetes,3,10,67,1,1,0,5.237819194793701,1.7937257066361392,1,False
diabetes,3,10,69,0,0,1,2.7166922092437744,2.591724001378369,1,True
diabetes,3,10,70,1,1,0,25.586429595947266,1.8790136874511536,1,False
diabetes,3,10,71,1,1,0,14.201144218444824,1.7524824000398709,1,False
diabetes,3,10,73,1,1,0,16.939104080200195,1.4568934518609675,1,False
diabetes,3,10,74,0,0,1,7.501445770263672,2.342071597092085,1,True
diabetes,3,10,76,1,1,0,17.11248016357422,1.9481159675317752,1,False
diabetes,3,10,77,1,1,0,32.63137435913086,1.7604588156362728,0,True
diabetes,3,10,78,1,1,0,19.75376892089844,2.0632425254683473,0,True
diabetes,3,10,79,1,1,0,28.60852813720703,2.6039165038095273,1,False
diabetes,3,10,80,1,1,0,60.192264556884766,3.55844807534563,1,False
diabetes,3,10,82,0,0,1,23.662391662597656,1.0714500404065732,0,False
diabetes,3,10,83,1,1,0,1.553300142288208,2.3843624701574084,1,False
diabetes,3,10,84,1,1,0,11.766623497009276,1.5882544347585363,0,True
diabetes,3,10,86,1,1,0,34.044349670410156,1.936652359659172,0,True
diabetes,3,10,87,0,0,1,9.111686706542969,1.818805133735449,1,True
diabetes,4,2,0,0,0,1,29.74776840209961,3.249741025543699,0,False
diabetes,4,2,1,1,1,0,0.9549853801727296,2.2644936701577576,0,True
diabetes,4,2,3,1,1,0,12.469675064086914,1.7816172506908887,1,False
diabetes,4,2,4,0,0,1,0.188542753458023,2.445481543441162,1,True
diabetes,4,2,6,0,0,1,13.569604873657228,1.5208560417038377,0,False
diabetes,4,2,7,0,0,1,34.49716567993164,3.0632355735805494,0,False
diabetes,4,2,9,1,1,0,10.618778228759766,2.2580782508911925,1,False
diabetes,4,2,10,0,0,1,6.462198257446289,2.4742775703429154,0,False
diabetes,4,2,11,1,1,0,26.65102195739746,3.604152313088727,1,False
diabetes,4,2,13,0,0,1,4.691827774047852,3.106741324333641,0,False
diabetes,4,2,14,1,1,0,13.440311431884766,0.8729575313039648,1,False
diabetes,4,2,15,0,0,1,35.79621505737305,2.3141040006796953,0,False
diabetes,4,2,16,0,0,1,27.07658576965332,1.6961777076695133,0,False
diabetes,4,2,17,0,0,1,12.115806579589844,2.6799991768427223,0,False
diabetes,4,2,18,0,0,1,24.040369033813477,1.7323808439025217,0,False
diabetes,4,2,19,1,1,0,17.95907974243164,1.933174276276645,1,False
diabetes,4,2,20,0,0,1,21.95790100097656,2.3450366466753936,0,False
diabetes,4,2,23,1,1,0,29.82017707824707,1.9038301113471017,0,True
diabetes,4,2,25,1,1,0,5.2431111335754395,1.8006178104768833,0,True
diabetes,4,2,26,0,0,1,27.59044075012207,3.094293901482493,0,False
diabetes,4,2,27,0,0,1,37.92062759399414,3.7405424606357736,0,False
diabetes,4,2,28,1,1,0,29.991228103637695,2.770612729649206,1,False
diabetes,4,2,29,1,1,0,28.5352840423584,2.011881015943498,1,False
diabetes,4,2,30,0,0,1,1.4313743114471436,2.5552154155446285,1,True
diabetes,4,2,31,0,0,1,18.478248596191406,2.1931154689004844,0,False
diabetes,4,2,32,0,0,1,16.642301559448242,2.9650501920381367,0,False
diabetes,4,2,33,1,1,0,15.376532554626465,2.9192222100072187,1,False
diabetes,4,2,34,1,1,0,56.425987243652344,3.800753752805706,1,False
diabetes,4,2,35,0,0,1,11.629974365234377,1.7583328769007287,1,True
diabetes,4,2,36,0,0,1,25.412527084350582,3.3476553065226953,0,False
diabetes,4,2,38,0,0,1,25.101247787475582,2.040234587426135,1,True
diabetes,4,2,39,0,0,1,26.024290084838867,2.3449258036333425,0,False
diabetes,4,2,40,0,0,1,19.686744689941406,1.6032917519195409,1,True
diabetes,4,2,41,0,0,1,8.138647079467773,2.3920209252975657,0,False
diabetes,4,2,42,1,1,0,37.0743522644043,2.9657473203553795,1,False
diabetes,4,2,43,0,0,1,6.307737827301025,2.0821224528091937,0,False
diabetes,4,2,45,0,0,1,5.258991718292236,2.221413117747472,0,False
diabetes,4,2,46,1,1,0,20.232873916625977,2.6597590907327935,0,True
diabetes,4,2,47,1,1,0,14.225003242492676,1.753499249044738,0,True
diabetes,4,2,50,0,0,1,22.23791885375977,2.647021901393789,0,False
diabetes,4,2,51,0,0,1,5.701686382293701,2.665415186945769,0,False
diabetes,4,2,52,0,0,1,27.067115783691406,2.9024345214162275,0,False
diabetes,4,2,53,1,1,0,43.624969482421875,2.838943894098247,1,False
diabetes,4,2,55,1,1,0,6.469875335693359,2.8796926907929183,0,True
diabetes,4,2,57,0,0,1,28.719507217407227,3.283622614988618,0,False
diabetes,4,2,60,1,1,0,17.55210304260254,1.569191497626886,0,True
diabetes,4,2,61,1,1,0,24.76980972290039,3.396700745357091,1,False
diabetes,4,2,62,0,0,1,11.098474502563477,1.958712686583371,1,True
diabetes,4,2,64,1,1,0,3.7117063999176025,2.4034231659995036,0,True
diabetes,4,2,67,1,1,0,20.728086471557617,3.405989060449343,0,True
diabetes,4,2,68,1,1,0,11.810643196105955,2.9995729215720335,1,False
diabetes,4,2,69,1,1,0,27.18778419494629,4.110769043780155,1,False
diabetes,4,2,70,0,0,1,3.8602490425109863,1.8661621598290583,1,True
diabetes,4,2,71,0,0,1,16.721975326538086,3.0430618944661663,0,False
diabetes,4,2,73,1,1,0,9.07331657409668,2.455636361396654,1,False
diabetes,4,2,74,0,0,1,8.92345142364502,2.386683619761668,0,False
diabetes,4,2,75,0,0,1,7.202748775482178,2.380464556011845,0,False
diabetes,4,2,76,0,0,1,19.07737159729004,3.344468681190338,0,False
diabetes,4,2,77,0,0,1,6.296557903289795,2.1916289900038715,1,True
diabetes,4,2,79,1,1,0,6.1751322746276855,2.2317393929397533,0,True
diabetes,4,2,80,0,0,1,8.555671691894531,2.4340237402521105,1,True
diabetes,4,2,81,0,0,1,14.694252967834473,3.4297461902694533,0,False
diabetes,4,2,82,1,1,0,18.04372215270996,2.235695119823048,1,False
diabetes,4,2,83,1,1,0,2.8073461055755615,2.677209619258559,1,False
diabetes,4,2,85,0,0,1,20.9190616607666,3.2599222303499316,0,False
diabetes,4,2,86,1,1,0,8.449962615966797,1.6154697411524217,1,False
diabetes,4,2,87,1,1,0,57.61774826049805,3.890847352167333,1,False
diabetes,4,3,0,0,0,1,29.74776840209961,3.249741025543699,0,False
diabetes,4,3,1,1,1,0,0.9549853801727296,2.654775076049321,1,False
diabetes,4,3,3,1,1,0,12.469675064086914,1.7816172506908887,1,False
diabetes,4,3,5,1,1,0,14.434806823730469,1.9202183736321128,1,False
diabetes,4,3,6,0,0,1,13.569604873657228,1.5208560417038377,0,False
diabetes,4,3,7,0,0,1,34.49716567993164,2.922280227890765,0,False
diabetes,4,3,9,1,1,0,10.618778228759766,2.5022693629623713,0,True
diabetes,4,3,10,0,0,1,6.462198257446289,2.3304779382972054,0,False
diabetes,4,3,11,1,1,0,26.65102195739746,3.604152313088727,1,False
diabetes,4,3,13,0,0,1,4.691827774047852,3.106741324333641,0,False
diabetes,4,3,14,1,1,0,13.440311431884766,2.4113842622677093,0,True
diabetes,4,3,15,0,0,1,35.79621505737305,1.9546632829910884,0,False
diabetes,4,3,16,0,0,1,27.07658576965332,1.6961777076695133,0,False
diabetes,4,3,17,0,0,1,12.115806579589844,2.2707496376266394,1,True
diabetes,4,3,18,0,0,1,24.040369033813477,1.1268203720218637,0,False
diabetes,4,3,19,1,1,0,17.95907974243164,1.933174276276645,1,False
diabetes,4,3,20,0,0,1,21.95790100097656,2.2008130087415427,0,False
diabetes,4,3,22,1,1,0,2.2737486362457275,2.911063004949319,1,False
diabetes,4,3,23,1,1,0,29.82017707824707,1.9038301113471017,0,True
diabetes,4,3,25,1,1,0,5.2431111335754395,3.0036698699012834,1,False
diabetes,4,3,26,0,0,1,27.59044075012207,3.0035453461262387,0,False
diabetes,4,3,27,0,0,1,37.92062759399414,3.5795258765030957,0,False
diabetes,4,3,28,1,1,0,29.991228103637695,3.288843094635368,0,True
diabetes,4,3,29,1,1,0,28.5352840423584,2.8221109633339005,0,True
diabetes,4,3,30,0,0,1,1.4313743114471436,2.4416800094776603,0,False
diabetes,4,3,31,0,0,1,18.478248596191406,2.1033445270106146,0,False
diabetes,4,3,32,0,0,1,16.642301559448242,1.8976954479179895,0,False
diabetes,4,3,33,1,1,0,15.376532554626465,3.952210101569477,0,True
diabetes,4,3,34,1,1,0,56.425987243652344,4.317914786703499,1,False
diabetes,4,3,35,0,0,1,11.629974365234377,1.4787724755476224,0,False
diabetes,4,3,36,0,0,1,25.412527084350582,3.3476553065226953,0,False
diabetes,4,3,39,0,0,1,26.024290084838867,2.3449258036333425,0,False
diabetes,4,3,40,0,0,1,19.686744689941406,1.433299979954811,0,False
diabetes,4,3,41,0,0,1,8.138647079467773,1.8457114187424728,0,False
diabetes,4,3,42,1,1,0,37.0743522644043,2.9657473203553795,1,False
diabetes,4,3,43,0,0,1,6.307737827301025,1.8815917568097893,0,False
diabetes,4,3,45,0,0,1,5.258991718292236,2.0721730972485153,0,False
diabetes,4,3,46,1,1,0,20.232873916625977,2.80942017389439,0,True
diabetes,4,3,47,1,1,0,14.225003242492676,2.0246227230376093,0,True
diabetes,4,3,50,0,0,1,22.23791885375977,2.4520158986039826,0,False
diabetes,4,3,51,0,0,1,5.701686382293701,2.400983284140453,0,False
diabetes,4,3,52,0,0,1,27.067115783691406,2.9024345214162275,0,False
diabetes,4,3,53,1,1,0,43.624969482421875,3.87711800077216,0,True
diabetes,4,3,55,1,1,0,6.469875335693359,2.8796926907929183,0,True
diabetes,4,3,57,0,0,1,28.719507217407227,2.8319316419195872,0,False
diabetes,4,3,58,1,1,0,6.641831398010254,1.8692753095136565,1,False
diabetes,4,3,60,1,1,0,17.55210304260254,1.5959953216555725,0,True
diabetes,4,3,61,1,1,0,24.76980972290039,3.5496793524452506,0,True
diabetes,4,3,64,1,1,0,3.7117063999176025,2.4034231659995036,0,True
diabetes,4,3,67,1,1,0,20.728086471557617,3.405989060449343,0,True
diabetes,4,3,68,1,1,0,11.810643196105955,2.9995729215720335,1,False
diabetes,4,3,69,1,1,0,27.18778419494629,4.193322888969456,0,True
diabetes,4,3,70,0,0,1,3.8602490425109863,1.8661621598290583,1,True
diabetes,4,3,71,0,0,1,16.721975326538086,3.0430618944661663,0,False
diabetes,4,3,73,1,1,0,9.07331657409668,2.455636361396654,1,False
diabetes,4,3,74,0,0,1,8.92345142364502,2.386683619761668,0,False
diabetes,4,3,76,0,0,1,19.07737159729004,3.344468681190338,0,False
diabetes,4,3,79,1,1,0,6.1751322746276855,2.2317393929397533,0,True
diabetes,4,3,80,0,0,1,8.555671691894531,1.8601279143041691,1,True
diabetes,4,3,81,0,0,1,14.694252967834473,3.4297461902694533,0,False
diabetes,4,3,82,1,1,0,18.04372215270996,2.235695119823048,1,False
diabetes,4,3,83,1,1,0,2.8073461055755615,2.677209619258559,1,False
diabetes,4,3,85,0,0,1,20.9190616607666,3.2599222303499316,0,False
diabetes,4,3,86,1,1,0,8.449962615966797,1.8220216539138911,1,False
diabetes,4,3,87,1,1,0,57.61774826049805,4.112475919333353,0,True
diabetes,4,5,0,0,0,1,29.74776840209961,3.249741025543699,0,False
diabetes,4,5,1,1,1,0,0.9549853801727296,2.4497141435745684,1,False
diabetes,4,5,3,1,1,0,12.469675064086914,1.7816172506908887,1,False
diabetes,4,5,6,0,0,1,13.569604873657228,1.5208560417038377,0,False
diabetes,4,5,7,0,0,1,34.49716567993164,2.922280227890765,0,False
diabetes,4,5,8,1,1,0,1.430134654045105,1.605030553559455,1,False
diabetes,4,5,9,1,1,0,10.618778228759766,3.0210038223954876,0,True
diabetes,4,5,10,0,0,1,6.462198257446289,2.3304779382972054,0,False
diabetes,4,5,11,1,1,0,26.65102195739746,3.604152313088727,1,False
diabetes,4,5,13,0,0,1,4.691827774047852,3.106741324333641,0,False
diabetes,4,5,14,1,1,0,13.440311431884766,2.4113842622677093,0,True
diabetes,4,5,15,0,0,1,35.79621505737305,1.9546632829910884,0,False
diabetes,4,5,16,0,0,1,27.07658576965332,1.6961777076695133,0,False
diabetes,4,5,17,0,0,1,12.115806579589844,2.2707496376266394,1,True
diabetes,4,5,18,0,0,1,24.040369033813477,1.1268203720218637,0,False
diabetes,4,5,19,1,1,0,17.95907974243164,1.933174276276645,1,False
diabetes,4,5,20,0,0,1,21.95790100097656,2.2008130087415427,0,False
diabetes,4,5,22,1,1,0,2.2737486362457275,2.911063004949319,1,False
diabetes,4,5,23,1,1,0,29.82017707824707,1.9038301113471017,0,True
diabetes,4,5,24,1,1,0,4.681177616119385,1.6283923739754078,0,True
diabetes,4,5,25,1,1,0,5.2431111335754395,1.8006178104768833,0,True
diabetes,4,5,26,0,0,1,27.59044075012207,3.0035453461262387,0,False
diabetes,4,5,27,0,0,1,37.92062759399414,3.5453673627119717,0,False
diabetes,4,5,28,1,1,0,29.991228103637695,2.770612729649206,1,False
diabetes,4,5,29,1,1,0,28.5352840423584,2.8221109633339005,0,True
diabetes,4,5,30,0,0,1,1.4313743114471436,2.5552154155446285,1,True
diabetes,4,5,31,0,0,1,18.478248596191406,2.1033445270106146,0,False
diabetes,4,5,32,0,0,1,16.642301559448242,1.8976954479179895,0,False
diabetes,4,5,33,1,1,0,15.376532554626465,3.33683919383366,0,True
diabetes,4,5,34,1,1,0,56.425987243652344,3.800753752805706,1,False
diabetes,4,5,35,0,0,1,11.629974365234377,1.4787724755476224,0,False
diabetes,4,5,36,0,0,1,25.412527084350582,3.3476553065226953,0,False
diabetes,4,5,39,0,0,1,26.024290084838867,2.3449258036333425,0,False
diabetes,4,5,40,0,0,1,19.686744689941406,1.433299979954811,0,False
diabetes,4,5,41,0,0,1,8.138647079467773,1.6973741741272423,0,False
diabetes,4,5,42,1,1,0,37.0743522644043,2.9657473203553795,1,False
diabetes,4,5,43,0,0,1,6.307737827301025,1.8815917568097893,0,False
diabetes,4,5,45,0,0,1,5.258991718292236,2.0721730972485153,0,False
diabetes,4,5,46,1,1,0,20.232873916625977,2.71541921635278,1,False
diabetes,4,5,47,1,1,0,14.225003242492676,2.0246227230376093,0,True
diabetes,4,5,50,0,0,1,22.23791885375977,2.4520158986039826,0,False
diabetes,4,5,51,0,0,1,5.701686382293701,2.400983284140453,0,False
diabetes,4,5,52,0,0,1,27.067115783691406,2.9024345214162275,0,False
diabetes,4,5,53,1,1,0,43.624969482421875,2.838943894098247,1,False
diabetes,4,5,55,1,1,0,6.469875335693359,3.660734999096967,0,True
diabetes,4,5,57,0,0,1,28.719507217407227,2.8319316419195872,0,False
diabetes,4,5,58,1,1,0,6.641831398010254,1.8692753095136565,1,False
diabetes,4,5,60,1,1,0,17.55210304260254,1.5959953216555725,0,True
diabetes,4,5,61,1,1,0,24.76980972290039,3.396700745357091,1,False
diabetes,4,5,64,1,1,0,3.7117063999176025,2.4034231659995036,0,True
diabetes,4,5,67,1,1,0,20.728086471557617,3.8296593317814382,1,False
diabetes,4,5,68,1,1,0,11.810643196105955,2.9995729215720335,1,False
diabetes,4,5,71,0,0,1,16.721975326538086,3.0430618944661663,0,False
diabetes,4,5,73,1,1,0,9.07331657409668,2.455636361396654,1,False
diabetes,4,5,74,0,0,1,8.92345142364502,2.386683619761668,0,False
diabetes,4,5,76,0,0,1,19.07737159729004,3.344468681190338,0,False
diabetes,4,5,79,1,1,0,6.1751322746276855,2.2317393929397533,0,True
diabetes,4,5,80,0,0,1,8.555671691894531,1.8601279143041691,1,True
diabetes,4,5,81,0,0,1,14.694252967834473,3.4297461902694533,0,False
diabetes,4,5,82,1,1,0,18.04372215270996,2.235695119823048,1,False
diabetes,4,5,83,1,1,0,2.8073461055755615,2.677209619258559,1,False
diabetes,4,5,84,0,0,1,24.880990982055664,3.172406630794935,1,True
diabetes,4,5,86,1,1,0,8.449962615966797,1.8220216539138911,1,False
diabetes,4,5,87,1,1,0,57.61774826049805,3.890847352167333,1,False
diabetes,4,7,0,0,0,1,29.74776840209961,3.249741025543699,0,False
diabetes,4,7,3,1,1,0,12.469675064086914,1.7816172506908887,1,False
diabetes,4,7,6,0,0,1,13.569604873657228,1.9357589717837824,0,False
diabetes,4,7,7,0,0,1,34.49716567993164,1.7361014014002931,0,False
diabetes,4,7,8,1,1,0,1.430134654045105,1.605030553559455,1,False
diabetes,4,7,9,1,1,0,10.618778228759766,2.2111631713031596,1,False
diabetes,4,7,10,0,0,1,6.462198257446289,2.0122105455977,1,True
diabetes,4,7,11,1,1,0,26.65102195739746,2.5877741270616323,1,False
diabetes,4,7,14,1,1,0,13.440311431884766,2.1328422636475146,0,True
diabetes,4,7,15,0,0,1,35.79621505737305,2.28029159543299,0,False
diabetes,4,7,16,0,0,1,27.07658576965332,1.6961777076695133,0,False
diabetes,4,7,18,0,0,1,24.040369033813477,1.7314773531793446,0,False
diabetes,4,7,19,1,1,0,17.95907974243164,1.933174276276645,1,False
diabetes,4,7,20,0,0,1,21.95790100097656,1.9936133585509497,0,False
diabetes,4,7,22,1,1,0,2.2737486362457275,2.555061613919943,0,True
diabetes,4,7,23,1,1,0,29.82017707824707,1.9038301113471017,0,True
diabetes,4,7,24,1,1,0,4.681177616119385,1.6283923739754078,0,True
diabetes,4,7,26,0,0,1,27.59044075012207,2.6116497555621434,0,False
diabetes,4,7,27,0,0,1,37.92062759399414,2.663276900646438,0,False
diabetes,4,7,28,1,1,0,29.991228103637695,2.6242844177393527,1,False
diabetes,4,7,29,1,1,0,28.5352840423584,2.787978908811033,1,False
diabetes,4,7,31,0,0,1,18.478248596191406,2.1931154689004844,0,False
diabetes,4,7,32,0,0,1,16.642301559448242,2.15298653978034,1,True
diabetes,4,7,33,1,1,0,15.376532554626465,3.952210101569477,0,True
diabetes,4,7,34,1,1,0,56.425987243652344,3.6110321841376463,1,False
diabetes,4,7,35,0,0,1,11.629974365234377,1.4787724755476224,0,False
diabetes,4,7,38,0,0,1,25.101247787475582,1.0151069629849332,0,False
diabetes,4,7,39,0,0,1,26.024290084838867,1.838364044567828,0,False
diabetes,4,7,40,0,0,1,19.686744689941406,1.433299979954811,0,False
diabetes,4,7,41,0,0,1,8.138647079467773,1.6973741741272423,0,False
diabetes,4,7,42,1,1,0,37.0743522644043,1.9576227334019496,1,False
diabetes,4,7,43,0,0,1,6.307737827301025,1.3547753813465346,1,True
diabetes,4,7,45,0,0,1,5.258991718292236,1.6269170125584342,1,True
diabetes,4,7,46,1,1,0,20.232873916625977,2.2785199442803146,1,False
diabetes,4,7,47,1,1,0,14.225003242492676,2.0246227230376093,0,True
diabetes,4,7,48,1,1,0,12.906506538391112,1.6373248336606825,1,False
diabetes,4,7,49,1,1,0,10.572295188903809,1.859608539302699,1,False
diabetes,4,7,50,0,0,1,22.23791885375977,2.0636882148646603,1,True
diabetes,4,7,51,0,0,1,5.701686382293701,1.2258028431538666,0,False
diabetes,4,7,52,0,0,1,27.067115783691406,1.6777265775508243,0,False
diabetes,4,7,53,1,1,0,43.624969482421875,2.586326741735851,1,False
diabetes,4,7,55,1,1,0,6.469875335693359,2.4837533258224385,1,False
diabetes,4,7,56,1,1,0,4.3437676429748535,1.716459014493414,0,True
diabetes,4,7,57,0,0,1,28.719507217407227,2.6418341952624167,0,False
diabetes,4,7,58,1,1,0,6.641831398010254,1.8692753095136565,1,False
diabetes,4,7,59,1,1,0,2.3600945472717285,1.348202754679635,1,False
diabetes,4,7,60,1,1,0,17.55210304260254,1.5959953216555725,0,True
diabetes,4,7,61,1,1,0,24.76980972290039,3.0318146096121477,1,False
diabetes,4,7,67,1,1,0,20.728086471557617,3.175571271148859,1,False
diabetes,4,7,68,1,1,0,11.810643196105955,2.1014213316734485,0,True
diabetes,4,7,70,0,0,1,3.8602490425109863,1.8661621598290583,1,True
diabetes,4,7,71,0,0,1,16.721975326538086,1.5744549424088938,0,False
diabetes,4,7,73,1,1,0,9.07331657409668,2.5175345884457156,1,False
diabetes,4,7,74,0,0,1,8.92345142364502,2.2994714441017163,1,True
diabetes,4,7,76,0,0,1,19.07737159729004,2.46873995800515,1,True
diabetes,4,7,79,1,1,0,6.1751322746276855,2.2317393929397533,0,True
diabetes,4,7,80,0,0,1,8.555671691894531,1.8601279143041691,1,True
diabetes,4,7,81,0,0,1,14.694252967834473,2.2963223050088386,0,False
diabetes,4,7,82,1,1,0,18.04372215270996,2.3688835335863625,0,True
diabetes,4,7,84,0,0,1,24.880990982055664,3.172406630794935,1,True
diabetes,4,7,86,1,1,0,8.449962615966797,1.9851373633939615,0,True
diabetes,4,7,87,1,1,0,57.61774826049805,3.890847352167333,1,False
diabetes,4,10,0,0,0,1,29.74776840209961,3.266089554436244,1,True
diabetes,4,10,6,0,0,1,13.569604873657228,1.5208560417038377,0,False
diabetes,4,10,7,0,0,1,34.49716567993164,1.7361014014002931,0,False
diabetes,4,10,8,1,1,0,1.430134654045105,1.605030553559455,1,False
diabetes,4,10,9,1,1,0,10.618778228759766,2.5022693629623713,0,True
diabetes,4,10,10,0,0,1,6.462198257446289,2.0122105455977,1,True
diabetes,4,10,11,1,1,0,26.65102195739746,3.236956855324399,1,False
diabetes,4,10,14,1,1,0,13.440311431884766,2.1328422636475146,0,True
diabetes,4,10,15,0,0,1,35.79621505737305,1.9546632829910884,0,False
diabetes,4,10,16,0,0,1,27.07658576965332,1.6961777076695133,0,False
diabetes,4,10,17,0,0,1,12.115806579589844,2.2707496376266394,1,True
diabetes,4,10,18,0,0,1,24.040369033813477,1.1268203720218637,0,False
diabetes,4,10,20,0,0,1,21.95790100097656,1.9936133585509497,0,False
diabetes,4,10,22,1,1,0,2.2737486362457275,2.555061613919943,0,True
diabetes,4,10,23,1,1,0,29.82017707824707,1.9038301113471017,0,True
diabetes,4,10,24,1,1,0,4.681177616119385,1.6283923739754078,0,True
diabetes,4,10,25,1,1,0,5.2431111335754395,1.5885099281438386,1,False
diabetes,4,10,26,0,0,1,27.59044075012207,2.6116497555621434,0,False
diabetes,4,10,27,0,0,1,37.92062759399414,3.1395994191517427,1,True
diabetes,4,10,28,1,1,0,29.991228103637695,2.770612729649206,1,False
diabetes,4,10,29,1,1,0,28.5352840423584,2.0650713652271233,1,False
diabetes,4,10,30,0,0,1,1.4313743114471436,2.4416800094776603,0,False
diabetes,4,10,31,0,0,1,18.478248596191406,2.1033445270106146,0,False
diabetes,4,10,32,0,0,1,16.642301559448242,2.15298653978034,1,True
diabetes,4,10,33,1,1,0,15.376532554626465,3.952210101569477,0,True
diabetes,4,10,34,1,1,0,56.425987243652344,3.6110321841376463,1,False
diabetes,4,10,35,0,0,1,11.629974365234377,1.4787724755476224,0,False
diabetes,4,10,36,0,0,1,25.412527084350582,1.2422700387992138,0,False
diabetes,4,10,39,0,0,1,26.024290084838867,1.838364044567828,0,False
diabetes,4,10,40,0,0,1,19.686744689941406,1.433299979954811,0,False
diabetes,4,10,41,0,0,1,8.138647079467773,1.6973741741272423,0,False
diabetes,4,10,42,1,1,0,37.0743522644043,1.9576227334019496,1,False
diabetes,4,10,43,0,0,1,6.307737827301025,1.3547753813465346,1,True
diabetes,4,10,45,0,0,1,5.258991718292236,1.6269170125584342,1,True
diabetes,4,10,46,1,1,0,20.232873916625977,2.2785199442803146,1,False
diabetes,4,10,47,1,1,0,14.225003242492676,2.0246227230376093,0,True
diabetes,4,10,48,1,1,0,12.906506538391112,1.6373248336606825,1,False
diabetes,4,10,49,1,1,0,10.572295188903809,1.859608539302699,1,False
diabetes,4,10,50,0,0,1,22.23791885375977,2.0636882148646603,1,True
diabetes,4,10,51,0,0,1,5.701686382293701,1.6589224628216095,1,True
diabetes,4,10,52,0,0,1,27.067115783691406,2.6212732961006604,1,True
diabetes,4,10,53,1,1,0,43.624969482421875,2.586326741735851,1,False
diabetes,4,10,55,1,1,0,6.469875335693359,2.4837533258224385,1,False
diabetes,4,10,57,0,0,1,28.719507217407227,2.6418341952624167,0,False
diabetes,4,10,58,1,1,0,6.641831398010254,1.8692753095136565,1,False
diabetes,4,10,59,1,1,0,2.3600945472717285,1.348202754679635,1,False
diabetes,4,10,60,1,1,0,17.55210304260254,1.5959953216555725,0,True
diabetes,4,10,61,1,1,0,24.76980972290039,3.0318146096121477,1,False
diabetes,4,10,64,1,1,0,3.7117063999176025,2.4034231659995036,0,True
diabetes,4,10,67,1,1,0,20.728086471557617,3.175571271148859,1,False
diabetes,4,10,68,1,1,0,11.810643196105955,2.1014213316734485,0,True
diabetes,4,10,70,0,0,1,3.8602490425109863,1.8661621598290583,1,True
diabetes,4,10,71,0,0,1,16.721975326538086,2.3839881212945357,1,True
diabetes,4,10,72,0,0,1,14.4818115234375,1.814720055202157,0,False
diabetes,4,10,73,1,1,0,9.07331657409668,2.145085437731176,0,True
diabetes,4,10,74,0,0,1,8.92345142364502,2.2994714441017163,1,True
diabetes,4,10,76,0,0,1,19.07737159729004,2.46873995800515,1,True
diabetes,4,10,78,1,1,0,5.269088268280029,1.9389846719441663,0,True
diabetes,4,10,80,0,0,1,8.555671691894531,1.8601279143041691,1,True
diabetes,4,10,81,0,0,1,14.694252967834473,2.2963223050088386,0,False
diabetes,4,10,82,1,1,0,18.04372215270996,2.3688835335863625,0,True
diabetes,4,10,84,0,0,1,24.880990982055664,3.172406630794935,1,True
diabetes,4,10,87,1,1,0,57.61774826049805,3.890847352167333,1,False
diabetes,5,2,0,0,0,1,13.4757661819458,1.918608395875896,1,True
diabetes,5,2,1,1,1,0,3.850083351135254,2.317953153882318,0,True
diabetes,5,2,3,1,1,0,40.302947998046875,3.171128763693282,0,True
diabetes,5,2,4,0,0,1,16.419376373291016,1.5717231155695135,1,True
diabetes,5,2,7,1,1,0,37.0703239440918,3.5286913801542803,0,True
diabetes,5,2,8,1,1,0,48.846588134765625,3.6309061816319983,0,True
diabetes,5,2,11,1,1,0,0.8715514540672302,2.2693242104738056,0,True
diabetes,5,2,13,1,1,0,14.500149726867676,2.0063653143779416,1,False
diabetes,5,2,14,1,1,0,13.03977108001709,2.840175064885556,0,True
diabetes,5,2,15,0,0,1,43.30783462524414,3.904434276812042,1,True
diabetes,5,2,16,1,1,0,4.939159870147705,3.4799448231048946,0,True
diabetes,5,2,19,1,1,0,20.650615692138672,3.243878387022104,1,False
diabetes,5,2,20,0,0,1,26.16981506347656,2.72792546305549,1,True
diabetes,5,2,21,0,0,1,20.1382999420166,1.9528104603964431,1,True
diabetes,5,2,22,1,1,0,21.938251495361328,2.319243081889586,1,False
diabetes,5,2,23,1,1,0,11.527602195739746,4.137388517324566,0,True
diabetes,5,2,24,1,1,0,8.424028396606445,2.1607048338566597,1,False
diabetes,5,2,26,0,0,1,19.38455581665039,2.188011653969736,1,True
diabetes,5,2,27,1,1,0,2.84624981880188,1.5984130702166688,0,True
diabetes,5,2,29,0,0,1,26.49513816833496,1.7449476230358536,0,False
diabetes,5,2,30,0,0,1,24.874942779541016,2.693477577154676,1,True
diabetes,5,2,31,0,0,1,20.552570343017575,2.208100015290923,1,True
diabetes,5,2,33,0,0,1,1.4657119512557983,1.5795672400848482,0,False
diabetes,5,2,34,1,1,0,58.86865997314453,4.310462078492539,0,True
diabetes,5,2,35,0,0,1,38.21208953857422,2.2579607818277956,0,False
diabetes,5,2,36,1,1,0,24.24126625061035,3.2840104393526017,1,False
diabetes,5,2,37,1,1,0,2.130511522293091,2.9252379614791364,1,False
diabetes,5,2,38,0,0,1,13.84319019317627,1.562042042527965,0,False
diabetes,5,2,39,1,1,0,14.165778160095217,4.232959620642442,0,True
diabetes,5,2,40,0,0,1,39.969627380371094,2.809205762501001,1,True
diabetes,5,2,41,1,1,0,13.81818962097168,3.135916358007538,0,True
diabetes,5,2,42,1,1,0,7.323059558868408,1.8930631330247365,1,False
diabetes,5,2,43,1,1,0,2.8778350353240967,3.039096263682512,0,True
diabetes,5,2,44,0,0,1,45.27146911621094,1.853184575071604,0,False
diabetes,5,2,46,0,0,1,11.396220207214355,2.3329891984909557,1,True
diabetes,5,2,47,0,0,1,5.640039920806885,1.7863192918308544,1,True
diabetes,5,2,50,1,1,0,8.111186981201172,1.8029231275514916,1,False
diabetes,5,2,52,1,1,0,16.42563247680664,2.4404878983549128,0,True
diabetes,5,2,53,0,0,1,38.45225524902344,2.8190895878631252,0,False
diabetes,5,2,54,1,1,0,7.978681564331055,1.1002431936845278,1,False
diabetes,5,2,56,1,1,0,10.351151466369627,2.919086701147661,0,True
diabetes,5,2,57,0,0,1,12.36637020111084,2.6829106541621424,1,True
diabetes,5,2,58,0,0,1,30.277099609375,2.7556757458423644,1,True
diabetes,5,2,59,0,0,1,45.27992630004883,2.196889984743193,0,False
diabetes,5,2,60,1,1,0,9.65424633026123,1.772441985082323,1,False
diabetes,5,2,61,0,0,1,1.6907142400741575,1.4640039476433906,1,True
diabetes,5,2,62,0,0,1,22.65536880493164,2.5774100270994653,1,True
diabetes,5,2,63,0,0,1,16.51081085205078,1.7408938472908326,1,True
diabetes,5,2,64,1,1,0,19.13323402404785,1.9538977627387784,1,False
diabetes,5,2,65,1,1,0,26.94906997680664,3.617396907063842,0,True
diabetes,5,2,70,0,0,1,13.515300750732422,2.1839425941581783,1,True
diabetes,5,2,71,1,1,0,10.660296440124512,2.570323864224075,1,False
diabetes,5,2,74,1,1,0,14.134446144104004,1.7023071186453496,1,False
diabetes,5,2,75,0,0,1,22.259458541870117,3.936642953465927,1,True
diabetes,5,2,76,1,1,0,17.425640106201172,2.226720574001343,1,False
diabetes,5,2,77,1,1,0,4.648001670837402,2.3948420883086223,1,False
diabetes,5,2,78,0,0,1,22.26496124267578,2.2661603574345515,1,True
diabetes,5,2,79,1,1,0,3.0528275966644287,1.4613624688227762,1,False
diabetes,5,2,80,1,1,0,17.3741455078125,2.4590075795644455,0,True
diabetes,5,2,81,1,1,0,31.52088165283203,4.422257004056726,0,True
diabetes,5,2,84,1,1,0,3.4161343574523926,3.2070796525473315,0,True
diabetes,5,2,85,1,1,0,43.64381408691406,4.581321517054032,0,True
diabetes,5,2,86,1,1,0,6.037503719329834,1.1879549499273423,1,False
diabetes,5,2,87,0,0,1,19.52643394470215,3.4420948171030874,1,True
diabetes,5,3,0,0,0,1,13.4757661819458,1.918608395875896,1,True
diabetes,5,3,2,0,0,1,7.050197124481201,3.0732978174992587,0,False
diabetes,5,3,3,1,1,0,40.302947998046875,2.1016305580191936,0,True
diabetes,5,3,4,0,0,1,16.419376373291016,2.6356062984473625,1,True
diabetes,5,3,5,0,0,1,24.06542205810547,2.631332135755204,0,False
diabetes,5,3,8,1,1,0,48.846588134765625,2.5564744934654575,0,True
diabetes,5,3,9,0,0,1,8.459295272827148,2.0872708173725036,1,True
diabetes,5,3,13,1,1,0,14.500149726867676,1.866162928934566,0,True
diabetes,5,3,14,1,1,0,13.03977108001709,1.2046608274733936,0,True
diabetes,5,3,15,0,0,1,43.30783462524414,3.904434276812042,1,True
diabetes,5,3,17,0,0,1,22.42579460144043,2.2435728905391614,1,True
diabetes,5,3,19,1,1,0,20.650615692138672,1.9127428829194784,1,False
diabetes,5,3,20,0,0,1,26.16981506347656,2.72792546305549,1,True
diabetes,5,3,21,0,0,1,20.1382999420166,2.811030381523257,1,True
diabetes,5,3,22,1,1,0,21.938251495361328,2.319243081889586,1,False
diabetes,5,3,26,0,0,1,19.38455581665039,2.188011653969736,1,True
diabetes,5,3,29,0,0,1,26.49513816833496,2.8619253033035754,0,False
diabetes,5,3,30,0,0,1,24.874942779541016,2.8775136566255637,1,True
diabetes,5,3,31,0,0,1,20.552570343017575,2.436100627791637,1,True
diabetes,5,3,33,0,0,1,1.4657119512557983,1.622749579246508,0,False
diabetes,5,3,34,1,1,0,58.86865997314453,3.0343967792132904,1,False
diabetes,5,3,35,0,0,1,38.21208953857422,3.9061248785375153,1,True
diabetes,5,3,38,0,0,1,13.84319019317627,2.291228826504311,0,False
diabetes,5,3,39,1,1,0,14.165778160095217,2.678462303869941,0,True
diabetes,5,3,40,0,0,1,39.969627380371094,2.809205762501001,1,True
diabetes,5,3,44,0,0,1,45.27146911621094,3.048504504390136,1,True
diabetes,5,3,46,0,0,1,11.396220207214355,2.3329891984909557,1,True
diabetes,5,3,47,0,0,1,5.640039920806885,2.2836501189008622,0,False
diabetes,5,3,48,0,0,1,0.6884610056877136,1.826701692371566,1,True
diabetes,5,3,51,0,0,1,1.5322915315628052,2.9709609728509596,1,True
diabetes,5,3,52,1,1,0,16.42563247680664,2.4404878983549128,0,True
diabetes,5,3,53,0,0,1,38.45225524902344,3.173756199064306,1,True
diabetes,5,3,56,1,1,0,10.351151466369627,2.132602658253338,0,True
diabetes,5,3,57,0,0,1,12.36637020111084,2.6829106541621424,1,True
diabetes,5,3,58,0,0,1,30.277099609375,2.7556757458423644,1,True
diabetes,5,3,59,0,0,1,45.27992630004883,3.21321459523944,1,True
diabetes,5,3,60,1,1,0,9.65424633026123,1.772441985082323,1,False
diabetes,5,3,61,0,0,1,1.6907142400741575,1.4640039476433906,1,True
diabetes,5,3,62,0,0,1,22.65536880493164,2.5774100270994653,1,True
diabetes,5,3,63,0,0,1,16.51081085205078,1.7408938472908326,1,True
diabetes,5,3,64,1,1,0,19.13323402404785,1.9538977627387784,1,False
diabetes,5,3,66,0,0,1,34.01731872558594,3.6224246465172336,1,True
diabetes,5,3,68,0,0,1,0.939848244190216,3.464676781256538,1,True
diabetes,5,3,69,0,0,1,9.243958473205566,1.4690809328038703,1,True
diabetes,5,3,70,0,0,1,13.515300750732422,2.1839425941581783,1,True
diabetes,5,3,71,1,1,0,10.660296440124512,2.223313122457828,1,False
diabetes,5,3,72,0,0,1,3.045830726623535,2.0572132649438086,0,False
diabetes,5,3,75,0,0,1,22.259458541870117,3.936642953465927,1,True
diabetes,5,3,76,1,1,0,17.425640106201172,2.226720574001343,1,False
diabetes,5,3,77,1,1,0,4.648001670837402,2.3948420883086223,1,False
diabetes,5,3,78,0,0,1,22.26496124267578,2.711375231666111,1,True
diabetes,5,3,80,1,1,0,17.3741455078125,1.2851170595141477,1,False
diabetes,5,3,81,1,1,0,31.52088165283203,2.512908569491189,1,False
diabetes,5,3,82,0,0,1,17.800039291381836,3.156041379044197,0,False
diabetes,5,3,85,1,1,0,43.64381408691406,3.3045338048901196,0,True
diabetes,5,3,86,1,1,0,6.037503719329834,1.1879549499273423,1,False
diabetes,5,3,87,0,0,1,19.52643394470215,3.4420948171030874,1,True
diabetes,5,5,2,0,0,1,7.050197124481201,1.9799343628423376,0,False
diabetes,5,5,3,1,1,0,40.302947998046875,2.1016305580191936,0,True
diabetes,5,5,4,0,0,1,16.419376373291016,2.0653820267361525,0,False
diabetes,5,5,5,0,0,1,24.06542205810547,2.1155651559542124,0,False
diabetes,5,5,8,1,1,0,48.846588134765625,2.5564744934654575,0,True
diabetes,5,5,13,1,1,0,14.500149726867676,2.0063653143779416,1,False
diabetes,5,5,14,1,1,0,13.03977108001709,1.2046608274733936,0,True
diabetes,5,5,15,0,0,1,43.30783462524414,2.740897369149615,1,True
diabetes,5,5,16,1,1,0,4.939159870147705,2.7397983447916676,0,True
diabetes,5,5,19,1,1,0,20.650615692138672,1.9127428829194784,1,False
diabetes,5,5,20,0,0,1,26.16981506347656,2.72792546305549,1,True
diabetes,5,5,21,0,0,1,20.1382999420166,2.7943890682490644,1,True
diabetes,5,5,22,1,1,0,21.938251495361328,2.319243081889586,1,False
diabetes,5,5,26,0,0,1,19.38455581665039,2.188011653969736,1,True
diabetes,5,5,27,1,1,0,2.84624981880188,2.6077194115903666,0,True
diabetes,5,5,29,0,0,1,26.49513816833496,2.6917489305501854,1,True
diabetes,5,5,30,0,0,1,24.874942779541016,2.693477577154676,1,True
diabetes,5,5,31,0,0,1,20.552570343017575,2.292027678605628,0,False
diabetes,5,5,33,0,0,1,1.4657119512557983,1.622749579246508,0,False
diabetes,5,5,34,1,1,0,58.86865997314453,3.0343967792132904,1,False
diabetes,5,5,35,0,0,1,38.21208953857422,2.7242155633484746,0,False
diabetes,5,5,36,1,1,0,24.24126625061035,2.3225584846214615,0,True
diabetes,5,5,38,0,0,1,13.84319019317627,2.2370354568362023,1,True
diabetes,5,5,39,1,1,0,14.165778160095217,3.0070743447779447,1,False
diabetes,5,5,40,0,0,1,39.969627380371094,2.809205762501001,1,True
diabetes,5,5,42,1,1,0,7.323059558868408,1.8930631330247365,1,False
diabetes,5,5,44,0,0,1,45.27146911621094,1.853184575071604,0,False
diabetes,5,5,46,0,0,1,11.396220207214355,2.209399820780761,1,True
diabetes,5,5,47,0,0,1,5.640039920806885,2.2602562008265576,1,True
diabetes,5,5,48,0,0,1,0.6884610056877136,1.826701692371566,1,True
diabetes,5,5,51,0,0,1,1.5322915315628052,1.69720643287309,0,False
diabetes,5,5,52,1,1,0,16.42563247680664,2.4404878983549128,0,True
diabetes,5,5,53,0,0,1,38.45225524902344,2.8190895878631252,0,False
diabetes,5,5,56,1,1,0,10.351151466369627,2.132602658253338,0,True
diabetes,5,5,57,0,0,1,12.36637020111084,1.905396241969241,1,True
diabetes,5,5,58,0,0,1,30.277099609375,2.0932278250469936,0,False
diabetes,5,5,59,0,0,1,45.27992630004883,2.574806041746991,0,False
diabetes,5,5,60,1,1,0,9.65424633026123,2.5406819102890466,1,False
diabetes,5,5,61,0,0,1,1.6907142400741575,1.4640039476433906,1,True
diabetes,5,5,62,0,0,1,22.65536880493164,2.5774100270994653,1,True
diabetes,5,5,63,0,0,1,16.51081085205078,1.7408938472908326,1,True
diabetes,5,5,64,1,1,0,19.13323402404785,1.9538977627387784,1,False
diabetes,5,5,65,1,1,0,26.94906997680664,2.501692652864524,0,True
diabetes,5,5,66,0,0,1,34.01731872558594,3.0973564682718,0,False
diabetes,5,5,68,0,0,1,0.939848244190216,1.8427556891162016,0,False
diabetes,5,5,69,0,0,1,9.243958473205566,1.4690809328038703,1,True
diabetes,5,5,70,0,0,1,13.515300750732422,2.1839425941581783,1,True
diabetes,5,5,71,1,1,0,10.660296440124512,2.223313122457828,1,False
diabetes,5,5,74,1,1,0,14.134446144104004,1.7023071186453496,1,False
diabetes,5,5,75,0,0,1,22.259458541870117,2.4504171527690235,1,True
diabetes,5,5,76,1,1,0,17.425640106201172,2.226720574001343,1,False
diabetes,5,5,77,1,1,0,4.648001670837402,2.3948420883086223,1,False
diabetes,5,5,78,0,0,1,22.26496124267578,2.4041510333862863,0,False
diabetes,5,5,79,1,1,0,3.0528275966644287,1.4613624688227762,1,False
diabetes,5,5,80,1,1,0,17.3741455078125,1.2851170595141477,1,False
diabetes,5,5,81,1,1,0,31.52088165283203,2.9175926004103467,1,False
diabetes,5,5,82,0,0,1,17.800039291381836,2.3722753692402634,1,True
diabetes,5,5,84,1,1,0,3.4161343574523926,2.0131113809588945,0,True
diabetes,5,5,85,1,1,0,43.64381408691406,3.8010143782944783,0,True
diabetes,5,5,86,1,1,0,6.037503719329834,1.1879549499273423,1,False
diabetes,5,5,87,0,0,1,19.52643394470215,2.186572369033617,1,True
diabetes,5,7,3,1,1,0,40.302947998046875,2.923393819788404,1,False
diabetes,5,7,4,0,0,1,16.419376373291016,1.5717231155695135,1,True
diabetes,5,7,6,1,1,0,2.887608766555786,2.1820473091573973,0,True
diabetes,5,7,7,1,1,0,37.0703239440918,2.537663644712764,0,True
diabetes,5,7,8,1,1,0,48.846588134765625,2.6922879511093183,1,False
diabetes,5,7,11,1,1,0,0.8715514540672302,2.5160450173004754,0,True
diabetes,5,7,13,1,1,0,14.500149726867676,2.0063653143779416,1,False
diabetes,5,7,14,1,1,0,13.03977108001709,2.1175489084129104,1,False
diabetes,5,7,15,0,0,1,43.30783462524414,2.740897369149615,1,True
diabetes,5,7,16,1,1,0,4.939159870147705,3.3005646987347306,1,False
diabetes,5,7,19,1,1,0,20.650615692138672,1.9127428829194784,1,False
diabetes,5,7,20,0,0,1,26.16981506347656,2.0927766725914054,1,True
diabetes,5,7,21,0,0,1,20.1382999420166,2.098459424529066,1,True
diabetes,5,7,22,1,1,0,21.938251495361328,3.1691574469343924,0,True
diabetes,5,7,23,1,1,0,11.527602195739746,2.455158251915743,1,False
diabetes,5,7,24,1,1,0,8.424028396606445,1.8674189345884893,1,False
diabetes,5,7,26,0,0,1,19.38455581665039,1.696805478853549,1,True
diabetes,5,7,27,1,1,0,2.84624981880188,3.197470725020932,1,False
diabetes,5,7,29,0,0,1,26.49513816833496,2.376582878802724,1,True
diabetes,5,7,30,0,0,1,24.874942779541016,2.3802045659748567,1,True
diabetes,5,7,31,0,0,1,20.552570343017575,2.292027678605628,0,False
diabetes,5,7,33,0,0,1,1.4657119512557983,1.622749579246508,0,False
diabetes,5,7,34,1,1,0,58.86865997314453,3.0343967792132904,1,False
diabetes,5,7,36,1,1,0,24.24126625061035,2.4709978033789537,1,False
diabetes,5,7,37,1,1,0,2.130511522293091,2.0857672583020705,0,True
diabetes,5,7,38,0,0,1,13.84319019317627,1.786743216458473,1,True
diabetes,5,7,39,1,1,0,14.165778160095217,3.0070743447779447,1,False
diabetes,5,7,40,0,0,1,39.969627380371094,2.419217160442539,1,True
diabetes,5,7,43,1,1,0,2.8778350353240967,2.561314968055049,1,False
diabetes,5,7,44,0,0,1,45.27146911621094,1.853184575071604,0,False
diabetes,5,7,47,0,0,1,5.640039920806885,1.7863192918308544,1,True
diabetes,5,7,48,0,0,1,0.6884610056877136,1.826701692371566,1,True
diabetes,5,7,49,1,1,0,10.859258651733398,1.898950688156876,1,False
diabetes,5,7,52,1,1,0,16.42563247680664,2.4404878983549128,0,True
diabetes,5,7,53,0,0,1,38.45225524902344,2.8190895878631252,0,False
diabetes,5,7,55,1,1,0,8.483859062194824,1.4852126622394202,0,True
diabetes,5,7,56,1,1,0,10.351151466369627,2.1557643450078747,1,False
diabetes,5,7,58,0,0,1,30.277099609375,1.7752294229660357,1,True
diabetes,5,7,59,0,0,1,45.27992630004883,2.574806041746991,0,False
diabetes,5,7,60,1,1,0,9.65424633026123,2.5409740090362782,0,True
diabetes,5,7,61,0,0,1,1.6907142400741575,1.4640039476433906,1,True
diabetes,5,7,62,0,0,1,22.65536880493164,2.5774100270994653,1,True
diabetes,5,7,63,0,0,1,16.51081085205078,1.7408938472908326,1,True
diabetes,5,7,64,1,1,0,19.13323402404785,2.5035758249199125,0,True
diabetes,5,7,65,1,1,0,26.94906997680664,3.5735468368657566,1,False
diabetes,5,7,69,0,0,1,9.243958473205566,1.4690809328038703,1,True
diabetes,5,7,70,0,0,1,13.515300750732422,1.7095885734648362,1,True
diabetes,5,7,71,1,1,0,10.660296440124512,2.223313122457828,1,False
diabetes,5,7,74,1,1,0,14.134446144104004,2.0137850462334748,0,True
diabetes,5,7,75,0,0,1,22.259458541870117,2.4504171527690235,1,True
diabetes,5,7,76,1,1,0,17.425640106201172,2.9977278300890555,1,False
diabetes,5,7,77,1,1,0,4.648001670837402,2.654391425845738,0,True
diabetes,5,7,78,0,0,1,22.26496124267578,2.2661603574345515,1,True
diabetes,5,7,79,1,1,0,3.0528275966644287,1.9477260087108184,1,False
diabetes,5,7,80,1,1,0,17.3741455078125,1.5162320266234937,1,False
diabetes,5,7,81,1,1,0,31.52088165283203,2.9175926004103467,1,False
diabetes,5,7,82,0,0,1,17.800039291381836,1.7621392382774048,0,False
diabetes,5,7,84,1,1,0,3.4161343574523926,2.347014544371636,1,False
diabetes,5,7,85,1,1,0,43.64381408691406,3.837929392702907,1,False
diabetes,5,7,86,1,1,0,6.037503719329834,1.7869615634089402,0,True
diabetes,5,10,3,1,1,0,40.302947998046875,2.1016305580191936,0,True
diabetes,5,10,4,0,0,1,16.419376373291016,1.5717231155695135,1,True
diabetes,5,10,5,0,0,1,24.06542205810547,2.1155651559542124,0,False
diabetes,5,10,6,1,1,0,2.887608766555786,2.1820473091573973,0,True
diabetes,5,10,7,1,1,0,37.0703239440918,2.4761044816544144,0,True
diabetes,5,10,8,1,1,0,48.846588134765625,2.5564744934654575,0,True
diabetes,5,10,11,1,1,0,0.8715514540672302,1.898595160055425,0,True
diabetes,5,10,13,1,1,0,14.500149726867676,2.0063653143779416,1,False
diabetes,5,10,14,1,1,0,13.03977108001709,1.2046608274733936,0,True
diabetes,5,10,15,0,0,1,43.30783462524414,2.740897369149615,1,True
diabetes,5,10,16,1,1,0,4.939159870147705,2.7397983447916676,0,True
diabetes,5,10,17,0,0,1,22.42579460144043,1.9819728229842593,1,True
diabetes,5,10,19,1,1,0,20.650615692138672,1.9127428829194784,1,False
diabetes,5,10,20,0,0,1,26.16981506347656,2.0927766725914054,1,True
diabetes,5,10,21,0,0,1,20.1382999420166,2.098459424529066,1,True
diabetes,5,10,22,1,1,0,21.938251495361328,3.1691574469343924,0,True
diabetes,5,10,23,1,1,0,11.527602195739746,2.455158251915743,1,False
diabetes,5,10,24,1,1,0,8.424028396606445,1.8674189345884893,1,False
diabetes,5,10,26,0,0,1,19.38455581665039,1.696805478853549,1,True
diabetes,5,10,27,1,1,0,2.84624981880188,2.6077194115903666,0,True
diabetes,5,10,29,0,0,1,26.49513816833496,2.376582878802724,1,True
diabetes,5,10,30,0,0,1,24.874942779541016,2.3802045659748567,1,True
diabetes,5,10,31,0,0,1,20.552570343017575,2.292027678605628,0,False
diabetes,5,10,33,0,0,1,1.4657119512557983,1.622749579246508,0,False
diabetes,5,10,34,1,1,0,58.86865997314453,3.0343967792132904,1,False
diabetes,5,10,36,1,1,0,24.24126625061035,2.3225584846214615,0,True
diabetes,5,10,37,1,1,0,2.130511522293091,2.0857672583020705,0,True
diabetes,5,10,38,0,0,1,13.84319019317627,1.786743216458473,1,True
diabetes,5,10,39,1,1,0,14.165778160095217,3.0070743447779447,1,False
diabetes,5,10,40,0,0,1,39.969627380371094,2.419217160442539,1,True
diabetes,5,10,41,1,1,0,13.81818962097168,1.6338031813340157,1,False
diabetes,5,10,43,1,1,0,2.8778350353240967,2.3917818309455146,0,True
diabetes,5,10,44,0,0,1,45.27146911621094,1.853184575071604,0,False
diabetes,5,10,47,0,0,1,5.640039920806885,1.7863192918308544,1,True
diabetes,5,10,48,0,0,1,0.6884610056877136,1.826701692371566,1,True
diabetes,5,10,49,1,1,0,10.859258651733398,1.898950688156876,1,False
diabetes,5,10,50,1,1,0,8.111186981201172,1.8029231275514916,1,False
diabetes,5,10,51,0,0,1,1.5322915315628052,1.69720643287309,0,False
diabetes,5,10,52,1,1,0,16.42563247680664,1.6671143029338968,1,False
diabetes,5,10,53,0,0,1,38.45225524902344,2.8190895878631252,0,False
diabetes,5,10,55,1,1,0,8.483859062194824,1.4852126622394202,0,True
diabetes,5,10,56,1,1,0,10.351151466369627,2.132602658253338,0,True
diabetes,5,10,58,0,0,1,30.277099609375,1.7752294229660357,1,True
diabetes,5,10,59,0,0,1,45.27992630004883,2.574806041746991,0,False
diabetes,5,10,60,1,1,0,9.65424633026123,2.5409740090362782,0,True
diabetes,5,10,61,0,0,1,1.6907142400741575,1.4640039476433906,1,True
diabetes,5,10,62,0,0,1,22.65536880493164,2.5774100270994653,1,True
diabetes,5,10,63,0,0,1,16.51081085205078,1.7408938472908326,1,True
diabetes,5,10,64,1,1,0,19.13323402404785,2.5035758249199125,0,True
diabetes,5,10,65,1,1,0,26.94906997680664,2.501692652864524,0,True
diabetes,5,10,66,0,0,1,34.01731872558594,2.688822348094061,1,True
diabetes,5,10,69,0,0,1,9.243958473205566,1.4690809328038703,1,True
diabetes,5,10,70,0,0,1,13.515300750732422,1.7095885734648362,1,True
diabetes,5,10,71,1,1,0,10.660296440124512,2.223313122457828,1,False
diabetes,5,10,75,0,0,1,22.259458541870117,2.4504171527690235,1,True
diabetes,5,10,76,1,1,0,17.425640106201172,2.85226536034076,0,True
diabetes,5,10,77,1,1,0,4.648001670837402,2.654391425845738,0,True
diabetes,5,10,78,0,0,1,22.26496124267578,2.2661603574345515,1,True
diabetes,5,10,79,1,1,0,3.0528275966644287,1.899600627971373,0,True
diabetes,5,10,80,1,1,0,17.3741455078125,1.5162320266234937,1,False
diabetes,5,10,81,1,1,0,31.52088165283203,2.9175926004103467,1,False
diabetes,5,10,82,0,0,1,17.800039291381836,1.7621392382774048,0,False
diabetes,5,10,84,1,1,0,3.4161343574523926,2.0131113809588945,0,True
diabetes,5,10,85,1,1,0,43.64381408691406,3.8010143782944783,0,True
diabetes,5,10,86,1,1,0,6.037503719329834,1.7575440935149165,0,True
diabetes,6,2,1,1,1,0,19.962413787841797,1.223021365061183,0,True
diabetes,6,2,3,0,0,1,2.401613235473633,2.40184858351994,1,True
diabetes,6,2,5,1,1,0,20.400590896606445,2.147600544860203,1,False
diabetes,6,2,6,1,1,0,8.359094619750977,2.838989757775808,0,True
diabetes,6,2,7,1,1,0,1.6582393646240234,2.2884562678745852,0,True
diabetes,6,2,8,1,1,0,13.03509521484375,2.6548084806040375,0,True
diabetes,6,2,9,1,1,0,7.130943775177002,3.455136293552027,1,False
diabetes,6,2,10,1,1,0,21.52096366882324,2.1502112982458614,1,False
diabetes,6,2,11,0,0,1,24.840757369995117,1.6453161876403315,1,True
diabetes,6,2,13,1,1,0,11.654542922973633,3.4731945715944788,0,True
diabetes,6,2,14,1,1,0,50.50481414794922,4.685581162106712,0,True
diabetes,6,2,15,1,1,0,6.228391170501709,1.7078216362006309,0,True
diabetes,6,2,16,0,0,1,9.674428939819336,2.2388566161297874,1,True
diabetes,6,2,17,1,1,0,27.79564666748047,4.347995654963942,0,True
diabetes,6,2,19,1,1,0,27.006343841552734,2.1471310211116195,0,True
diabetes,6,2,20,1,1,0,19.436296463012695,3.5441345811083953,0,True
diabetes,6,2,21,0,0,1,30.2022762298584,1.9709865452041793,1,True
diabetes,6,2,22,1,1,0,13.61972999572754,2.6892648842043383,0,True
diabetes,6,2,23,1,1,0,13.254144668579102,2.7016006554828667,0,True
diabetes,6,2,24,0,0,1,42.08968353271485,2.902022139891576,1,True
diabetes,6,2,25,0,0,1,16.255239486694336,2.833088425287426,1,True
diabetes,6,2,26,1,1,0,15.85433578491211,2.29984399147588,1,False
diabetes,6,2,27,0,0,1,26.93680000305176,2.2014105562269344,1,True
diabetes,6,2,28,1,1,0,28.435178756713867,3.5945266679539,0,True
diabetes,6,2,29,1,1,0,8.85140609741211,2.093796207530245,0,True
diabetes,6,2,31,0,0,1,8.267080307006836,1.674685768868815,1,True
diabetes,6,2,32,0,0,1,7.60599422454834,2.3874704479615003,0,False
diabetes,6,2,34,0,0,1,74.45738983154297,3.5521024632709244,1,True
diabetes,6,2,35,0,0,1,20.558042526245117,3.0889193940852935,1,True
diabetes,6,2,36,0,0,1,20.57525062561035,2.602970406987324,1,True
diabetes,6,2,37,0,0,1,59.156105041503906,3.463479727234505,1,True
diabetes,6,2,40,1,1,0,13.056524276733398,3.2645783999287805,1,False
diabetes,6,2,41,0,0,1,11.541812896728516,2.021893372305335,1,True
diabetes,6,2,43,1,1,0,12.52849006652832,2.221857935933271,0,True
diabetes,6,2,44,1,1,0,6.3234944343566895,2.634493343356961,0,True
diabetes,6,2,45,1,1,0,6.695870876312256,1.6298213945496207,1,False
diabetes,6,2,46,0,0,1,54.92047882080078,2.4006179695954164,0,False
diabetes,6,2,47,1,1,0,11.938749313354492,2.804824815127096,0,True
diabetes,6,2,48,1,1,0,32.18043899536133,4.150738700292656,0,True
diabetes,6,2,49,0,0,1,11.314056396484377,2.250151537555709,1,True
diabetes,6,2,52,1,1,0,27.746862411499023,2.3386844977939223,0,True
diabetes,6,2,54,1,1,0,58.33100128173828,4.540881791966749,0,True
diabetes,6,2,55,1,1,0,19.934473037719727,2.738214794669775,0,True
diabetes,6,2,56,1,1,0,44.086517333984375,3.602505323141074,0,True
diabetes,6,2,58,1,1,0,0.8783316612243652,1.7220081421108544,0,True
diabetes,6,2,60,0,0,1,17.27342414855957,2.709870520685889,1,True
diabetes,6,2,61,1,1,0,13.61532211303711,2.0688686945079646,1,False
diabetes,6,2,63,1,1,0,6.4227681159973145,2.9991654104554857,1,False
diabetes,6,2,67,1,1,0,0.6509139537811279,2.534644028933878,0,True
diabetes,6,2,68,1,1,0,5.360661506652832,2.1942842113920125,1,False
diabetes,6,2,70,1,1,0,9.013900756835938,3.001246385240495,0,True
diabetes,6,2,72,1,1,0,25.549964904785156,3.308972019436229,0,True
diabetes,6,2,73,1,1,0,4.8458943367004395,2.9743680474469816,0,True
diabetes,6,2,75,1,1,0,21.84038352966309,1.9788352237814777,1,False
diabetes,6,2,77,1,1,0,14.18633270263672,1.718320642938495,0,True
diabetes,6,2,78,0,0,1,11.272626876831056,2.269838073943729,1,True
diabetes,6,2,79,0,0,1,15.089147567749023,3.039781438722877,1,True
diabetes,6,2,80,0,0,1,13.055274963378906,3.017217069869768,1,True
diabetes,6,2,81,1,1,0,9.70528793334961,2.5158330112408605,0,True
diabetes,6,2,82,1,1,0,9.240530014038086,2.9076540957205177,1,False
diabetes,6,2,83,1,1,0,1.6538454294204712,0.7502386708783813,1,False
diabetes,6,2,84,0,0,1,13.052431106567385,3.3068846313052194,1,True
diabetes,6,2,86,0,0,1,27.5974063873291,2.1172303490958817,1,True
diabetes,6,2,87,0,0,1,39.15630340576172,2.085712582729371,0,False
diabetes,6,3,0,0,0,1,21.786420822143555,1.9372516531398585,0,False
diabetes,6,3,1,1,1,0,19.962413787841797,1.223021365061183,0,True
diabetes,6,3,3,0,0,1,2.401613235473633,2.40184858351994,1,True
diabetes,6,3,5,1,1,0,20.400590896606445,2.147600544860203,1,False
diabetes,6,3,6,1,1,0,8.359094619750977,2.838989757775808,0,True
diabetes,6,3,7,1,1,0,1.6582393646240234,2.2884562678745852,0,True
diabetes,6,3,8,1,1,0,13.03509521484375,2.6548084806040375,0,True
diabetes,6,3,9,1,1,0,7.130943775177002,3.2822657734466794,0,True
diabetes,6,3,11,0,0,1,24.840757369995117,1.6453161876403315,1,True
diabetes,6,3,13,1,1,0,11.654542922973633,3.313233240048446,1,False
diabetes,6,3,14,1,1,0,50.50481414794922,4.590918832387209,1,False
diabetes,6,3,15,1,1,0,6.228391170501709,1.7078216362006309,0,True
diabetes,6,3,16,0,0,1,9.674428939819336,2.2388566161297874,1,True
diabetes,6,3,17,1,1,0,27.79564666748047,4.347995654963942,0,True
diabetes,6,3,19,1,1,0,27.006343841552734,2.1471310211116195,0,True
diabetes,6,3,20,1,1,0,19.436296463012695,3.5441345811083953,0,True
diabetes,6,3,21,0,0,1,30.2022762298584,1.9709865452041793,1,True
diabetes,6,3,22,1,1,0,13.61972999572754,2.6892648842043383,0,True
diabetes,6,3,23,1,1,0,13.254144668579102,1.5647884897289284,1,False
diabetes,6,3,24,0,0,1,42.08968353271485,2.902022139891576,1,True
diabetes,6,3,25,0,0,1,16.255239486694336,2.833088425287426,1,True
diabetes,6,3,26,1,1,0,15.85433578491211,1.7048332954880878,1,False
diabetes,6,3,27,0,0,1,26.93680000305176,2.2014105562269344,1,True
diabetes,6,3,28,1,1,0,28.435178756713867,3.5945266679539,0,True
diabetes,6,3,29,1,1,0,8.85140609741211,2.093796207530245,0,True
diabetes,6,3,31,0,0,1,8.267080307006836,1.674685768868815,1,True
diabetes,6,3,32,0,0,1,7.60599422454834,2.3874704479615003,0,False
diabetes,6,3,34,0,0,1,74.45738983154297,3.5521024632709244,1,True
diabetes,6,3,35,0,0,1,20.558042526245117,3.0889193940852935,1,True
diabetes,6,3,36,0,0,1,20.57525062561035,2.6293016430493683,1,True
diabetes,6,3,37,0,0,1,59.156105041503906,3.463479727234505,1,True
diabetes,6,3,40,1,1,0,13.056524276733398,3.2645783999287805,1,False
diabetes,6,3,41,0,0,1,11.541812896728516,2.021893372305335,1,True
diabetes,6,3,43,1,1,0,12.52849006652832,2.221857935933271,0,True
diabetes,6,3,44,1,1,0,6.3234944343566895,2.634493343356961,0,True
diabetes,6,3,46,0,0,1,54.92047882080078,2.4006179695954164,0,False
diabetes,6,3,47,1,1,0,11.938749313354492,1.9845787366594383,1,False
diabetes,6,3,48,1,1,0,32.18043899536133,3.5976551828305325,1,False
diabetes,6,3,49,0,0,1,11.314056396484377,2.250151537555709,1,True
diabetes,6,3,52,1,1,0,27.746862411499023,2.3386844977939223,0,True
diabetes,6,3,54,1,1,0,58.33100128173828,4.540881791966749,0,True
diabetes,6,3,55,1,1,0,19.934473037719727,2.738214794669775,0,True
diabetes,6,3,56,1,1,0,44.086517333984375,3.3235572114021297,1,False
diabetes,6,3,58,1,1,0,0.8783316612243652,1.7220081421108544,0,True
diabetes,6,3,59,0,0,1,20.728673934936523,2.4638069642875267,1,True
diabetes,6,3,60,0,0,1,17.27342414855957,2.709870520685889,1,True
diabetes,6,3,63,1,1,0,6.4227681159973145,2.228085772617215,1,False
diabetes,6,3,67,1,1,0,0.6509139537811279,2.534644028933878,0,True
diabetes,6,3,68,1,1,0,5.360661506652832,1.618538257383117,1,False
diabetes,6,3,70,1,1,0,9.013900756835938,1.3485964360144864,1,False
diabetes,6,3,71,0,0,1,8.886133193969727,2.434914900037369,0,False
diabetes,6,3,72,1,1,0,25.549964904785156,3.308972019436229,0,True
diabetes,6,3,73,1,1,0,4.8458943367004395,2.687277466328289,1,False
diabetes,6,3,75,1,1,0,21.84038352966309,1.9788352237814777,1,False
diabetes,6,3,77,1,1,0,14.18633270263672,1.718320642938495,0,True
diabetes,6,3,78,0,0,1,11.272626876831056,2.269838073943729,1,True
diabetes,6,3,79,0,0,1,15.089147567749023,3.039781438722877,1,True
diabetes,6,3,80,0,0,1,13.055274963378906,3.017217069869768,1,True
diabetes,6,3,82,1,1,0,9.240530014038086,2.3008775662531304,1,False
diabetes,6,3,83,1,1,0,1.6538454294204712,0.7502386708783813,1,False
diabetes,6,3,84,0,0,1,13.052431106567385,3.3068846313052194,1,True
diabetes,6,3,85,0,0,1,7.807427883148193,1.8391424732267616,1,True
diabetes,6,3,86,0,0,1,27.5974063873291,2.1172303490958817,1,True
diabetes,6,3,87,0,0,1,39.15630340576172,2.085712582729371,0,False
diabetes,6,5,0,0,0,1,21.786420822143555,1.9372516531398585,0,False
diabetes,6,5,1,1,1,0,19.962413787841797,1.223021365061183,0,True
diabetes,6,5,5,1,1,0,20.400590896606445,2.56157294855937,1,False
diabetes,6,5,6,1,1,0,8.359094619750977,2.838989757775808,0,True
diabetes,6,5,7,1,1,0,1.6582393646240234,2.2884562678745852,0,True
diabetes,6,5,8,1,1,0,13.03509521484375,2.6548084806040375,0,True
diabetes,6,5,9,1,1,0,7.130943775177002,3.2822657734466794,0,True
diabetes,6,5,10,1,1,0,21.52096366882324,2.006427400027652,1,False
diabetes,6,5,11,0,0,1,24.840757369995117,2.025118598014977,0,False
diabetes,6,5,13,1,1,0,11.654542922973633,3.4731945715944788,0,True
diabetes,6,5,14,1,1,0,50.50481414794922,3.8909823051809034,1,False
diabetes,6,5,16,0,0,1,9.674428939819336,1.4358738442484351,1,True
diabetes,6,5,17,1,1,0,27.79564666748047,4.347995654963942,0,True
diabetes,6,5,19,1,1,0,27.006343841552734,2.1471310211116195,0,True
diabetes,6,5,20,1,1,0,19.436296463012695,3.418681224435149,1,False
diabetes,6,5,21,0,0,1,30.2022762298584,1.9709865452041793,1,True
diabetes,6,5,22,1,1,0,13.61972999572754,2.6892648842043383,0,True
diabetes,6,5,23,1,1,0,13.254144668579102,1.5126380436130469,1,False
diabetes,6,5,24,0,0,1,42.08968353271485,2.6153637351502175,1,True
diabetes,6,5,25,0,0,1,16.255239486694336,2.833088425287426,1,True
diabetes,6,5,26,1,1,0,15.85433578491211,1.9028481902018437,1,False
diabetes,6,5,27,0,0,1,26.93680000305176,2.2014105562269344,1,True
diabetes,6,5,28,1,1,0,28.435178756713867,2.753261267580202,1,False
diabetes,6,5,29,1,1,0,8.85140609741211,2.093796207530245,0,True
diabetes,6,5,31,0,0,1,8.267080307006836,1.674685768868815,1,True
diabetes,6,5,32,0,0,1,7.60599422454834,2.3874704479615003,0,False
diabetes,6,5,34,0,0,1,74.45738983154297,3.526182977978862,0,False
diabetes,6,5,35,0,0,1,20.558042526245117,3.290281880188574,0,False
diabetes,6,5,36,0,0,1,20.57525062561035,2.0717384219771797,1,True
diabetes,6,5,37,0,0,1,59.156105041503906,3.463479727234505,1,True
diabetes,6,5,39,1,1,0,3.504199981689453,1.9100423453857371,0,True
diabetes,6,5,40,1,1,0,13.056524276733398,3.2645783999287805,1,False
diabetes,6,5,41,0,0,1,11.541812896728516,2.021893372305335,1,True
diabetes,6,5,43,1,1,0,12.52849006652832,2.221857935933271,0,True
diabetes,6,5,44,1,1,0,6.3234944343566895,2.634493343356961,0,True
diabetes,6,5,46,0,0,1,54.92047882080078,2.4006179695954164,0,False
diabetes,6,5,47,1,1,0,11.938749313354492,2.4003278239833916,1,False
diabetes,6,5,48,1,1,0,32.18043899536133,3.1078929549980256,1,False
diabetes,6,5,49,0,0,1,11.314056396484377,2.250151537555709,1,True
diabetes,6,5,52,1,1,0,27.746862411499023,2.3386844977939223,0,True
diabetes,6,5,54,1,1,0,58.33100128173828,3.752074777177527,1,False
diabetes,6,5,55,1,1,0,19.934473037719727,2.738214794669775,0,True
diabetes,6,5,56,1,1,0,44.086517333984375,2.982569598058028,1,False
diabetes,6,5,58,1,1,0,0.8783316612243652,1.7220081421108544,0,True
diabetes,6,5,59,0,0,1,20.728673934936523,2.758945801299775,1,True
diabetes,6,5,60,0,0,1,17.27342414855957,2.7614149387424347,1,True
diabetes,6,5,64,0,0,1,2.8672595024108887,1.861504209463566,1,True
diabetes,6,5,70,1,1,0,9.013900756835938,1.3485964360144864,1,False
diabetes,6,5,71,0,0,1,8.886133193969727,2.434914900037369,0,False
diabetes,6,5,72,1,1,0,25.549964904785156,3.308972019436229,0,True
diabetes,6,5,73,1,1,0,4.8458943367004395,2.3200001503870165,1,False
diabetes,6,5,77,1,1,0,14.18633270263672,1.718320642938495,0,True
diabetes,6,5,78,0,0,1,11.272626876831056,1.1660474093941162,1,True
diabetes,6,5,79,0,0,1,15.089147567749023,1.657286724255177,1,True
diabetes,6,5,80,0,0,1,13.055274963378906,1.9391192900461456,1,True
diabetes,6,5,82,1,1,0,9.240530014038086,2.4715622875247094,1,False
diabetes,6,5,84,0,0,1,13.052431106567385,1.5180470278198643,1,True
diabetes,6,5,86,0,0,1,27.5974063873291,1.861659824976364,0,False
diabetes,6,5,87,0,0,1,39.15630340576172,2.085712582729371,0,False
diabetes,6,7,0,0,0,1,21.786420822143555,2.173986024795063,1,True
diabetes,6,7,1,1,1,0,19.962413787841797,1.223021365061183,0,True
diabetes,6,7,2,0,0,1,23.552507400512695,1.5415445569466522,1,True
diabetes,6,7,8,1,1,0,13.03509521484375,2.483344271419623,0,True
diabetes,6,7,9,1,1,0,7.130943775177002,3.2822657734466794,0,True
diabetes,6,7,11,0,0,1,24.840757369995117,2.4861192970103243,1,True
diabetes,6,7,13,1,1,0,11.654542922973633,3.4731945715944788,0,True
diabetes,6,7,14,1,1,0,50.50481414794922,3.8909823051809034,1,False
diabetes,6,7,16,0,0,1,9.674428939819336,1.4358738442484351,1,True
diabetes,6,7,17,1,1,0,27.79564666748047,3.755888477045384,0,True
diabetes,6,7,18,0,0,1,6.868862628936768,2.5514544784353226,1,True
diabetes,6,7,19,1,1,0,27.006343841552734,2.1471310211116195,0,True
diabetes,6,7,20,1,1,0,19.436296463012695,3.3358932073204666,0,True
diabetes,6,7,21,0,0,1,30.2022762298584,1.9709865452041793,1,True
diabetes,6,7,22,1,1,0,13.61972999572754,2.6892648842043383,0,True
diabetes,6,7,23,1,1,0,13.254144668579102,1.5647884897289284,1,False
diabetes,6,7,24,0,0,1,42.08968353271485,2.6153637351502175,1,True
diabetes,6,7,25,0,0,1,16.255239486694336,2.833088425287426,1,True
diabetes,6,7,26,1,1,0,15.85433578491211,1.7048332954880878,1,False
diabetes,6,7,27,0,0,1,26.93680000305176,2.2014105562269344,1,True
diabetes,6,7,28,1,1,0,28.435178756713867,2.753261267580202,1,False
diabetes,6,7,29,1,1,0,8.85140609741211,2.093796207530245,0,True
diabetes,6,7,31,0,0,1,8.267080307006836,1.674685768868815,1,True
diabetes,6,7,32,0,0,1,7.60599422454834,2.555530979894351,1,True
diabetes,6,7,34,0,0,1,74.45738983154297,3.576784517866766,1,True
diabetes,6,7,35,0,0,1,20.558042526245117,3.3117761611570846,1,True
diabetes,6,7,36,0,0,1,20.57525062561035,2.0717384219771797,1,True
diabetes,6,7,37,0,0,1,59.156105041503906,2.507098539721742,1,True
diabetes,6,7,39,1,1,0,3.504199981689453,1.7954854215842482,0,True
diabetes,6,7,40,1,1,0,13.056524276733398,3.2645783999287805,1,False
diabetes,6,7,41,0,0,1,11.541812896728516,2.021893372305335,1,True
diabetes,6,7,43,1,1,0,12.52849006652832,2.221857935933271,0,True
diabetes,6,7,44,1,1,0,6.3234944343566895,2.634493343356961,0,True
diabetes,6,7,46,0,0,1,54.92047882080078,2.4006179695954164,0,False
diabetes,6,7,47,1,1,0,11.938749313354492,1.9845787366594383,1,False
diabetes,6,7,48,1,1,0,32.18043899536133,3.1078929549980256,1,False
diabetes,6,7,49,0,0,1,11.314056396484377,2.250151537555709,1,True
diabetes,6,7,51,1,1,0,13.816350936889648,2.46276223970494,0,True
diabetes,6,7,52,1,1,0,27.746862411499023,2.3386844977939223,0,True
diabetes,6,7,53,1,1,0,21.7126407623291,2.0462717505256123,1,False
diabetes,6,7,54,1,1,0,58.33100128173828,3.752074777177527,1,False
diabetes,6,7,55,1,1,0,19.934473037719727,2.738214794669775,0,True
diabetes,6,7,56,1,1,0,44.086517333984375,2.982569598058028,1,False
diabetes,6,7,58,1,1,0,0.8783316612243652,1.7220081421108544,0,True
diabetes,6,7,59,0,0,1,20.728673934936523,2.6199680546696835,0,False
diabetes,6,7,60,0,0,1,17.27342414855957,2.7614149387424347,1,True
diabetes,6,7,67,1,1,0,0.6509139537811279,2.534644028933878,0,True
diabetes,6,7,70,1,1,0,9.013900756835938,1.3485964360144864,1,False
diabetes,6,7,72,1,1,0,25.549964904785156,2.8055519161243847,0,True
diabetes,6,7,73,1,1,0,4.8458943367004395,2.3200001503870165,1,False
diabetes,6,7,75,1,1,0,21.84038352966309,2.996493786423038,1,False
diabetes,6,7,77,1,1,0,14.18633270263672,1.718320642938495,0,True
diabetes,6,7,78,0,0,1,11.272626876831056,2.4927028569172753,0,False
diabetes,6,7,79,0,0,1,15.089147567749023,1.657286724255177,1,True
diabetes,6,7,80,0,0,1,13.055274963378906,1.9391192900461456,1,True
diabetes,6,7,81,1,1,0,9.70528793334961,1.9424956270582991,1,False
diabetes,6,7,82,1,1,0,9.240530014038086,2.3008775662531304,1,False
diabetes,6,7,84,0,0,1,13.052431106567385,1.5180470278198643,1,True
diabetes,6,7,86,0,0,1,27.5974063873291,2.107620161832766,0,False
diabetes,6,7,87,0,0,1,39.15630340576172,2.59183579621978,1,True
diabetes,6,10,0,0,0,1,21.786420822143555,2.173986024795063,1,True
diabetes,6,10,1,1,1,0,19.962413787841797,1.223021365061183,0,True
diabetes,6,10,2,0,0,1,23.552507400512695,1.5415445569466522,1,True
diabetes,6,10,8,1,1,0,13.03509521484375,2.483344271419623,0,True
diabetes,6,10,9,1,1,0,7.130943775177002,3.2822657734466794,0,True
diabetes,6,10,11,0,0,1,24.840757369995117,2.4861192970103243,1,True
diabetes,6,10,13,1,1,0,11.654542922973633,3.4731945715944788,0,True
diabetes,6,10,14,1,1,0,50.50481414794922,3.4856163812394723,1,False
diabetes,6,10,16,0,0,1,9.674428939819336,1.4358738442484351,1,True
diabetes,6,10,17,1,1,0,27.79564666748047,3.4824811857577473,1,False
diabetes,6,10,18,0,0,1,6.868862628936768,2.5514544784353226,1,True
diabetes,6,10,19,1,1,0,27.006343841552734,2.1471310211116195,0,True
diabetes,6,10,20,1,1,0,19.436296463012695,3.3358932073204666,0,True
diabetes,6,10,21,0,0,1,30.2022762298584,1.9709865452041793,1,True
diabetes,6,10,22,1,1,0,13.61972999572754,2.6892648842043383,0,True
diabetes,6,10,23,1,1,0,13.254144668579102,1.5647884897289284,1,False
diabetes,6,10,24,0,0,1,42.08968353271485,2.6153637351502175,1,True
diabetes,6,10,25,0,0,1,16.255239486694336,2.833088425287426,1,True
diabetes,6,10,26,1,1,0,15.85433578491211,1.7048332954880878,1,False
diabetes,6,10,27,0,0,1,26.93680000305176,2.2014105562269344,1,True
diabetes,6,10,28,1,1,0,28.435178756713867,2.753261267580202,1,False
diabetes,6,10,29,1,1,0,8.85140609741211,2.093796207530245,0,True
diabetes,6,10,31,0,0,1,8.267080307006836,1.674685768868815,1,True
diabetes,6,10,32,0,0,1,7.60599422454834,2.555530979894351,1,True
diabetes,6,10,34,0,0,1,74.45738983154297,3.576784517866766,1,True
diabetes,6,10,35,0,0,1,20.558042526245117,3.3117761611570846,1,True
diabetes,6,10,36,0,0,1,20.57525062561035,2.0717384219771797,1,True
diabetes,6,10,37,0,0,1,59.156105041503906,2.507098539721742,1,True
diabetes,6,10,39,1,1,0,3.504199981689453,1.7954854215842482,0,True
diabetes,6,10,40,1,1,0,13.056524276733398,3.2645783999287805,1,False
diabetes,6,10,41,0,0,1,11.541812896728516,2.021893372305335,1,True
diabetes,6,10,43,1,1,0,12.52849006652832,2.221857935933271,0,True
diabetes,6,10,44,1,1,0,6.3234944343566895,2.634493343356961,0,True
diabetes,6,10,46,0,0,1,54.92047882080078,2.4006179695954164,0,False
diabetes,6,10,47,1,1,0,11.938749313354492,1.9845787366594383,1,False
diabetes,6,10,48,1,1,0,32.18043899536133,3.1078929549980256,1,False
diabetes,6,10,49,0,0,1,11.314056396484377,2.250151537555709,1,True
diabetes,6,10,51,1,1,0,13.816350936889648,2.46276223970494,0,True
diabetes,6,10,52,1,1,0,27.746862411499023,2.3386844977939223,0,True
diabetes,6,10,53,1,1,0,21.7126407623291,2.0462717505256123,1,False
diabetes,6,10,54,1,1,0,58.33100128173828,3.752074777177527,1,False
diabetes,6,10,55,1,1,0,19.934473037719727,2.738214794669775,0,True
diabetes,6,10,56,1,1,0,44.086517333984375,2.982569598058028,1,False
diabetes,6,10,58,1,1,0,0.8783316612243652,1.7220081421108544,0,True
diabetes,6,10,59,0,0,1,20.728673934936523,2.6199680546696835,0,False
diabetes,6,10,60,0,0,1,17.27342414855957,2.7614149387424347,1,True
diabetes,6,10,65,0,0,1,23.255531311035156,1.6247216386625123,1,True
diabetes,6,10,67,1,1,0,0.6509139537811279,2.534644028933878,0,True
diabetes,6,10,70,1,1,0,9.013900756835938,1.3485964360144864,1,False
diabetes,6,10,71,0,0,1,8.886133193969727,2.434914900037369,0,False
diabetes,6,10,72,1,1,0,25.549964904785156,2.8055519161243847,0,True
diabetes,6,10,73,1,1,0,4.8458943367004395,2.3200001503870165,1,False
diabetes,6,10,75,1,1,0,21.84038352966309,2.996493786423038,1,False
diabetes,6,10,77,1,1,0,14.18633270263672,1.718320642938495,0,True
diabetes,6,10,78,0,0,1,11.272626876831056,2.350002173762566,1,True
diabetes,6,10,79,0,0,1,15.089147567749023,1.657286724255177,1,True
diabetes,6,10,80,0,0,1,13.055274963378906,1.9391192900461456,1,True
diabetes,6,10,82,1,1,0,9.240530014038086,2.3008775662531304,1,False
diabetes,6,10,84,0,0,1,13.052431106567385,1.5180470278198643,1,True
diabetes,6,10,86,0,0,1,27.5974063873291,2.107620161832766,0,False
diabetes,6,10,87,0,0,1,39.15630340576172,2.59183579621978,1,True
diabetes,7,2,0,0,0,1,28.728750228881836,3.00769112632723,0,False
diabetes,7,2,1,1,1,0,16.58120346069336,2.09643789204685,0,True
diabetes,7,2,3,1,1,0,33.63877868652344,2.7622965886862425,1,False
diabetes,7,2,5,0,0,1,29.47650146484375,3.2016469422957594,0,False
diabetes,7,2,7,0,0,1,10.783398628234863,2.821406323092708,0,False
diabetes,7,2,8,0,0,1,23.184185028076172,2.4140929410915772,0,False
diabetes,7,2,9,1,1,0,2.4740309715270996,3.9523643739678977,0,True
diabetes,7,2,10,1,1,0,51.65083312988281,3.299940709869235,0,True
diabetes,7,2,11,1,1,0,14.930985450744627,2.602893501977434,0,True
diabetes,7,2,13,1,1,0,27.511999130249023,2.4738397163585657,0,True
diabetes,7,2,14,0,0,1,28.159299850463867,2.658428926071539,0,False
diabetes,7,2,15,0,0,1,48.922000885009766,4.0283224118392065,1,True
diabetes,7,2,16,1,1,0,8.220903396606445,3.097355840131065,0,True
diabetes,7,2,17,0,0,1,25.14060401916504,2.170428543422584,1,True
diabetes,7,2,18,0,0,1,17.259521484375,2.4553890928586872,1,True
diabetes,7,2,19,1,1,0,6.134753704071045,2.893772782263959,1,False
diabetes,7,2,20,0,0,1,25.435291290283203,2.8943710408752024,1,True
diabetes,7,2,21,0,0,1,15.216309547424316,2.520289665487432,1,True
diabetes,7,2,22,0,0,1,31.470535278320312,3.808359937667569,0,False
diabetes,7,2,23,0,0,1,36.24875259399414,2.497123839288838,1,True
diabetes,7,2,24,0,0,1,1.8187602758407593,2.2809738209004355,1,True
diabetes,7,2,25,1,1,0,87.37378692626953,4.162493606447701,1,False
diabetes,7,2,26,0,0,1,0.309741199016571,2.0335770432358826,1,True
diabetes,7,2,28,1,1,0,4.739042282104492,3.091606395047946,0,True
diabetes,7,2,30,0,0,1,7.054601192474365,3.9746070890270744,0,False
diabetes,7,2,32,0,0,1,15.390904426574709,2.6741450405860796,0,False
diabetes,7,2,34,1,1,0,3.237338066101074,1.95572651078922,0,True
diabetes,7,2,35,1,1,0,46.33958435058594,3.1644601573959346,0,True
diabetes,7,2,36,1,1,0,8.012893676757812,2.7849155680154865,1,False
diabetes,7,2,37,1,1,0,41.11160659790039,3.965292439405416,1,False
diabetes,7,2,42,1,1,0,2.1238350868225098,2.5986116289433294,0,True
diabetes,7,2,43,1,1,0,30.02720832824707,4.020941961788768,0,True
diabetes,7,2,44,1,1,0,27.552480697631836,2.449078540492309,0,True
diabetes,7,2,45,0,0,1,8.22219181060791,1.5460385536250103,1,True
diabetes,7,2,46,0,0,1,10.084417343139648,1.9051484893935664,1,True
diabetes,7,2,48,1,1,0,3.2165608406066895,1.881672408986136,1,False
diabetes,7,2,49,1,1,0,91.44957733154295,4.470827703037002,1,False
diabetes,7,2,50,0,0,1,18.13991355895996,1.7771564686654355,1,True
diabetes,7,2,51,1,1,0,15.137889862060549,2.398325593841074,1,False
diabetes,7,2,52,1,1,0,1.3930695056915283,2.445090714764863,1,False
diabetes,7,2,53,0,0,1,24.006542205810547,2.1910687160219022,1,True
diabetes,7,2,54,1,1,0,17.039997100830078,2.10769396628102,1,False
diabetes,7,2,55,0,0,1,25.29373550415039,3.1630789820909735,1,True
diabetes,7,2,56,0,0,1,9.312685012817385,2.6746068946571073,1,True
diabetes,7,2,57,0,0,1,20.183631896972656,3.2687477565541405,0,False
diabetes,7,2,59,0,0,1,7.610121726989746,2.0235035210773136,0,False
diabetes,7,2,60,1,1,0,9.106961250305176,2.0313046462833464,0,True
diabetes,7,2,61,1,1,0,23.245121002197266,3.0477245286923806,0,True
diabetes,7,2,62,1,1,0,4.049414157867432,2.356603282151034,0,True
diabetes,7,2,63,0,0,1,24.160369873046875,2.9238669230027785,1,True
diabetes,7,2,65,0,0,1,22.992738723754883,3.0712376449471264,0,False
diabetes,7,2,66,1,1,0,13.893875122070312,2.8015298053693374,0,True
diabetes,7,2,69,0,0,1,9.622969627380373,2.103232323884497,0,False
diabetes,7,2,70,1,1,0,8.038528442382812,1.7339226529222955,0,True
diabetes,7,2,71,1,1,0,19.42883682250977,2.88616216900026,0,True
diabetes,7,2,72,0,0,1,9.204261779785156,3.3365775383010705,1,True
diabetes,7,2,73,0,0,1,13.31643009185791,2.2027922010490912,1,True
diabetes,7,2,74,0,0,1,50.96480941772461,3.7303452928734098,1,True
diabetes,7,2,75,0,0,1,2.004371881484986,1.7617194522259036,1,True
diabetes,7,2,76,0,0,1,18.646148681640625,2.53997485864384,1,True
diabetes,7,2,77,0,0,1,11.60177516937256,1.618534130937869,1,True
diabetes,7,2,78,1,1,0,35.86939239501953,3.466485213418469,0,True
diabetes,7,2,79,1,1,0,33.7547492980957,2.5934139374713623,1,False
diabetes,7,2,80,1,1,0,33.30709457397461,3.6466005350910047,0,True
diabetes,7,2,81,1,1,0,14.432223320007324,4.649429897468198,0,True
diabetes,7,2,82,0,0,1,18.186908721923828,1.9295188500749896,0,False
diabetes,7,2,83,1,1,0,10.145828247070312,3.547645911629924,1,False
diabetes,7,2,84,1,1,0,2.559943675994873,1.9687964558864128,0,True
diabetes,7,2,85,1,1,0,22.19829750061035,1.5954577677359714,0,True
diabetes,7,2,87,1,1,0,2.1730494499206543,3.347115013132821,1,False
diabetes,7,3,0,0,0,1,28.728750228881836,3.1154736811398163,1,True
diabetes,7,3,1,1,1,0,16.58120346069336,2.09643789204685,0,True
diabetes,7,3,2,0,0,1,1.1765059232711792,1.9487229683578189,1,True
diabetes,7,3,3,1,1,0,33.63877868652344,3.556694096632522,0,True
diabetes,7,3,5,0,0,1,29.47650146484375,3.2016469422957594,0,False
diabetes,7,3,7,0,0,1,10.783398628234863,2.821406323092708,0,False
diabetes,7,3,8,0,0,1,23.184185028076172,2.4140929410915772,0,False
diabetes,7,3,9,1,1,0,2.4740309715270996,3.9523643739678977,0,True
diabetes,7,3,10,1,1,0,51.65083312988281,3.299940709869235,0,True
diabetes,7,3,11,1,1,0,14.930985450744627,2.286886742933884,1,False
diabetes,7,3,12,0,0,1,10.226924896240234,2.506796008331169,1,True
diabetes,7,3,13,1,1,0,27.511999130249023,2.4738397163585657,0,True
diabetes,7,3,14,0,0,1,28.159299850463867,2.658428926071539,0,False
diabetes,7,3,15,0,0,1,48.922000885009766,4.0296868306641,1,True
diabetes,7,3,16,1,1,0,8.220903396606445,2.764879280706894,1,False
diabetes,7,3,17,0,0,1,25.14060401916504,2.170428543422584,1,True
diabetes,7,3,18,0,0,1,17.259521484375,2.4553890928586872,1,True
diabetes,7,3,19,1,1,0,6.134753704071045,3.052596608961958,0,True
diabetes,7,3,20,0,0,1,25.435291290283203,2.8943710408752024,1,True
diabetes,7,3,21,0,0,1,15.216309547424316,2.696070043783848,0,False
diabetes,7,3,22,0,0,1,31.470535278320312,3.808359937667569,0,False
diabetes,7,3,23,0,0,1,36.24875259399414,2.1262847226523487,1,True
diabetes,7,3,25,1,1,0,87.37378692626953,4.230851157622424,1,False
diabetes,7,3,26,0,0,1,0.309741199016571,2.2047319908998326,0,False
diabetes,7,3,28,1,1,0,4.739042282104492,2.51501272862898,0,True
diabetes,7,3,30,0,0,1,7.054601192474365,3.0926969195943848,0,False
diabetes,7,3,32,0,0,1,15.390904426574709,2.959636077554185,0,False
diabetes,7,3,34,1,1,0,3.237338066101074,1.95572651078922,0,True
diabetes,7,3,35,1,1,0,46.33958435058594,3.1644601573959346,0,True
diabetes,7,3,36,1,1,0,8.012893676757812,3.3092149446390753,1,False
diabetes,7,3,37,1,1,0,41.11160659790039,4.546642990134491,1,False
diabetes,7,3,40,0,0,1,17.162216186523438,2.371776017865128,0,False
diabetes,7,3,41,0,0,1,0.3456551432609558,2.0447455822211373,1,True
diabetes,7,3,42,1,1,0,2.1238350868225098,2.1514149570244823,0,True
diabetes,7,3,43,1,1,0,30.02720832824707,3.2409662729026696,1,False
diabetes,7,3,44,1,1,0,27.552480697631836,2.449078540492309,0,True
diabetes,7,3,45,0,0,1,8.22219181060791,1.5460385536250103,1,True
diabetes,7,3,46,0,0,1,10.084417343139648,1.9051484893935664,1,True
diabetes,7,3,47,0,0,1,12.867783546447754,2.5991549470028064,0,False
diabetes,7,3,49,1,1,0,91.44957733154295,5.064062813890738,0,True
diabetes,7,3,50,0,0,1,18.13991355895996,1.7771564686654355,1,True
diabetes,7,3,51,1,1,0,15.137889862060549,2.46218470516416,0,True
diabetes,7,3,52,1,1,0,1.3930695056915283,1.3974984672384323,1,False
diabetes,7,3,53,0,0,1,24.006542205810547,2.1910687160219022,1,True
diabetes,7,3,54,1,1,0,17.039997100830078,2.924228869912008,1,False
diabetes,7,3,55,0,0,1,25.29373550415039,3.19514978892348,0,False
diabetes,7,3,56,0,0,1,9.312685012817385,2.68121348879735,0,False
diabetes,7,3,57,0,0,1,20.183631896972656,3.2687477565541405,0,False
diabetes,7,3,59,0,0,1,7.610121726989746,2.0235035210773136,0,False
diabetes,7,3,60,1,1,0,9.106961250305176,2.0313046462833464,0,True
diabetes,7,3,61,1,1,0,23.245121002197266,2.438133291268493,1,False
diabetes,7,3,63,0,0,1,24.160369873046875,2.9238669230027785,1,True
diabetes,7,3,64,0,0,1,7.262486934661865,3.5831426324028812,1,True
diabetes,7,3,65,0,0,1,22.992738723754883,3.0712376449471264,0,False
diabetes,7,3,66,1,1,0,13.893875122070312,2.8015298053693374,0,True
diabetes,7,3,69,0,0,1,9.622969627380373,2.1506535817164294,0,False
diabetes,7,3,70,1,1,0,8.038528442382812,1.5598427626233542,0,True
diabetes,7,3,71,1,1,0,19.42883682250977,2.4594635577360218,0,True
diabetes,7,3,72,0,0,1,9.204261779785156,3.3365775383010705,1,True
diabetes,7,3,73,0,0,1,13.31643009185791,1.6122776216018604,0,False
diabetes,7,3,74,0,0,1,50.96480941772461,4.2533392049161,0,False
diabetes,7,3,75,0,0,1,2.004371881484986,1.7617194522259036,1,True
diabetes,7,3,76,0,0,1,18.646148681640625,2.551302738693837,0,False
diabetes,7,3,77,0,0,1,11.60177516937256,1.618534130937869,1,True
diabetes,7,3,78,1,1,0,35.86939239501953,3.466485213418469,0,True
diabetes,7,3,79,1,1,0,33.7547492980957,2.5934139374713623,1,False
diabetes,7,3,80,1,1,0,33.30709457397461,3.9395304534647777,1,False
diabetes,7,3,81,1,1,0,14.432223320007324,3.5800034236905094,1,False
diabetes,7,3,82,0,0,1,18.186908721923828,1.9295188500749896,0,False
diabetes,7,3,83,1,1,0,10.145828247070312,2.872724465016484,1,False
diabetes,7,3,84,1,1,0,2.559943675994873,1.9687964558864128,0,True
diabetes,7,3,85,1,1,0,22.19829750061035,1.5954577677359714,0,True
diabetes,7,3,87,1,1,0,2.1730494499206543,3.347115013132821,1,False
diabetes,7,5,0,0,0,1,28.728750228881836,2.6865610709439705,0,False
diabetes,7,5,1,1,1,0,16.58120346069336,2.09643789204685,0,True
diabetes,7,5,2,0,0,1,1.1765059232711792,1.9487229683578189,1,True
diabetes,7,5,3,1,1,0,33.63877868652344,1.1986507933169792,1,False
diabetes,7,5,5,0,0,1,29.47650146484375,3.2016469422957594,0,False
diabetes,7,5,7,0,0,1,10.783398628234863,3.0852634636961547,1,True
diabetes,7,5,8,0,0,1,23.184185028076172,2.4271824502037687,0,False
diabetes,7,5,9,1,1,0,2.4740309715270996,2.9682509229445264,1,False
diabetes,7,5,11,1,1,0,14.930985450744627,2.286886742933884,1,False
diabetes,7,5,13,1,1,0,27.511999130249023,1.5262142778858017,1,False
diabetes,7,5,14,0,0,1,28.159299850463867,2.923684609509883,1,True
diabetes,7,5,15,0,0,1,48.922000885009766,4.0115391289009805,1,True
diabetes,7,5,16,1,1,0,8.220903396606445,2.764879280706894,1,False
diabetes,7,5,17,0,0,1,25.14060401916504,2.170428543422584,1,True
diabetes,7,5,18,0,0,1,17.259521484375,2.4553890928586872,1,True
diabetes,7,5,19,1,1,0,6.134753704071045,2.1546674399950265,1,False
diabetes,7,5,20,0,0,1,25.435291290283203,2.8943710408752024,1,True
diabetes,7,5,21,0,0,1,15.216309547424316,2.000664695807469,1,True
diabetes,7,5,22,0,0,1,31.470535278320312,3.7517657097734345,0,False
diabetes,7,5,23,0,0,1,36.24875259399414,2.1262847226523487,1,True
diabetes,7,5,26,0,0,1,0.309741199016571,2.2047319908998326,0,False
diabetes,7,5,28,1,1,0,4.739042282104492,3.091606395047946,0,True
diabetes,7,5,30,0,0,1,7.054601192474365,3.0926969195943848,0,False
diabetes,7,5,31,0,0,1,3.9891724586486816,3.2247032654161094,1,True
diabetes,7,5,32,0,0,1,15.390904426574709,3.0317021589869797,0,False
diabetes,7,5,34,1,1,0,3.237338066101074,1.95572651078922,0,True
diabetes,7,5,35,1,1,0,46.33958435058594,3.074695559617226,1,False
diabetes,7,5,37,1,1,0,41.11160659790039,2.436053031087691,1,False
diabetes,7,5,40,0,0,1,17.162216186523438,2.371776017865128,0,False
diabetes,7,5,41,0,0,1,0.3456551432609558,2.0447455822211373,1,True
diabetes,7,5,42,1,1,0,2.1238350868225098,2.4907720684673675,0,True
diabetes,7,5,43,1,1,0,30.02720832824707,3.302015989310178,1,False
diabetes,7,5,44,1,1,0,27.552480697631836,2.449078540492309,0,True
diabetes,7,5,45,0,0,1,8.22219181060791,1.5460385536250103,1,True
diabetes,7,5,46,0,0,1,10.084417343139648,1.9051484893935664,1,True
diabetes,7,5,47,0,0,1,12.867783546447754,2.8756254722420573,1,True
diabetes,7,5,49,1,1,0,91.44957733154295,3.246760436905146,1,False
diabetes,7,5,50,0,0,1,18.13991355895996,1.7771564686654355,1,True
diabetes,7,5,51,1,1,0,15.137889862060549,2.46218470516416,0,True
diabetes,7,5,52,1,1,0,1.3930695056915283,1.3974984672384323,1,False
diabetes,7,5,53,0,0,1,24.006542205810547,2.1910687160219022,1,True
diabetes,7,5,55,0,0,1,25.29373550415039,2.831146599771997,0,False
diabetes,7,5,56,0,0,1,9.312685012817385,2.4772586081007977,1,True
diabetes,7,5,57,0,0,1,20.183631896972656,1.9398478313294536,0,False
diabetes,7,5,60,1,1,0,9.106961250305176,2.0313046462833464,0,True
diabetes,7,5,61,1,1,0,23.245121002197266,1.7259155917990363,0,True
diabetes,7,5,63,0,0,1,24.160369873046875,2.9238669230027785,1,True
diabetes,7,5,65,0,0,1,22.992738723754883,3.0712376449471264,0,False
diabetes,7,5,66,1,1,0,13.893875122070312,2.8015298053693374,0,True
diabetes,7,5,69,0,0,1,9.622969627380373,2.1506535817164294,0,False
diabetes,7,5,70,1,1,0,8.038528442382812,1.7339226529222955,0,True
diabetes,7,5,71,1,1,0,19.42883682250977,2.88616216900026,0,True
diabetes,7,5,72,0,0,1,9.204261779785156,3.3365775383010705,1,True
diabetes,7,5,73,0,0,1,13.31643009185791,1.6122776216018604,0,False
diabetes,7,5,75,0,0,1,2.004371881484986,1.7617194522259036,1,True
diabetes,7,5,76,0,0,1,18.646148681640625,1.8518982789148977,0,False
diabetes,7,5,77,0,0,1,11.60177516937256,1.618534130937869,1,True
diabetes,7,5,78,1,1,0,35.86939239501953,3.466485213418469,0,True
diabetes,7,5,80,1,1,0,33.30709457397461,2.0064919463641675,1,False
diabetes,7,5,81,1,1,0,14.432223320007324,4.14375390482365,0,True
diabetes,7,5,82,0,0,1,18.186908721923828,1.9295188500749896,0,False
diabetes,7,5,83,1,1,0,10.145828247070312,2.3310201361958685,1,False
diabetes,7,5,84,1,1,0,2.559943675994873,1.9687964558864128,0,True
diabetes,7,5,85,1,1,0,22.19829750061035,1.5954577677359714,0,True
diabetes,7,7,0,0,0,1,28.728750228881836,1.903179875999263,0,False
diabetes,7,7,1,1,1,0,16.58120346069336,1.7297644085019122,1,False
diabetes,7,7,2,0,0,1,1.1765059232711792,1.9487229683578189,1,True
diabetes,7,7,3,1,1,0,33.63877868652344,1.1986507933169792,1,False
diabetes,7,7,4,1,1,0,4.303750514984131,1.1205004159491363,0,True
diabetes,7,7,5,0,0,1,29.47650146484375,3.2016469422957594,0,False
diabetes,7,7,6,1,1,0,9.406789779663086,1.8067702783973572,1,False
diabetes,7,7,7,0,0,1,10.783398628234863,2.715644812284032,0,False
diabetes,7,7,8,0,0,1,23.184185028076172,2.4271824502037687,0,False
diabetes,7,7,9,1,1,0,2.4740309715270996,2.9682509229445264,1,False
diabetes,7,7,11,1,1,0,14.930985450744627,2.1591003371614956,1,False
diabetes,7,7,13,1,1,0,27.511999130249023,1.5262142778858017,1,False
diabetes,7,7,14,0,0,1,28.159299850463867,2.6225438387875375,0,False
diabetes,7,7,15,0,0,1,48.922000885009766,3.4801383332765172,0,False
diabetes,7,7,17,0,0,1,25.14060401916504,2.170428543422584,1,True
diabetes,7,7,18,0,0,1,17.259521484375,2.463680412319612,1,True
diabetes,7,7,19,1,1,0,6.134753704071045,2.1546674399950265,1,False
diabetes,7,7,20,0,0,1,25.435291290283203,2.315457755122577,0,False
diabetes,7,7,21,0,0,1,15.216309547424316,2.000664695807469,1,True
diabetes,7,7,22,0,0,1,31.470535278320312,3.5114866988652325,0,False
diabetes,7,7,23,0,0,1,36.24875259399414,2.1262847226523487,1,True
diabetes,7,7,26,0,0,1,0.309741199016571,2.0335770432358826,1,True
diabetes,7,7,28,1,1,0,4.739042282104492,3.0543589156781144,1,False
diabetes,7,7,29,0,0,1,9.30782699584961,1.7122368018825251,0,False
diabetes,7,7,30,0,0,1,7.054601192474365,2.6756868090827584,0,False
diabetes,7,7,31,0,0,1,3.9891724586486816,3.2247032654161094,1,True
diabetes,7,7,32,0,0,1,15.390904426574709,2.598760887460106,0,False
diabetes,7,7,35,1,1,0,46.33958435058594,3.074695559617226,1,False
diabetes,7,7,37,1,1,0,41.11160659790039,2.436053031087691,1,False
diabetes,7,7,39,1,1,0,1.3219774961471558,1.9735428325678368,0,True
diabetes,7,7,41,0,0,1,0.3456551432609558,2.0447455822211373,1,True
diabetes,7,7,43,1,1,0,30.02720832824707,3.0497243910273455,1,False
diabetes,7,7,44,1,1,0,27.552480697631836,2.579744098920666,1,False
diabetes,7,7,46,0,0,1,10.084417343139648,2.1118353677463992,1,True
diabetes,7,7,47,0,0,1,12.867783546447754,2.612264102384529,1,True
diabetes,7,7,49,1,1,0,91.44957733154295,3.246760436905146,1,False
diabetes,7,7,50,0,0,1,18.13991355895996,1.7771564686654355,1,True
diabetes,7,7,51,1,1,0,15.137889862060549,2.46218470516416,0,True
diabetes,7,7,52,1,1,0,1.3930695056915283,1.3974984672384323,1,False
diabetes,7,7,53,0,0,1,24.006542205810547,2.1910687160219022,1,True
diabetes,7,7,55,0,0,1,25.29373550415039,2.7440622845466,0,False
diabetes,7,7,56,0,0,1,9.312685012817385,1.9956642754766232,0,False
diabetes,7,7,57,0,0,1,20.183631896972656,3.2687477565541405,0,False
diabetes,7,7,59,0,0,1,7.610121726989746,1.8920229068281176,0,False
diabetes,7,7,60,1,1,0,9.106961250305176,2.0313046462833464,0,True
diabetes,7,7,61,1,1,0,23.245121002197266,1.7259155917990363,0,True
diabetes,7,7,62,1,1,0,4.049414157867432,2.356603282151034,0,True
diabetes,7,7,65,0,0,1,22.992738723754883,1.600906135451991,0,False
diabetes,7,7,66,1,1,0,13.893875122070312,2.267577581761933,1,False
diabetes,7,7,69,0,0,1,9.622969627380373,1.513576902702343,0,False
diabetes,7,7,71,1,1,0,19.42883682250977,2.691402793355949,1,False
diabetes,7,7,72,0,0,1,9.204261779785156,3.097268112346443,0,False
diabetes,7,7,73,0,0,1,13.31643009185791,1.6122776216018604,0,False
diabetes,7,7,74,0,0,1,50.96480941772461,3.729592651147746,0,False
diabetes,7,7,76,0,0,1,18.646148681640625,2.551302738693837,0,False
diabetes,7,7,77,0,0,1,11.60177516937256,1.650284301463917,0,False
diabetes,7,7,78,1,1,0,35.86939239501953,2.0382062084366472,1,False
diabetes,7,7,80,1,1,0,33.30709457397461,2.0064919463641675,1,False
diabetes,7,7,81,1,1,0,14.432223320007324,4.14375390482365,0,True
diabetes,7,7,82,0,0,1,18.186908721923828,1.9295188500749896,0,False
diabetes,7,7,83,1,1,0,10.145828247070312,2.3310201361958685,1,False
diabetes,7,7,84,1,1,0,2.559943675994873,1.9687964558864128,0,True
diabetes,7,7,85,1,1,0,22.19829750061035,1.5954577677359714,0,True
diabetes,7,7,87,1,1,0,2.1730494499206543,1.5074526117759277,1,False
diabetes,7,10,0,0,0,1,28.728750228881836,1.903179875999263,0,False
diabetes,7,10,1,1,1,0,16.58120346069336,1.7297644085019122,1,False
diabetes,7,10,2,0,0,1,1.1765059232711792,1.9487229683578189,1,True
diabetes,7,10,3,1,1,0,33.63877868652344,3.1961996366825582,1,False
diabetes,7,10,4,1,1,0,4.303750514984131,1.1205004159491363,0,True
diabetes,7,10,5,0,0,1,29.47650146484375,3.2016469422957594,0,False
diabetes,7,10,7,0,0,1,10.783398628234863,1.982559477220126,1,True
diabetes,7,10,8,0,0,1,23.184185028076172,2.4140929410915772,0,False
diabetes,7,10,9,1,1,0,2.4740309715270996,3.3147357474747747,1,False
diabetes,7,10,10,1,1,0,51.65083312988281,3.2974292508730443,1,False
diabetes,7,10,11,1,1,0,14.930985450744627,2.286886742933884,1,False
diabetes,7,10,13,1,1,0,27.511999130249023,2.4738397163585657,0,True
diabetes,7,10,14,0,0,1,28.159299850463867,2.6225438387875375,0,False
diabetes,7,10,15,0,0,1,48.922000885009766,3.4801383332765172,0,False
diabetes,7,10,17,0,0,1,25.14060401916504,2.170428543422584,1,True
diabetes,7,10,18,0,0,1,17.259521484375,2.4553890928586872,1,True
diabetes,7,10,19,1,1,0,6.134753704071045,2.8876137200267205,1,False
diabetes,7,10,20,0,0,1,25.435291290283203,2.315457755122577,0,False
diabetes,7,10,21,0,0,1,15.216309547424316,2.000664695807469,1,True
diabetes,7,10,22,0,0,1,31.470535278320312,3.5114866988652325,0,False
diabetes,7,10,23,0,0,1,36.24875259399414,2.1262847226523487,1,True
diabetes,7,10,25,1,1,0,87.37378692626953,2.8955383448864844,1,False
diabetes,7,10,26,0,0,1,0.309741199016571,2.0335770432358826,1,True
diabetes,7,10,28,1,1,0,4.739042282104492,3.0543589156781144,1,False
diabetes,7,10,30,0,0,1,7.054601192474365,2.6756868090827584,0,False
diabetes,7,10,31,0,0,1,3.9891724586486816,3.144356968652322,1,True
diabetes,7,10,32,0,0,1,15.390904426574709,2.5081546906591643,1,True
diabetes,7,10,35,1,1,0,46.33958435058594,3.074695559617226,1,False
diabetes,7,10,37,1,1,0,41.11160659790039,2.436053031087691,1,False
diabetes,7,10,41,0,0,1,0.3456551432609558,2.0447455822211373,1,True
diabetes,7,10,43,1,1,0,30.02720832824707,3.0497243910273455,1,False
diabetes,7,10,44,1,1,0,27.552480697631836,2.579744098920666,1,False
diabetes,7,10,46,0,0,1,10.084417343139648,1.9051484893935664,1,True
diabetes,7,10,47,0,0,1,12.867783546447754,2.5991549470028064,0,False
diabetes,7,10,49,1,1,0,91.44957733154295,3.246760436905146,1,False
diabetes,7,10,50,0,0,1,18.13991355895996,1.7771564686654355,1,True
diabetes,7,10,51,1,1,0,15.137889862060549,2.46218470516416,0,True
diabetes,7,10,52,1,1,0,1.3930695056915283,1.3974984672384323,1,False
diabetes,7,10,53,0,0,1,24.006542205810547,2.1910687160219022,1,True
diabetes,7,10,54,1,1,0,17.039997100830078,1.7260719508320508,1,False
diabetes,7,10,55,0,0,1,25.29373550415039,2.7440622845466,0,False
diabetes,7,10,56,0,0,1,9.312685012817385,1.9956642754766232,0,False
diabetes,7,10,57,0,0,1,20.183631896972656,2.93590099101866,1,True
diabetes,7,10,59,0,0,1,7.610121726989746,1.8920229068281176,0,False
diabetes,7,10,60,1,1,0,9.106961250305176,2.0313046462833464,0,True
diabetes,7,10,61,1,1,0,23.245121002197266,1.7259155917990363,0,True
diabetes,7,10,62,1,1,0,4.049414157867432,2.356603282151034,0,True
diabetes,7,10,65,0,0,1,22.992738723754883,1.600906135451991,0,False
diabetes,7,10,66,1,1,0,13.893875122070312,2.267577581761933,1,False
diabetes,7,10,69,0,0,1,9.622969627380373,1.513576902702343,0,False
diabetes,7,10,71,1,1,0,19.42883682250977,2.691402793355949,1,False
diabetes,7,10,72,0,0,1,9.204261779785156,3.097268112346443,0,False
diabetes,7,10,73,0,0,1,13.31643009185791,1.6122776216018604,0,False
diabetes,7,10,74,0,0,1,50.96480941772461,3.3436744603686708,1,True
diabetes,7,10,76,0,0,1,18.646148681640625,2.551302738693837,0,False
diabetes,7,10,77,0,0,1,11.60177516937256,1.650284301463917,0,False
diabetes,7,10,78,1,1,0,35.86939239501953,2.0382062084366472,1,False
diabetes,7,10,80,1,1,0,33.30709457397461,2.0064919463641675,1,False
diabetes,7,10,81,1,1,0,14.432223320007324,4.14375390482365,0,True
diabetes,7,10,82,0,0,1,18.186908721923828,1.9295188500749896,0,False
diabetes,7,10,83,1,1,0,10.145828247070312,2.3310201361958685,1,False
diabetes,7,10,84,1,1,0,2.559943675994873,1.9687964558864128,0,True
diabetes,7,10,85,1,1,0,22.19829750061035,1.5954577677359714,0,True
diabetes,7,10,87,1,1,0,2.1730494499206543,1.5074526117759277,1,False
diabetes,8,2,0,1,1,0,3.854034185409546,1.2682392251124313,1,False
diabetes,8,2,3,0,0,1,39.27500534057617,3.589154894243795,0,False
diabetes,8,2,4,0,0,1,47.62545394897461,3.3178694606999857,1,True
diabetes,8,2,5,1,1,0,20.03825569152832,2.6180692888483823,0,True
diabetes,8,2,6,1,1,0,9.69159984588623,2.1166011095549506,1,False
diabetes,8,2,8,1,1,0,13.417559623718262,1.5892356264549787,0,True
diabetes,8,2,13,1,1,0,21.02742576599121,1.7646463637327676,0,True
diabetes,8,2,14,1,1,0,25.01255226135254,2.714124218027338,1,False
diabetes,8,2,15,0,0,1,93.53565216064452,2.9020652857448694,0,False
diabetes,8,2,16,0,0,1,13.485401153564451,2.604126651645442,1,True
diabetes,8,2,19,1,1,0,6.435351371765137,1.8724592342595976,0,True
diabetes,8,2,22,0,0,1,26.385583877563477,2.04286094025858,1,True
diabetes,8,2,23,0,0,1,30.22359275817871,3.475602301436728,0,False
diabetes,8,2,24,0,0,1,107.0077133178711,3.948967370343605,1,True
diabetes,8,2,25,1,1,0,14.918371200561523,2.8143337800731856,0,True
diabetes,8,2,26,1,1,0,23.22817039489746,2.8803016437751516,0,True
diabetes,8,2,27,1,1,0,58.12810516357422,4.580212060133566,0,True
diabetes,8,2,28,1,1,0,44.44405746459961,3.690886069566248,0,True
diabetes,8,2,29,1,1,0,45.83855819702149,3.870034247706327,0,True
diabetes,8,2,30,1,1,0,1.1355055570602417,2.113094615145706,0,True
diabetes,8,2,31,1,1,0,25.049776077270508,2.3763657994552756,1,False
diabetes,8,2,32,0,0,1,5.779307842254639,1.3884768660667046,1,True
diabetes,8,2,33,0,0,1,18.366191864013672,1.904038819313897,0,False
diabetes,8,2,34,0,0,1,61.899810791015625,2.571539676063547,0,False
diabetes,8,2,35,1,1,0,34.315162658691406,4.460398114704505,0,True
diabetes,8,2,36,1,1,0,24.250213623046875,3.1240877157802585,0,True
diabetes,8,2,39,1,1,0,52.60822677612305,3.8342071500120265,0,True
diabetes,8,2,40,1,1,0,27.58042335510254,3.497661881065189,0,True
diabetes,8,2,41,0,0,1,64.93212127685547,3.81712494924684,0,False
diabetes,8,2,42,1,1,0,20.46651840209961,3.1444755931391257,1,False
diabetes,8,2,43,0,0,1,67.85785675048828,2.470375604512845,0,False
diabetes,8,2,44,0,0,1,16.14371681213379,2.974207613323583,1,True
diabetes,8,2,45,0,0,1,26.602251052856445,2.129597107188366,0,False
diabetes,8,2,46,0,0,1,12.441296577453612,2.800601744328086,1,True
diabetes,8,2,47,1,1,0,31.148265838623047,2.220789291779087,0,True
diabetes,8,2,48,1,1,0,11.34652042388916,2.2647844750315724,0,True
diabetes,8,2,49,1,1,0,29.719194412231445,3.218691521043125,0,True
diabetes,8,2,50,1,1,0,30.26298713684082,2.303151844351211,0,True
diabetes,8,2,51,0,0,1,20.60025978088379,3.4953340370040373,1,True
diabetes,8,2,53,0,0,1,15.259601593017578,2.280799791766239,1,True
diabetes,8,2,54,0,0,1,8.203219413757324,1.6552899692781189,0,False
diabetes,8,2,56,1,1,0,18.134687423706055,2.941168314684366,0,True
diabetes,8,2,57,0,0,1,37.13951110839844,2.570532942823002,0,False
diabetes,8,2,58,0,0,1,14.657512664794922,2.69580661408649,1,True
diabetes,8,2,59,1,1,0,31.808408737182617,2.598608108889312,1,False
diabetes,8,2,60,0,0,1,64.9870376586914,3.3201199607587184,0,False
diabetes,8,2,62,1,1,0,54.48683547973633,3.979020905886612,1,False
diabetes,8,2,63,1,1,0,11.951543807983398,5.226398289260516,0,True
diabetes,8,2,64,1,1,0,18.020471572875977,3.4915766098399548,0,True
diabetes,8,2,65,0,0,1,60.48986053466797,2.6290244032718717,0,False
diabetes,8,2,66,1,1,0,22.05238151550293,3.0152135793890458,0,True
diabetes,8,2,67,1,1,0,6.111327648162842,1.0537166809791254,0,True
diabetes,8,2,69,0,0,1,1.7283869981765747,3.2975579615083404,1,True
diabetes,8,2,70,1,1,0,15.83619785308838,2.2073431503821084,1,False
diabetes,8,2,71,1,1,0,25.767900466918945,1.6445241596002844,1,False
diabetes,8,2,73,0,0,1,22.704256057739254,2.534817341658899,1,True
diabetes,8,2,75,1,1,0,23.193296432495117,2.491771459637411,0,True
diabetes,8,2,77,1,1,0,21.394689559936523,2.6861097787012,0,True
diabetes,8,2,78,1,1,0,16.16880989074707,1.8411679253593984,0,True
diabetes,8,2,79,0,0,1,0.5478583574295044,1.5548178939744413,0,False
diabetes,8,2,80,1,1,0,21.301862716674805,1.9112641712500305,1,False
diabetes,8,2,81,0,0,1,5.354862213134766,1.6422733566428278,1,True
diabetes,8,2,82,0,0,1,5.584517478942871,2.2060850158871266,1,True
diabetes,8,2,85,1,1,0,13.805534362792969,2.677217937673039,0,True
diabetes,8,2,86,0,0,1,47.98014450073242,2.4252512197671634,0,False
diabetes,8,2,87,1,1,0,13.907769203186035,1.8305269697161732,0,True
diabetes,8,3,0,1,1,0,3.854034185409546,1.2682392251124313,1,False
diabetes,8,3,3,0,0,1,39.27500534057617,3.589154894243795,0,False
diabetes,8,3,4,0,0,1,47.62545394897461,3.3178694606999857,1,True
diabetes,8,3,5,1,1,0,20.03825569152832,2.6180692888483823,0,True
diabetes,8,3,6,1,1,0,9.69159984588623,2.1166011095549506,1,False
diabetes,8,3,8,1,1,0,13.417559623718262,1.5892356264549787,0,True
diabetes,8,3,13,1,1,0,21.02742576599121,1.7646463637327676,0,True
diabetes,8,3,14,1,1,0,25.01255226135254,2.714124218027338,1,False
diabetes,8,3,15,0,0,1,93.53565216064452,2.9020652857448694,0,False
diabetes,8,3,16,0,0,1,13.485401153564451,2.9051105867374507,1,True
diabetes,8,3,19,1,1,0,6.435351371765137,1.8724592342595976,0,True
diabetes,8,3,22,0,0,1,26.385583877563477,2.04286094025858,1,True
diabetes,8,3,23,0,0,1,30.22359275817871,3.475602301436728,0,False
diabetes,8,3,24,0,0,1,107.0077133178711,3.948967370343605,1,True
diabetes,8,3,25,1,1,0,14.918371200561523,2.8143337800731856,0,True
diabetes,8,3,26,1,1,0,23.22817039489746,2.7513555816082675,1,False
diabetes,8,3,27,1,1,0,58.12810516357422,2.7617865401473294,1,False
diabetes,8,3,28,1,1,0,44.44405746459961,3.3746954987388103,0,True
diabetes,8,3,29,1,1,0,45.83855819702149,3.0059497124553047,1,False
diabetes,8,3,30,1,1,0,1.1355055570602417,2.113094615145706,0,True
diabetes,8,3,31,1,1,0,25.049776077270508,2.3763657994552756,1,False
diabetes,8,3,32,0,0,1,5.779307842254639,1.3884768660667046,1,True
diabetes,8,3,33,0,0,1,18.366191864013672,2.2544418014257106,0,False
diabetes,8,3,34,0,0,1,61.899810791015625,2.571539676063547,0,False
diabetes,8,3,36,1,1,0,24.250213623046875,3.1240877157802585,0,True
diabetes,8,3,37,0,0,1,10.01361083984375,3.4946423565101674,1,True
diabetes,8,3,39,1,1,0,52.60822677612305,3.8342071500120265,0,True
diabetes,8,3,40,1,1,0,27.58042335510254,2.620727201724263,0,True
diabetes,8,3,41,0,0,1,64.93212127685547,3.81712494924684,0,False
diabetes,8,3,43,0,0,1,67.85785675048828,2.470375604512845,0,False
diabetes,8,3,44,0,0,1,16.14371681213379,3.3127560767562225,1,True
diabetes,8,3,45,0,0,1,26.602251052856445,2.129597107188366,0,False
diabetes,8,3,46,0,0,1,12.441296577453612,2.800601744328086,1,True
diabetes,8,3,47,1,1,0,31.148265838623047,2.220789291779087,0,True
diabetes,8,3,48,1,1,0,11.34652042388916,2.2647844750315724,0,True
diabetes,8,3,49,1,1,0,29.719194412231445,3.218691521043125,0,True
diabetes,8,3,50,1,1,0,30.26298713684082,2.303151844351211,0,True
diabetes,8,3,51,0,0,1,20.60025978088379,3.789612385492622,1,True
diabetes,8,3,53,0,0,1,15.259601593017578,2.280799791766239,1,True
diabetes,8,3,54,0,0,1,8.203219413757324,1.6552899692781189,0,False
diabetes,8,3,56,1,1,0,18.134687423706055,2.941168314684366,0,True
diabetes,8,3,57,0,0,1,37.13951110839844,2.570532942823002,0,False
diabetes,8,3,58,0,0,1,14.657512664794922,2.9016473192527448,1,True
diabetes,8,3,59,1,1,0,31.808408737182617,2.598608108889312,1,False
diabetes,8,3,60,0,0,1,64.9870376586914,3.3201199607587184,0,False
diabetes,8,3,61,0,0,1,8.932289123535156,1.9642694745469416,0,False
diabetes,8,3,62,1,1,0,54.48683547973633,3.979020905886612,1,False
diabetes,8,3,63,1,1,0,11.951543807983398,3.2983164932703692,1,False
diabetes,8,3,64,1,1,0,18.020471572875977,3.4915766098399548,0,True
diabetes,8,3,65,0,0,1,60.48986053466797,2.6290244032718717,0,False
diabetes,8,3,66,1,1,0,22.05238151550293,2.608910469390199,1,False
diabetes,8,3,67,1,1,0,6.111327648162842,1.0537166809791254,0,True
diabetes,8,3,69,0,0,1,1.7283869981765747,3.2975579615083404,1,True
diabetes,8,3,70,1,1,0,15.83619785308838,2.07734852814969,0,True
diabetes,8,3,73,0,0,1,22.704256057739254,2.534817341658899,1,True
diabetes,8,3,74,0,0,1,10.36253547668457,1.4817820911607829,0,False
diabetes,8,3,75,1,1,0,23.193296432495117,2.491771459637411,0,True
diabetes,8,3,76,0,0,1,31.436811447143555,3.833946630170197,1,True
diabetes,8,3,77,1,1,0,21.394689559936523,2.5435098928501025,1,False
diabetes,8,3,78,1,1,0,16.16880989074707,1.8411679253593984,0,True
diabetes,8,3,79,0,0,1,0.5478583574295044,1.5548178939744413,0,False
diabetes,8,3,80,1,1,0,21.301862716674805,1.9112641712500305,1,False
diabetes,8,3,81,0,0,1,5.354862213134766,1.6422733566428278,1,True
diabetes,8,3,82,0,0,1,5.584517478942871,2.2060850158871266,1,True
diabetes,8,3,85,1,1,0,13.805534362792969,2.677217937673039,0,True
diabetes,8,3,86,0,0,1,47.98014450073242,2.4252512197671634,0,False
diabetes,8,3,87,1,1,0,13.907769203186035,1.8305269697161732,0,True
diabetes,8,5,0,1,1,0,3.854034185409546,1.2682392251124313,1,False
diabetes,8,5,3,0,0,1,39.27500534057617,2.833064554242943,0,False
diabetes,8,5,4,0,0,1,47.62545394897461,2.5700714146073063,1,True
diabetes,8,5,5,1,1,0,20.03825569152832,2.6180692888483823,0,True
diabetes,8,5,6,1,1,0,9.69159984588623,2.016656639353984,1,False
diabetes,8,5,8,1,1,0,13.417559623718262,1.5892356264549787,0,True
diabetes,8,5,13,1,1,0,21.02742576599121,1.7646463637327676,0,True
diabetes,8,5,14,1,1,0,25.01255226135254,2.714124218027338,1,False
diabetes,8,5,15,0,0,1,93.53565216064452,2.5123484141564068,0,False
diabetes,8,5,16,0,0,1,13.485401153564451,2.5748118709398704,1,True
diabetes,8,5,19,1,1,0,6.435351371765137,1.8724592342595976,0,True
diabetes,8,5,22,0,0,1,26.385583877563477,2.04286094025858,1,True
diabetes,8,5,23,0,0,1,30.22359275817871,2.4065703485424343,1,True
diabetes,8,5,24,0,0,1,107.0077133178711,2.2876872559773536,0,False
diabetes,8,5,25,1,1,0,14.918371200561523,2.8143337800731856,0,True
diabetes,8,5,26,1,1,0,23.22817039489746,2.7513555816082675,1,False
diabetes,8,5,27,1,1,0,58.12810516357422,3.505385170020119,1,False
diabetes,8,5,28,1,1,0,44.44405746459961,3.3746954987388103,0,True
diabetes,8,5,29,1,1,0,45.83855819702149,3.870034247706327,0,True
diabetes,8,5,30,1,1,0,1.1355055570602417,2.113094615145706,0,True
diabetes,8,5,31,1,1,0,25.049776077270508,2.3763657994552756,1,False
diabetes,8,5,32,0,0,1,5.779307842254639,2.078293534295441,0,False
diabetes,8,5,33,0,0,1,18.366191864013672,1.7859394239621094,0,False
diabetes,8,5,34,0,0,1,61.899810791015625,2.571539676063547,0,False
diabetes,8,5,35,1,1,0,34.315162658691406,3.3996079535197254,0,True
diabetes,8,5,36,1,1,0,24.250213623046875,3.1240877157802585,0,True
diabetes,8,5,37,0,0,1,10.01361083984375,2.3915748377280357,0,False
diabetes,8,5,39,1,1,0,52.60822677612305,3.8342071500120265,0,True
diabetes,8,5,41,0,0,1,64.93212127685547,3.077858678027587,1,True
diabetes,8,5,42,1,1,0,20.46651840209961,2.4298811158795046,1,False
diabetes,8,5,43,0,0,1,67.85785675048828,2.470375604512845,0,False
diabetes,8,5,44,0,0,1,16.14371681213379,1.840528072738841,1,True
diabetes,8,5,45,0,0,1,26.602251052856445,2.129597107188366,0,False
diabetes,8,5,46,0,0,1,12.441296577453612,2.9026839031381204,0,False
diabetes,8,5,47,1,1,0,31.148265838623047,2.220789291779087,0,True
diabetes,8,5,48,1,1,0,11.34652042388916,2.2647844750315724,0,True
diabetes,8,5,49,1,1,0,29.719194412231445,3.218691521043125,0,True
diabetes,8,5,50,1,1,0,30.26298713684082,2.303151844351211,0,True
diabetes,8,5,51,0,0,1,20.60025978088379,2.1291645094300917,1,True
diabetes,8,5,53,0,0,1,15.259601593017578,2.280799791766239,1,True
diabetes,8,5,56,1,1,0,18.134687423706055,2.941168314684366,0,True
diabetes,8,5,57,0,0,1,37.13951110839844,2.570532942823002,0,False
diabetes,8,5,58,0,0,1,14.657512664794922,1.622213018519628,1,True
diabetes,8,5,59,1,1,0,31.808408737182617,2.598608108889312,1,False
diabetes,8,5,60,0,0,1,64.9870376586914,2.352222508023917,0,False
diabetes,8,5,62,1,1,0,54.48683547973633,3.979020905886612,1,False
diabetes,8,5,63,1,1,0,11.951543807983398,4.590692052394685,1,False
diabetes,8,5,64,1,1,0,18.020471572875977,2.7694268874450154,1,False
diabetes,8,5,65,0,0,1,60.48986053466797,1.7364226513957275,0,False
diabetes,8,5,66,1,1,0,22.05238151550293,3.0152135793890458,0,True
diabetes,8,5,67,1,1,0,6.111327648162842,1.0537166809791254,0,True
diabetes,8,5,69,0,0,1,1.7283869981765747,3.0689233248519323,0,False
diabetes,8,5,73,0,0,1,22.704256057739254,2.5573064037155775,1,True
diabetes,8,5,74,0,0,1,10.36253547668457,1.4817820911607829,0,False
diabetes,8,5,75,1,1,0,23.193296432495117,2.491771459637411,0,True
diabetes,8,5,76,0,0,1,31.436811447143555,3.482397067319678,0,False
diabetes,8,5,77,1,1,0,21.394689559936523,2.5435098928501025,1,False
diabetes,8,5,78,1,1,0,16.16880989074707,1.8411679253593984,0,True
diabetes,8,5,79,0,0,1,0.5478583574295044,1.5548178939744413,0,False
diabetes,8,5,81,0,0,1,5.354862213134766,1.6422733566428278,1,True
diabetes,8,5,82,0,0,1,5.584517478942871,2.2060850158871266,1,True
diabetes,8,5,85,1,1,0,13.805534362792969,1.9552422142244656,1,False
diabetes,8,5,86,0,0,1,47.98014450073242,2.300801625480076,0,False
diabetes,8,5,87,1,1,0,13.907769203186035,1.8305269697161732,0,True
diabetes,8,7,0,1,1,0,3.854034185409546,1.2682392251124313,1,False
diabetes,8,7,3,0,0,1,39.27500534057617,2.833064554242943,0,False
diabetes,8,7,4,0,0,1,47.62545394897461,2.0185536484149287,0,False
diabetes,8,7,5,1,1,0,20.03825569152832,2.6180692888483823,0,True
diabetes,8,7,6,1,1,0,9.69159984588623,2.016656639353984,1,False
diabetes,8,7,8,1,1,0,13.417559623718262,1.5892356264549787,0,True
diabetes,8,7,13,1,1,0,21.02742576599121,1.7646463637327676,0,True
diabetes,8,7,14,1,1,0,25.01255226135254,2.714124218027338,1,False
diabetes,8,7,15,0,0,1,93.53565216064452,2.5123484141564068,0,False
diabetes,8,7,16,0,0,1,13.485401153564451,1.9787530198176335,1,True
diabetes,8,7,17,0,0,1,2.2459511756896973,1.5716333165690852,1,True
diabetes,8,7,19,1,1,0,6.435351371765137,1.8724592342595976,0,True
diabetes,8,7,21,1,1,0,2.500459909439087,1.6154330378652932,0,True
diabetes,8,7,22,0,0,1,26.385583877563477,2.04286094025858,1,True
diabetes,8,7,23,0,0,1,30.22359275817871,2.4065703485424343,1,True
diabetes,8,7,24,0,0,1,107.0077133178711,2.2876872559773536,0,False
diabetes,8,7,25,1,1,0,14.918371200561523,2.4963755932635916,0,True
diabetes,8,7,26,1,1,0,23.22817039489746,2.8803016437751516,0,True
diabetes,8,7,27,1,1,0,58.12810516357422,4.05916071535818,0,True
diabetes,8,7,28,1,1,0,44.44405746459961,3.3746954987388103,0,True
diabetes,8,7,29,1,1,0,45.83855819702149,3.870034247706327,0,True
diabetes,8,7,30,1,1,0,1.1355055570602417,2.113094615145706,0,True
diabetes,8,7,31,1,1,0,25.049776077270508,2.3763657994552756,1,False
diabetes,8,7,32,0,0,1,5.779307842254639,2.078293534295441,0,False
diabetes,8,7,33,0,0,1,18.366191864013672,1.7859394239621094,0,False
diabetes,8,7,34,0,0,1,61.899810791015625,2.571539676063547,0,False
diabetes,8,7,35,1,1,0,34.315162658691406,2.4253585876733683,0,True
diabetes,8,7,36,1,1,0,24.250213623046875,3.1240877157802585,0,True
diabetes,8,7,37,0,0,1,10.01361083984375,2.780576737163252,1,True
diabetes,8,7,39,1,1,0,52.60822677612305,3.5209560234155273,0,True
diabetes,8,7,41,0,0,1,64.93212127685547,3.077858678027587,1,True
diabetes,8,7,42,1,1,0,20.46651840209961,1.927132603224063,0,True
diabetes,8,7,43,0,0,1,67.85785675048828,2.751564901332296,1,True
diabetes,8,7,44,0,0,1,16.14371681213379,1.840528072738841,1,True
diabetes,8,7,45,0,0,1,26.602251052856445,2.129597107188366,0,False
diabetes,8,7,46,0,0,1,12.441296577453612,2.5610015561334585,1,True
diabetes,8,7,47,1,1,0,31.148265838623047,2.220789291779087,0,True
diabetes,8,7,48,1,1,0,11.34652042388916,2.2647844750315724,0,True
diabetes,8,7,49,1,1,0,29.719194412231445,3.218691521043125,0,True
diabetes,8,7,50,1,1,0,30.26298713684082,2.303151844351211,0,True
diabetes,8,7,51,0,0,1,20.60025978088379,2.1291645094300917,1,True
diabetes,8,7,53,0,0,1,15.259601593017578,2.280799791766239,1,True
diabetes,8,7,56,1,1,0,18.134687423706055,2.941168314684366,0,True
diabetes,8,7,57,0,0,1,37.13951110839844,2.570532942823002,0,False
diabetes,8,7,58,0,0,1,14.657512664794922,1.622213018519628,1,True
diabetes,8,7,59,1,1,0,31.808408737182617,2.598608108889312,1,False
diabetes,8,7,60,0,0,1,64.9870376586914,2.352222508023917,0,False
diabetes,8,7,63,1,1,0,11.951543807983398,3.926106473483229,0,True
diabetes,8,7,65,0,0,1,60.48986053466797,1.7364226513957275,0,False
diabetes,8,7,66,1,1,0,22.05238151550293,3.0152135793890458,0,True
diabetes,8,7,67,1,1,0,6.111327648162842,1.0537166809791254,0,True
diabetes,8,7,69,0,0,1,1.7283869981765747,3.0689233248519323,0,False
diabetes,8,7,70,1,1,0,15.83619785308838,2.07734852814969,0,True
diabetes,8,7,73,0,0,1,22.704256057739254,2.357130423080765,1,True
diabetes,8,7,74,0,0,1,10.36253547668457,1.4817820911607829,0,False
diabetes,8,7,75,1,1,0,23.193296432495117,2.491771459637411,0,True
diabetes,8,7,76,0,0,1,31.436811447143555,3.482397067319678,0,False
diabetes,8,7,78,1,1,0,16.16880989074707,1.8411679253593984,0,True
diabetes,8,7,79,0,0,1,0.5478583574295044,1.5548178939744413,0,False
diabetes,8,7,80,1,1,0,21.301862716674805,1.4246506656743876,1,False
diabetes,8,7,82,0,0,1,5.584517478942871,2.2060850158871266,1,True
diabetes,8,7,85,1,1,0,13.805534362792969,1.9552422142244656,1,False
diabetes,8,7,86,0,0,1,47.98014450073242,2.300801625480076,0,False
diabetes,8,7,87,1,1,0,13.907769203186035,1.8305269697161732,0,True
diabetes,8,10,0,1,1,0,3.854034185409546,1.9700791362154868,0,True
diabetes,8,10,1,1,1,0,3.3443729877471924,1.8856441445258811,0,True
diabetes,8,10,3,0,0,1,39.27500534057617,2.833064554242943,0,False
diabetes,8,10,4,0,0,1,47.62545394897461,2.0185536484149287,0,False
diabetes,8,10,5,1,1,0,20.03825569152832,3.198966114869897,0,True
diabetes,8,10,6,1,1,0,9.69159984588623,2.016656639353984,1,False
diabetes,8,10,9,1,1,0,7.401811599731445,1.896207081658988,1,False
diabetes,8,10,13,1,1,0,21.02742576599121,1.7646463637327676,0,True
diabetes,8,10,14,1,1,0,25.01255226135254,2.714124218027338,1,False
diabetes,8,10,15,0,0,1,93.53565216064452,2.5123484141564068,0,False
diabetes,8,10,16,0,0,1,13.485401153564451,1.9787530198176335,1,True
diabetes,8,10,17,0,0,1,2.2459511756896973,1.5716333165690852,1,True
diabetes,8,10,19,1,1,0,6.435351371765137,2.239430321334556,0,True
diabetes,8,10,21,1,1,0,2.500459909439087,2.2659577921337,0,True
diabetes,8,10,22,0,0,1,26.385583877563477,2.04286094025858,1,True
diabetes,8,10,23,0,0,1,30.22359275817871,2.4065703485424343,1,True
diabetes,8,10,24,0,0,1,107.0077133178711,2.2876872559773536,0,False
diabetes,8,10,25,1,1,0,14.918371200561523,2.4963755932635916,0,True
diabetes,8,10,26,1,1,0,23.22817039489746,2.7513555816082675,1,False
diabetes,8,10,27,1,1,0,58.12810516357422,3.505385170020119,1,False
diabetes,8,10,28,1,1,0,44.44405746459961,2.197265814948882,1,False
diabetes,8,10,29,1,1,0,45.83855819702149,3.870034247706327,0,True
diabetes,8,10,30,1,1,0,1.1355055570602417,2.113094615145706,0,True
diabetes,8,10,31,1,1,0,25.049776077270508,2.3763657994552756,1,False
diabetes,8,10,32,0,0,1,5.779307842254639,2.078293534295441,0,False
diabetes,8,10,33,0,0,1,18.366191864013672,1.7859394239621094,0,False
diabetes,8,10,34,0,0,1,61.899810791015625,2.571539676063547,0,False
diabetes,8,10,35,1,1,0,34.315162658691406,2.4253585876733683,0,True
diabetes,8,10,36,1,1,0,24.250213623046875,3.0554818935297505,1,False
diabetes,8,10,37,0,0,1,10.01361083984375,1.5966200363719787,0,False
diabetes,8,10,39,1,1,0,52.60822677612305,3.537776294193917,0,True
diabetes,8,10,41,0,0,1,64.93212127685547,2.929806432323427,1,True
diabetes,8,10,42,1,1,0,20.46651840209961,2.685514059972867,1,False
diabetes,8,10,43,0,0,1,67.85785675048828,3.029173269351132,0,False
diabetes,8,10,44,0,0,1,16.14371681213379,1.840528072738841,1,True
diabetes,8,10,45,0,0,1,26.602251052856445,2.129597107188366,0,False
diabetes,8,10,46,0,0,1,12.441296577453612,2.335046241768328,1,True
diabetes,8,10,47,1,1,0,31.148265838623047,1.9388742256835605,1,False
diabetes,8,10,48,1,1,0,11.34652042388916,2.2647844750315724,0,True
diabetes,8,10,50,1,1,0,30.26298713684082,2.303151844351211,0,True
diabetes,8,10,51,0,0,1,20.60025978088379,2.1291645094300917,1,True
diabetes,8,10,53,0,0,1,15.259601593017578,2.280799791766239,1,True
diabetes,8,10,56,1,1,0,18.134687423706055,2.565072193312909,1,False
diabetes,8,10,57,0,0,1,37.13951110839844,2.570532942823002,0,False
diabetes,8,10,58,0,0,1,14.657512664794922,1.622213018519628,1,True
diabetes,8,10,59,1,1,0,31.808408737182617,2.598608108889312,1,False
diabetes,8,10,60,0,0,1,64.9870376586914,2.352222508023917,0,False
diabetes,8,10,65,0,0,1,60.48986053466797,1.7364226513957275,0,False
diabetes,8,10,66,1,1,0,22.05238151550293,3.0152135793890458,0,True
diabetes,8,10,67,1,1,0,6.111327648162842,1.0537166809791254,0,True
diabetes,8,10,69,0,0,1,1.7283869981765747,2.2720137115065935,0,False
diabetes,8,10,70,1,1,0,15.83619785308838,2.07734852814969,0,True
diabetes,8,10,73,0,0,1,22.704256057739254,2.357130423080765,1,True
diabetes,8,10,74,0,0,1,10.36253547668457,1.4817820911607829,0,False
diabetes,8,10,75,1,1,0,23.193296432495117,2.491771459637411,0,True
diabetes,8,10,76,0,0,1,31.436811447143555,3.221575476937596,0,False
diabetes,8,10,77,1,1,0,21.394689559936523,2.784075921022396,0,True
diabetes,8,10,78,1,1,0,16.16880989074707,2.3096390312837647,0,True
diabetes,8,10,79,0,0,1,0.5478583574295044,1.5548178939744413,0,False
diabetes,8,10,80,1,1,0,21.301862716674805,1.4246506656743876,1,False
diabetes,8,10,85,1,1,0,13.805534362792969,1.9552422142244656,1,False
diabetes,8,10,86,0,0,1,47.98014450073242,2.300801625480076,0,False
diabetes,8,10,87,1,1,0,13.907769203186035,1.8305269697161732,0,True
diabetes,9,2,0,0,0,1,5.5897746086120605,1.4937829171940342,1,True
diabetes,9,2,1,0,0,1,36.07002258300781,2.558965639466613,0,False
diabetes,9,2,4,0,0,1,18.840356826782227,3.1258688733402753,1,True
diabetes,9,2,5,0,0,1,10.017279624938965,2.434575149635171,1,True
diabetes,9,2,7,1,1,0,1.9230928421020508,2.804042541738273,0,True
diabetes,9,2,8,1,1,0,21.659421920776367,2.6792223174012313,0,True
diabetes,9,2,9,1,1,0,17.542577743530273,4.414531470164711,0,True
diabetes,9,2,11,1,1,0,22.11136817932129,3.487796360362509,0,True
diabetes,9,2,12,1,1,0,23.473957061767575,2.5319694111735354,0,True
diabetes,9,2,13,0,0,1,9.26328182220459,1.948703760899445,0,False
diabetes,9,2,15,1,1,0,22.742948532104492,2.731223563080785,0,True
diabetes,9,2,16,0,0,1,0.1093448996543884,1.8157362007231697,0,False
diabetes,9,2,17,0,0,1,31.452301025390625,1.9768620082465416,0,False
diabetes,9,2,18,1,1,0,24.003793716430664,3.2966968832533494,1,False
diabetes,9,2,19,0,0,1,24.85680770874023,1.6146593273566976,1,True
diabetes,9,2,20,0,0,1,13.906978607177734,1.4188254829338456,0,False
diabetes,9,2,21,1,1,0,49.47346878051758,3.834302687251824,0,True
diabetes,9,2,23,0,0,1,8.607513427734375,1.8487875903503392,0,False
diabetes,9,2,24,0,0,1,1.4898338317871094,2.280935431399118,1,True
diabetes,9,2,25,0,0,1,41.110347747802734,2.8672095089416176,1,True
diabetes,9,2,26,1,1,0,16.701831817626953,2.754960089765264,1,False
diabetes,9,2,27,1,1,0,4.993542194366455,3.087870628025459,0,True
diabetes,9,2,28,0,0,1,17.016124725341797,2.42745359447547,0,False
diabetes,9,2,29,1,1,0,6.979923248291016,1.8407215205320335,1,False
diabetes,9,2,30,1,1,0,2.624743938446045,2.7116669641718194,1,False
diabetes,9,2,31,0,0,1,0.6097071766853333,1.507571418809272,0,False
diabetes,9,2,33,0,0,1,19.670148849487305,2.4301363629653108,0,False
diabetes,9,2,34,1,1,0,10.748513221740724,1.5578228000033318,1,False
diabetes,9,2,37,0,0,1,8.560297012329102,2.8298710190051986,0,False
diabetes,9,2,38,0,0,1,26.79729652404785,2.7281960507083416,0,False
diabetes,9,2,39,0,0,1,24.59630012512207,3.5041877013814866,0,False
diabetes,9,2,40,1,1,0,21.7777156829834,3.1070672592713295,0,True
diabetes,9,2,41,1,1,0,6.672778129577637,5.491228573426963,0,True
diabetes,9,2,43,1,1,0,25.136762619018555,3.4233581331360563,0,True
diabetes,9,2,45,0,0,1,12.850939750671388,2.2437998667125316,1,True
diabetes,9,2,46,0,0,1,41.859031677246094,2.259166579993736,1,True
diabetes,9,2,47,1,1,0,0.1269168257713318,2.6107143778774433,1,False
diabetes,9,2,48,1,1,0,3.6795384883880615,2.0166011462044566,0,True
diabetes,9,2,51,1,1,0,6.863800525665283,2.286299831282218,1,False
diabetes,9,2,52,1,1,0,36.45336151123047,3.2216535038801686,1,False
diabetes,9,2,53,0,0,1,20.035280227661133,2.5375098296541623,0,False
diabetes,9,2,54,1,1,0,4.935232639312744,2.433801399767366,0,True
diabetes,9,2,56,0,0,1,34.1099967956543,3.2656561776373776,0,False
diabetes,9,2,57,1,1,0,6.078912258148193,2.248949108252895,0,True
diabetes,9,2,58,1,1,0,41.97954177856445,3.5543526572934514,0,True
diabetes,9,2,60,1,1,0,1.4899439811706543,3.087031358670936,0,True
diabetes,9,2,61,1,1,0,10.44572925567627,2.508863562726305,1,False
diabetes,9,2,62,0,0,1,35.41395950317383,3.4410074501057686,0,False
diabetes,9,2,63,0,0,1,30.2847843170166,2.1188422443506805,0,False
diabetes,9,2,64,1,1,0,3.7353837490081783,1.6956068687086117,0,True
diabetes,9,2,66,0,0,1,4.029880523681641,2.6728029609212345,0,False
diabetes,9,2,67,1,1,0,14.238895416259766,2.0577645410766032,0,True
diabetes,9,2,69,0,0,1,37.20514297485352,2.851527919102808,0,False
diabetes,9,2,70,0,0,1,10.860581398010254,1.8886307842264156,0,False
diabetes,9,2,71,0,0,1,0.4860003590583801,2.037549459865039,1,True
diabetes,9,2,72,1,1,0,1.978285551071167,2.2093213565928544,0,True
diabetes,9,2,73,0,0,1,20.426372528076172,2.1667504154761517,0,False
diabetes,9,2,74,1,1,0,28.554031372070312,3.056264981467008,0,True
diabetes,9,2,75,0,0,1,19.130308151245117,3.154289307768266,0,False
diabetes,9,2,76,1,1,0,9.32033348083496,1.719715060310775,1,False
diabetes,9,2,77,1,1,0,19.551645278930664,5.088477126272937,1,False
diabetes,9,2,78,1,1,0,2.5699477195739746,3.629308996771664,0,True
diabetes,9,2,79,0,0,1,17.207910537719727,2.1334850388872897,0,False
diabetes,9,2,81,0,0,1,16.111339569091797,2.264897563764374,0,False
diabetes,9,2,82,0,0,1,21.402692794799805,2.904840762407877,1,True
diabetes,9,2,83,1,1,0,2.616432428359986,2.2167723671608153,0,True
diabetes,9,2,84,1,1,0,10.19949722290039,1.9216676396522023,1,False
diabetes,9,2,85,0,0,1,3.960946321487427,1.9575514436510757,1,True
diabetes,9,2,86,1,1,0,17.819665908813477,2.870926116093715,1,False
diabetes,9,2,87,0,0,1,4.134218692779541,2.5595080855692003,0,False
diabetes,9,3,0,0,0,1,5.5897746086120605,2.15729266696486,1,True
diabetes,9,3,1,0,0,1,36.07002258300781,2.917861468735264,0,False
diabetes,9,3,3,0,0,1,2.4358513355255127,1.8641325434163385,0,False
diabetes,9,3,4,0,0,1,18.840356826782227,3.1258688733402753,1,True
diabetes,9,3,5,0,0,1,10.017279624938965,2.434575149635171,1,True
diabetes,9,3,7,1,1,0,1.9230928421020508,1.5851852141553473,1,False
diabetes,9,3,8,1,1,0,21.659421920776367,2.357272501113969,1,False
diabetes,9,3,9,1,1,0,17.542577743530273,4.414531470164711,0,True
diabetes,9,3,11,1,1,0,22.11136817932129,3.1777062586094615,1,False
diabetes,9,3,12,1,1,0,23.473957061767575,2.5319694111735354,0,True
diabetes,9,3,13,0,0,1,9.26328182220459,1.948703760899445,0,False
diabetes,9,3,16,0,0,1,0.1093448996543884,1.904999429110047,1,True
diabetes,9,3,17,0,0,1,31.452301025390625,1.9768620082465416,0,False
diabetes,9,3,18,1,1,0,24.003793716430664,3.2966968832533494,1,False
diabetes,9,3,19,0,0,1,24.85680770874023,1.6146593273566976,1,True
diabetes,9,3,20,0,0,1,13.906978607177734,1.4188254829338456,0,False
diabetes,9,3,21,1,1,0,49.47346878051758,3.834302687251824,0,True
diabetes,9,3,23,0,0,1,8.607513427734375,1.8487875903503392,0,False
diabetes,9,3,25,0,0,1,41.110347747802734,2.8672095089416176,1,True
diabetes,9,3,26,1,1,0,16.701831817626953,2.754960089765264,1,False
diabetes,9,3,27,1,1,0,4.993542194366455,3.087870628025459,0,True
diabetes,9,3,28,0,0,1,17.016124725341797,2.42745359447547,0,False
diabetes,9,3,29,1,1,0,6.979923248291016,1.8407215205320335,1,False
diabetes,9,3,30,1,1,0,2.624743938446045,2.5763178645479305,1,False
diabetes,9,3,31,0,0,1,0.6097071766853333,1.507571418809272,0,False
diabetes,9,3,33,0,0,1,19.670148849487305,2.4301363629653108,0,False
diabetes,9,3,34,1,1,0,10.748513221740724,1.5578228000033318,1,False
diabetes,9,3,36,1,1,0,13.623238563537598,2.6333859272985003,1,False
diabetes,9,3,37,0,0,1,8.560297012329102,2.8298710190051986,0,False
diabetes,9,3,38,0,0,1,26.79729652404785,2.7281960507083416,0,False
diabetes,9,3,39,0,0,1,24.59630012512207,3.5041877013814866,0,False
diabetes,9,3,40,1,1,0,21.7777156829834,3.073704703275878,1,False
diabetes,9,3,41,1,1,0,6.672778129577637,5.491228573426963,0,True
diabetes,9,3,43,1,1,0,25.136762619018555,3.195866915115417,1,False
diabetes,9,3,45,0,0,1,12.850939750671388,2.2437998667125316,1,True
diabetes,9,3,46,0,0,1,41.859031677246094,2.464811193663664,0,False
diabetes,9,3,47,1,1,0,0.1269168257713318,2.1005699879634725,1,False
diabetes,9,3,48,1,1,0,3.6795384883880615,2.0166011462044566,0,True
diabetes,9,3,50,0,0,1,3.9819095134735103,1.8502841860362569,0,False
diabetes,9,3,51,1,1,0,6.863800525665283,1.9896332391455385,1,False
diabetes,9,3,52,1,1,0,36.45336151123047,3.1754634286322245,1,False
diabetes,9,3,53,0,0,1,20.035280227661133,2.5375098296541623,0,False
diabetes,9,3,54,1,1,0,4.935232639312744,2.0733358788532956,1,False
diabetes,9,3,55,0,0,1,1.151082992553711,2.5137999140110465,0,False
diabetes,9,3,56,0,0,1,34.1099967956543,3.2656561776373776,0,False
diabetes,9,3,57,1,1,0,6.078912258148193,2.248949108252895,0,True
diabetes,9,3,58,1,1,0,41.97954177856445,3.5543526572934514,0,True
diabetes,9,3,62,0,0,1,35.41395950317383,3.4410074501057686,0,False
diabetes,9,3,63,0,0,1,30.2847843170166,2.1188422443506805,0,False
diabetes,9,3,64,1,1,0,3.7353837490081783,0.6805917788507767,1,False
diabetes,9,3,65,0,0,1,2.615977048873902,1.837937079255115,0,False
diabetes,9,3,66,0,0,1,4.029880523681641,2.6728029609212345,0,False
diabetes,9,3,67,1,1,0,14.238895416259766,2.0577645410766032,0,True
diabetes,9,3,69,0,0,1,37.20514297485352,2.851527919102808,0,False
diabetes,9,3,70,0,0,1,10.860581398010254,1.8886307842264156,0,False
diabetes,9,3,71,0,0,1,0.4860003590583801,2.037549459865039,1,True
diabetes,9,3,73,0,0,1,20.426372528076172,2.7222615926939984,1,True
diabetes,9,3,74,1,1,0,28.554031372070312,3.056264981467008,0,True
diabetes,9,3,75,0,0,1,19.130308151245117,3.154289307768266,0,False
diabetes,9,3,76,1,1,0,9.32033348083496,1.719715060310775,1,False
diabetes,9,3,77,1,1,0,19.551645278930664,4.810047696428935,1,False
diabetes,9,3,78,1,1,0,2.5699477195739746,3.27158171666644,0,True
diabetes,9,3,79,0,0,1,17.207910537719727,2.1334850388872897,0,False
diabetes,9,3,81,0,0,1,16.111339569091797,2.264897563764374,0,False
diabetes,9,3,82,0,0,1,21.402692794799805,2.9271770688687995,0,False
diabetes,9,3,83,1,1,0,2.616432428359986,1.6401403232307483,0,True
diabetes,9,3,84,1,1,0,10.19949722290039,1.9216676396522023,1,False
diabetes,9,3,86,1,1,0,17.819665908813477,2.4497846401413206,1,False
diabetes,9,3,87,0,0,1,4.134218692779541,2.5595080855692003,0,False
diabetes,9,5,0,0,0,1,5.5897746086120605,2.15729266696486,1,True
diabetes,9,5,1,0,0,1,36.07002258300781,2.917861468735264,0,False
diabetes,9,5,3,0,0,1,2.4358513355255127,1.8641325434163385,0,False
diabetes,9,5,4,0,0,1,18.840356826782227,3.1258688733402753,1,True
diabetes,9,5,5,0,0,1,10.017279624938965,2.434575149635171,1,True
diabetes,9,5,8,1,1,0,21.659421920776367,2.357272501113969,1,False
diabetes,9,5,9,1,1,0,17.542577743530273,4.414531470164711,0,True
diabetes,9,5,11,1,1,0,22.11136817932129,3.1777062586094615,1,False
diabetes,9,5,12,1,1,0,23.473957061767575,2.5319694111735354,0,True
diabetes,9,5,13,0,0,1,9.26328182220459,1.948703760899445,0,False
diabetes,9,5,16,0,0,1,0.1093448996543884,1.904999429110047,1,True
diabetes,9,5,17,0,0,1,31.452301025390625,1.9768620082465416,0,False
diabetes,9,5,18,1,1,0,24.003793716430664,3.2966968832533494,1,False
diabetes,9,5,19,0,0,1,24.85680770874023,1.6146593273566976,1,True
diabetes,9,5,20,0,0,1,13.906978607177734,1.4188254829338456,0,False
diabetes,9,5,21,1,1,0,49.47346878051758,3.834302687251824,0,True
diabetes,9,5,23,0,0,1,8.607513427734375,1.8487875903503392,0,False
diabetes,9,5,25,0,0,1,41.110347747802734,2.8672095089416176,1,True
diabetes,9,5,26,1,1,0,16.701831817626953,2.754960089765264,1,False
diabetes,9,5,27,1,1,0,4.993542194366455,2.605312200479778,1,False
diabetes,9,5,28,0,0,1,17.016124725341797,2.42745359447547,0,False
diabetes,9,5,29,1,1,0,6.979923248291016,1.8407215205320335,1,False
diabetes,9,5,30,1,1,0,2.624743938446045,2.5763178645479305,1,False
diabetes,9,5,31,0,0,1,0.6097071766853333,1.507571418809272,0,False
diabetes,9,5,33,0,0,1,19.670148849487305,2.4301363629653108,0,False
diabetes,9,5,36,1,1,0,13.623238563537598,2.6333859272985003,1,False
diabetes,9,5,37,0,0,1,8.560297012329102,2.8298710190051986,0,False
diabetes,9,5,38,0,0,1,26.79729652404785,2.7281960507083416,0,False
diabetes,9,5,39,0,0,1,24.59630012512207,3.5041877013814866,0,False
diabetes,9,5,40,1,1,0,21.7777156829834,3.073704703275878,1,False
diabetes,9,5,41,1,1,0,6.672778129577637,5.816744045898188,1,False
diabetes,9,5,43,1,1,0,25.136762619018555,3.195866915115417,1,False
diabetes,9,5,45,0,0,1,12.850939750671388,2.2437998667125316,1,True
diabetes,9,5,46,0,0,1,41.859031677246094,2.464811193663664,0,False
diabetes,9,5,47,1,1,0,0.1269168257713318,2.1005699879634725,1,False
diabetes,9,5,48,1,1,0,3.6795384883880615,2.0166011462044566,0,True
diabetes,9,5,50,0,0,1,3.9819095134735103,1.8502841860362569,0,False
diabetes,9,5,51,1,1,0,6.863800525665283,1.9896332391455385,1,False
diabetes,9,5,53,0,0,1,20.035280227661133,2.53489157894692,0,False
diabetes,9,5,54,1,1,0,4.935232639312744,2.0733358788532956,1,False
diabetes,9,5,55,0,0,1,1.151082992553711,2.5137999140110465,0,False
diabetes,9,5,56,0,0,1,34.1099967956543,3.2656561776373776,0,False
diabetes,9,5,57,1,1,0,6.078912258148193,2.248949108252895,0,True
diabetes,9,5,58,1,1,0,41.97954177856445,3.5543526572934514,0,True
diabetes,9,5,62,0,0,1,35.41395950317383,3.4410074501057686,0,False
diabetes,9,5,63,0,0,1,30.2847843170166,2.1188422443506805,0,False
diabetes,9,5,64,1,1,0,3.7353837490081783,0.6805917788507767,1,False
diabetes,9,5,65,0,0,1,2.615977048873902,1.837937079255115,0,False
diabetes,9,5,66,0,0,1,4.029880523681641,2.6728029609212345,0,False
diabetes,9,5,67,1,1,0,14.238895416259766,2.011248555811465,1,False
diabetes,9,5,69,0,0,1,37.20514297485352,2.851527919102808,0,False
diabetes,9,5,70,0,0,1,10.860581398010254,1.8886307842264156,0,False
diabetes,9,5,71,0,0,1,0.4860003590583801,2.037549459865039,1,True
diabetes,9,5,73,0,0,1,20.426372528076172,2.7222615926939984,1,True
diabetes,9,5,74,1,1,0,28.554031372070312,3.056264981467008,0,True
diabetes,9,5,75,0,0,1,19.130308151245117,3.154289307768266,0,False
diabetes,9,5,76,1,1,0,9.32033348083496,1.719715060310775,1,False
diabetes,9,5,77,1,1,0,19.551645278930664,4.808591976144462,1,False
diabetes,9,5,78,1,1,0,2.5699477195739746,3.27158171666644,0,True
diabetes,9,5,79,0,0,1,17.207910537719727,2.1334850388872897,0,False
diabetes,9,5,81,0,0,1,16.111339569091797,2.264897563764374,0,False
diabetes,9,5,82,0,0,1,21.402692794799805,2.9271770688687995,0,False
diabetes,9,5,83,1,1,0,2.616432428359986,1.6401403232307483,0,True
diabetes,9,5,84,1,1,0,10.19949722290039,1.9216676396522023,1,False
diabetes,9,5,86,1,1,0,17.819665908813477,2.4497846401413206,1,False
diabetes,9,5,87,0,0,1,4.134218692779541,2.5595080855692003,0,False
diabetes,9,7,0,0,0,1,5.5897746086120605,2.15729266696486,1,True
diabetes,9,7,1,0,0,1,36.07002258300781,2.917861468735264,0,False
diabetes,9,7,4,0,0,1,18.840356826782227,3.1258688733402753,1,True
diabetes,9,7,5,0,0,1,10.017279624938965,2.434575149635171,1,True
diabetes,9,7,8,1,1,0,21.659421920776367,2.357272501113969,1,False
diabetes,9,7,9,1,1,0,17.542577743530273,3.9494039435860286,0,True
diabetes,9,7,10,1,1,0,4.641358375549316,1.841870697781261,1,False
diabetes,9,7,11,1,1,0,22.11136817932129,3.1777062586094615,1,False
diabetes,9,7,13,0,0,1,9.26328182220459,1.948703760899445,0,False
diabetes,9,7,17,0,0,1,31.452301025390625,2.38481202419885,0,False
diabetes,9,7,18,1,1,0,24.003793716430664,3.1104053319691563,0,True
diabetes,9,7,19,0,0,1,24.85680770874023,1.6146593273566976,1,True
diabetes,9,7,20,0,0,1,13.906978607177734,2.052200748130206,0,False
diabetes,9,7,21,1,1,0,49.47346878051758,3.834302687251824,0,True
diabetes,9,7,23,0,0,1,8.607513427734375,1.8487875903503392,0,False
diabetes,9,7,25,0,0,1,41.110347747802734,2.8672095089416176,1,True
diabetes,9,7,26,1,1,0,16.701831817626953,2.754960089765264,1,False
diabetes,9,7,27,1,1,0,4.993542194366455,3.087870628025459,0,True
diabetes,9,7,28,0,0,1,17.016124725341797,2.623837184743285,0,False
diabetes,9,7,29,1,1,0,6.979923248291016,1.8407215205320335,1,False
diabetes,9,7,30,1,1,0,2.624743938446045,1.690080359889475,1,False
diabetes,9,7,31,0,0,1,0.6097071766853333,1.507571418809272,0,False
diabetes,9,7,33,0,0,1,19.670148849487305,2.4301363629653108,0,False
diabetes,9,7,36,1,1,0,13.623238563537598,2.6333859272985003,1,False
diabetes,9,7,37,0,0,1,8.560297012329102,2.8298710190051986,0,False
diabetes,9,7,38,0,0,1,26.79729652404785,2.9043098292994136,0,False
diabetes,9,7,40,1,1,0,21.7777156829834,2.6485862308849444,0,True
diabetes,9,7,41,1,1,0,6.672778129577637,4.545439984093185,1,False
diabetes,9,7,43,1,1,0,25.136762619018555,2.8201876978921177,1,False
diabetes,9,7,44,0,0,1,11.839598655700684,2.0680558908450566,1,True
diabetes,9,7,45,0,0,1,12.850939750671388,2.2437998667125316,1,True
diabetes,9,7,46,0,0,1,41.859031677246094,2.259166579993736,1,True
diabetes,9,7,47,1,1,0,0.1269168257713318,2.1005699879634725,1,False
diabetes,9,7,48,1,1,0,3.6795384883880615,1.8394865845699,0,True
diabetes,9,7,50,0,0,1,3.9819095134735103,1.8502841860362569,0,False
diabetes,9,7,51,1,1,0,6.863800525665283,1.9896332391455385,1,False
diabetes,9,7,53,0,0,1,20.035280227661133,2.6345180412641502,0,False
diabetes,9,7,54,1,1,0,4.935232639312744,2.0733358788532956,1,False
diabetes,9,7,55,0,0,1,1.151082992553711,2.5137999140110465,0,False
diabetes,9,7,56,0,0,1,34.1099967956543,2.9400530643138545,1,True
diabetes,9,7,57,1,1,0,6.078912258148193,2.248949108252895,0,True
diabetes,9,7,58,1,1,0,41.97954177856445,3.5543526572934514,0,True
diabetes,9,7,62,0,0,1,35.41395950317383,3.5145453809741345,0,False
diabetes,9,7,63,0,0,1,30.2847843170166,2.1188422443506805,0,False
diabetes,9,7,64,1,1,0,3.7353837490081783,0.6805917788507767,1,False
diabetes,9,7,65,0,0,1,2.615977048873902,1.837937079255115,0,False
diabetes,9,7,66,0,0,1,4.029880523681641,2.6728029609212345,0,False
diabetes,9,7,67,1,1,0,14.238895416259766,2.0577645410766032,0,True
diabetes,9,7,69,0,0,1,37.20514297485352,3.5503054447441524,1,True
diabetes,9,7,70,0,0,1,10.860581398010254,1.8886307842264156,0,False
diabetes,9,7,71,0,0,1,0.4860003590583801,2.037549459865039,1,True
diabetes,9,7,73,0,0,1,20.426372528076172,2.7222615926939984,1,True
diabetes,9,7,74,1,1,0,28.554031372070312,3.056264981467008,0,True
diabetes,9,7,75,0,0,1,19.130308151245117,2.6927807943987165,1,True
diabetes,9,7,76,1,1,0,9.32033348083496,1.719715060310775,1,False
diabetes,9,7,77,1,1,0,19.551645278930664,2.2841275368598666,1,False
diabetes,9,7,78,1,1,0,2.5699477195739746,2.4216289612104163,1,False
diabetes,9,7,79,0,0,1,17.207910537719727,2.3612240929537687,0,False
diabetes,9,7,81,0,0,1,16.111339569091797,2.264897563764374,0,False
diabetes,9,7,82,0,0,1,21.402692794799805,2.904840762407877,1,True
diabetes,9,7,83,1,1,0,2.616432428359986,2.0879260065191296,1,False
diabetes,9,7,84,1,1,0,10.19949722290039,1.9216676396522023,1,False
diabetes,9,7,86,1,1,0,17.819665908813477,1.8505832795739483,1,False
diabetes,9,10,0,0,0,1,5.5897746086120605,2.15729266696486,1,True
diabetes,9,10,1,0,0,1,36.07002258300781,2.2509106608585823,0,False
diabetes,9,10,3,0,0,1,2.4358513355255127,2.2282620346685484,0,False
diabetes,9,10,4,0,0,1,18.840356826782227,2.6833945185719004,0,False
diabetes,9,10,5,0,0,1,10.017279624938965,2.434575149635171,1,True
diabetes,9,10,8,1,1,0,21.659421920776367,2.357272501113969,1,False
diabetes,9,10,9,1,1,0,17.542577743530273,4.414531470164711,0,True
diabetes,9,10,10,1,1,0,4.641358375549316,1.841870697781261,1,False
diabetes,9,10,11,1,1,0,22.11136817932129,3.1777062586094615,1,False
diabetes,9,10,12,1,1,0,23.473957061767575,2.5319694111735354,0,True
diabetes,9,10,13,0,0,1,9.26328182220459,1.948703760899445,0,False
diabetes,9,10,17,0,0,1,31.452301025390625,2.38481202419885,0,False
diabetes,9,10,18,1,1,0,24.003793716430664,3.471457350454221,1,False
diabetes,9,10,19,0,0,1,24.85680770874023,1.351932237519306,1,True
diabetes,9,10,20,0,0,1,13.906978607177734,1.6926965760652115,0,False
diabetes,9,10,21,1,1,0,49.47346878051758,3.834302687251824,0,True
diabetes,9,10,23,0,0,1,8.607513427734375,1.8487875903503392,0,False
diabetes,9,10,24,0,0,1,1.4898338317871094,2.280935431399118,1,True
diabetes,9,10,25,0,0,1,41.110347747802734,2.5871842229546114,0,False
diabetes,9,10,26,1,1,0,16.701831817626953,3.0610571184684443,0,True
diabetes,9,10,27,1,1,0,4.993542194366455,3.087870628025459,0,True
diabetes,9,10,28,0,0,1,17.016124725341797,2.5333167763903504,0,False
diabetes,9,10,29,1,1,0,6.979923248291016,2.4068763256405816,0,True
diabetes,9,10,30,1,1,0,2.624743938446045,2.5763178645479305,1,False
diabetes,9,10,31,0,0,1,0.6097071766853333,1.507571418809272,0,False
diabetes,9,10,35,1,1,0,0.0328299440443515,1.236617288252802,0,True
diabetes,9,10,36,1,1,0,13.623238563537598,3.358146286260426,0,True
diabetes,9,10,37,0,0,1,8.560297012329102,1.1736443089172368,0,False
diabetes,9,10,38,0,0,1,26.79729652404785,2.9043098292994136,0,False
diabetes,9,10,40,1,1,0,21.7777156829834,2.7963914522938818,0,True
diabetes,9,10,43,1,1,0,25.136762619018555,3.195866915115417,1,False
diabetes,9,10,45,0,0,1,12.850939750671388,1.3145233126759943,0,False
diabetes,9,10,46,0,0,1,41.859031677246094,2.802889512799642,1,True
diabetes,9,10,47,1,1,0,0.1269168257713318,2.1005699879634725,1,False
diabetes,9,10,48,1,1,0,3.6795384883880615,2.0166011462044566,0,True
diabetes,9,10,50,0,0,1,3.9819095134735103,1.8502841860362569,0,False
diabetes,9,10,51,1,1,0,6.863800525665283,1.9896332391455385,1,False
diabetes,9,10,52,1,1,0,36.45336151123047,3.1754634286322245,1,False
diabetes,9,10,53,0,0,1,20.035280227661133,2.53489157894692,0,False
diabetes,9,10,54,1,1,0,4.935232639312744,2.0733358788532956,1,False
diabetes,9,10,55,0,0,1,1.151082992553711,2.5137999140110465,0,False
diabetes,9,10,56,0,0,1,34.1099967956543,2.1050508679231013,0,False
diabetes,9,10,57,1,1,0,6.078912258148193,2.248949108252895,0,True
diabetes,9,10,58,1,1,0,41.97954177856445,3.5543526572934514,0,True
diabetes,9,10,62,0,0,1,35.41395950317383,3.133024129604039,0,False
diabetes,9,10,63,0,0,1,30.2847843170166,2.1188422443506805,0,False
diabetes,9,10,64,1,1,0,3.7353837490081783,0.6805917788507767,1,False
diabetes,9,10,65,0,0,1,2.615977048873902,1.837937079255115,0,False
diabetes,9,10,67,1,1,0,14.238895416259766,2.6016190668266854,0,True
diabetes,9,10,69,0,0,1,37.20514297485352,2.84916816263595,0,False
diabetes,9,10,70,0,0,1,10.860581398010254,1.8661785232085748,0,False
diabetes,9,10,71,0,0,1,0.4860003590583801,1.5318495088223,0,False
diabetes,9,10,73,0,0,1,20.426372528076172,2.3084650490869354,0,False
diabetes,9,10,74,1,1,0,28.554031372070312,3.120683983666143,1,False
diabetes,9,10,75,0,0,1,19.130308151245117,1.777444423268513,0,False
diabetes,9,10,76,1,1,0,9.32033348083496,2.1278031749963024,1,False
diabetes,9,10,77,1,1,0,19.551645278930664,4.2401609692190645,0,True
diabetes,9,10,78,1,1,0,2.5699477195739746,3.27158171666644,0,True
diabetes,9,10,79,0,0,1,17.207910537719727,2.3612240929537687,0,False
diabetes,9,10,81,0,0,1,16.111339569091797,1.8586026217455576,1,True
diabetes,9,10,82,0,0,1,21.402692794799805,2.3130111660490886,1,True
diabetes,9,10,83,1,1,0,2.616432428359986,1.6401403232307483,0,True
diabetes,9,10,84,1,1,0,10.19949722290039,1.9216676396522023,1,False
diabetes,9,10,86,1,1,0,17.819665908813477,2.4497846401413206,1,False
wine,0,2,0,0,0,1,36.054161071777344,3.996347231474289,1,True
wine,0,2,1,1,1,0,21.098485946655273,2.778792069826852,1,False
wine,0,2,2,0,0,1,23.762338638305664,4.000610587856624,1,True
wine,0,2,3,0,0,1,37.1043586730957,5.600896858638715,1,True
wine,0,2,4,1,1,0,25.974626541137695,4.0331967541999605,1,False
wine,0,2,5,1,1,0,21.70383644104004,4.062141901879978,0,True
wine,0,2,6,0,0,1,21.640216827392575,5.246052679661401,1,True
wine,0,2,8,0,0,1,27.846511840820312,4.909214177109426,1,True
wine,0,2,9,0,0,1,23.171361923217773,3.2194703658633284,1,True
wine,0,2,10,0,0,1,27.862987518310547,5.542768438471027,1,True
wine,0,2,11,1,1,0,29.32741355895996,4.796801767076554,1,False
wine,0,2,12,1,1,0,6.934122562408447,5.318964816929052,0,True
wine,0,2,13,0,0,1,24.47038459777832,3.3434773093702588,1,True
wine,0,2,14,0,0,1,32.726478576660156,4.693776614342274,1,True
wine,0,2,15,1,1,0,19.009992599487305,3.770223482133813,0,True
wine,0,2,16,0,0,1,28.662771224975582,3.1855260725901213,1,True
wine,0,2,17,1,1,0,14.015579223632812,3.3307980084354862,1,False
wine,0,2,18,0,0,1,36.826751708984375,4.098298181151604,1,True
wine,0,2,19,0,0,1,26.16048812866211,3.268150155848089,1,True
wine,0,2,20,1,1,0,29.008398056030273,5.08955849527201,0,True
wine,0,2,21,0,0,1,14.387703895568848,3.4134828046953523,1,True
wine,0,2,22,0,0,1,11.524818420410156,3.1366135963849744,1,True
wine,0,2,23,0,0,1,27.10367774963379,4.749627819280942,1,True
wine,0,2,24,0,0,1,23.314266204833984,4.463282098334421,1,True
wine,0,2,25,0,0,1,26.340816497802734,3.3684890657357047,1,True
wine,0,2,26,1,1,0,25.996004104614254,4.377997859568045,0,True
wine,0,2,27,0,0,1,28.874982833862305,3.432404002476974,1,True
wine,0,2,28,0,0,1,35.27354431152344,3.642434309261399,1,True
wine,0,2,29,0,0,1,30.542577743530273,3.433086326080503,1,True
wine,0,2,30,0,0,1,32.84075927734375,4.776217253218139,1,True
wine,0,2,31,0,0,1,29.936832427978516,4.843918884056334,1,True
wine,0,2,32,1,1,0,14.107762336730955,3.1866345760905443,1,False
wine,0,2,33,1,1,0,16.847360610961914,3.880815484224854,1,False
wine,0,2,34,0,0,1,23.87067985534668,4.241287581535654,1,True
wine,0,2,35,1,1,0,16.517061233520508,3.422438534579674,1,False
wine,0,3,0,0,0,1,36.054161071777344,3.996347231474289,1,True
wine,0,3,1,1,1,0,21.098485946655273,2.778792069826852,1,False
wine,0,3,2,0,0,1,23.762338638305664,4.000610587856624,1,True
wine,0,3,3,0,0,1,37.1043586730957,5.600896858638715,1,True
wine,0,3,4,1,1,0,25.974626541137695,4.0331967541999605,1,False
wine,0,3,5,1,1,0,21.70383644104004,4.062141901879978,0,True
wine,0,3,6,0,0,1,21.640216827392575,5.246052679661401,1,True
wine,0,3,8,0,0,1,27.846511840820312,4.909214177109426,1,True
wine,0,3,9,0,0,1,23.171361923217773,3.2194703658633284,1,True
wine,0,3,10,0,0,1,27.862987518310547,5.542768438471027,1,True
wine,0,3,11,1,1,0,29.32741355895996,4.796801767076554,1,False
wine,0,3,12,1,1,0,6.934122562408447,5.318964816929052,0,True
wine,0,3,13,0,0,1,24.47038459777832,3.3434773093702588,1,True
wine,0,3,14,0,0,1,32.726478576660156,4.693776614342274,1,True
wine,0,3,15,1,1,0,19.009992599487305,3.770223482133813,0,True
wine,0,3,16,0,0,1,28.662771224975582,3.1855260725901213,1,True
wine,0,3,17,1,1,0,14.015579223632812,3.3307980084354862,1,False
wine,0,3,18,0,0,1,36.826751708984375,4.098298181151604,1,True
wine,0,3,19,0,0,1,26.16048812866211,3.268150155848089,1,True
wine,0,3,20,1,1,0,29.008398056030273,5.08955849527201,0,True
wine,0,3,21,0,0,1,14.387703895568848,3.4134828046953523,1,True
wine,0,3,22,0,0,1,11.524818420410156,3.1366135963849744,1,True
wine,0,3,23,0,0,1,27.10367774963379,4.749627819280942,1,True
wine,0,3,24,0,0,1,23.314266204833984,4.463282098334421,1,True
wine,0,3,25,0,0,1,26.340816497802734,3.3684890657357047,1,True
wine,0,3,26,1,1,0,25.996004104614254,4.377997859568045,0,True
wine,0,3,27,0,0,1,28.874982833862305,3.432404002476974,1,True
wine,0,3,28,0,0,1,35.27354431152344,3.642434309261399,1,True
wine,0,3,29,0,0,1,30.542577743530273,3.433086326080503,1,True
wine,0,3,30,0,0,1,32.84075927734375,4.776217253218139,1,True
wine,0,3,31,0,0,1,29.936832427978516,4.843918884056334,1,True
wine,0,3,32,1,1,0,14.107762336730955,3.1866345760905443,1,False
wine,0,3,33,1,1,0,16.847360610961914,3.880815484224854,1,False
wine,0,3,34,0,0,1,23.87067985534668,4.241287581535654,1,True
wine,0,3,35,1,1,0,16.517061233520508,3.422438534579674,1,False
wine,0,5,0,0,0,1,36.054161071777344,3.996347231474289,1,True
wine,0,5,1,1,1,0,21.098485946655273,2.778792069826852,1,False
wine,0,5,2,0,0,1,23.762338638305664,4.000610587856624,1,True
wine,0,5,3,0,0,1,37.1043586730957,5.600896858638715,1,True
wine,0,5,4,1,1,0,25.974626541137695,4.0331967541999605,1,False
wine,0,5,5,1,1,0,21.70383644104004,4.062141901879978,0,True
wine,0,5,6,0,0,1,21.640216827392575,5.246052679661401,1,True
wine,0,5,8,0,0,1,27.846511840820312,4.909214177109426,1,True
wine,0,5,9,0,0,1,23.171361923217773,3.2194703658633284,1,True
wine,0,5,10,0,0,1,27.862987518310547,5.542768438471027,1,True
wine,0,5,11,1,1,0,29.32741355895996,4.796801767076554,1,False
wine,0,5,12,1,1,0,6.934122562408447,5.318964816929052,0,True
wine,0,5,13,0,0,1,24.47038459777832,3.3434773093702588,1,True
wine,0,5,14,0,0,1,32.726478576660156,4.693776614342274,1,True
wine,0,5,15,1,1,0,19.009992599487305,3.770223482133813,0,True
wine,0,5,16,0,0,1,28.662771224975582,3.1855260725901213,1,True
wine,0,5,17,1,1,0,14.015579223632812,3.3307980084354862,1,False
wine,0,5,18,0,0,1,36.826751708984375,4.098298181151604,1,True
wine,0,5,19,0,0,1,26.16048812866211,3.268150155848089,1,True
wine,0,5,20,1,1,0,29.008398056030273,5.08955849527201,0,True
wine,0,5,21,0,0,1,14.387703895568848,3.4134828046953523,1,True
wine,0,5,22,0,0,1,11.524818420410156,3.1366135963849744,1,True
wine,0,5,23,0,0,1,27.10367774963379,4.749627819280942,1,True
wine,0,5,24,0,0,1,23.314266204833984,4.463282098334421,1,True
wine,0,5,25,0,0,1,26.340816497802734,3.3684890657357047,1,True
wine,0,5,26,1,1,0,25.996004104614254,4.377997859568045,0,True
wine,0,5,27,0,0,1,28.874982833862305,3.432404002476974,1,True
wine,0,5,28,0,0,1,35.27354431152344,3.642434309261399,1,True
wine,0,5,29,0,0,1,30.542577743530273,3.433086326080503,1,True
wine,0,5,30,0,0,1,32.84075927734375,4.776217253218139,1,True
wine,0,5,31,0,0,1,29.936832427978516,4.843918884056334,1,True
wine,0,5,32,1,1,0,14.107762336730955,3.1866345760905443,1,False
wine,0,5,33,1,1,0,16.847360610961914,3.880815484224854,1,False
wine,0,5,34,0,0,1,23.87067985534668,4.241287581535654,1,True
wine,0,5,35,1,1,0,16.517061233520508,3.422438534579674,1,False
wine,0,7,0,0,0,1,36.054161071777344,3.996347231474289,1,True
wine,0,7,1,1,1,0,21.098485946655273,2.778792069826852,1,False
wine,0,7,2,0,0,1,23.762338638305664,4.000610587856624,1,True
wine,0,7,3,0,0,1,37.1043586730957,5.600896858638715,1,True
wine,0,7,4,1,1,0,25.974626541137695,4.0331967541999605,1,False
wine,0,7,5,1,1,0,21.70383644104004,4.062141901879978,0,True
wine,0,7,6,0,0,1,21.640216827392575,5.246052679661401,1,True
wine,0,7,8,0,0,1,27.846511840820312,4.909214177109426,1,True
wine,0,7,9,0,0,1,23.171361923217773,3.2194703658633284,1,True
wine,0,7,10,0,0,1,27.862987518310547,5.542768438471027,1,True
wine,0,7,11,1,1,0,29.32741355895996,4.796801767076554,1,False
wine,0,7,12,1,1,0,6.934122562408447,5.318964816929052,0,True
wine,0,7,13,0,0,1,24.47038459777832,3.3434773093702588,1,True
wine,0,7,14,0,0,1,32.726478576660156,4.693776614342274,1,True
wine,0,7,15,1,1,0,19.009992599487305,3.770223482133813,0,True
wine,0,7,16,0,0,1,28.662771224975582,3.1855260725901213,1,True
wine,0,7,17,1,1,0,14.015579223632812,3.3307980084354862,1,False
wine,0,7,18,0,0,1,36.826751708984375,4.098298181151604,1,True
wine,0,7,19,0,0,1,26.16048812866211,3.268150155848089,1,True
wine,0,7,20,1,1,0,29.008398056030273,5.08955849527201,0,True
wine,0,7,21,0,0,1,14.387703895568848,3.4134828046953523,1,True
wine,0,7,22,0,0,1,11.524818420410156,3.1366135963849744,1,True
wine,0,7,23,0,0,1,27.10367774963379,4.749627819280942,1,True
wine,0,7,24,0,0,1,23.314266204833984,4.463282098334421,1,True
wine,0,7,25,0,0,1,26.340816497802734,3.3684890657357047,1,True
wine,0,7,26,1,1,0,25.996004104614254,4.377997859568045,0,True
wine,0,7,27,0,0,1,28.874982833862305,3.432404002476974,1,True
wine,0,7,28,0,0,1,35.27354431152344,3.642434309261399,1,True
wine,0,7,29,0,0,1,30.542577743530273,3.433086326080503,1,True
wine,0,7,30,0,0,1,32.84075927734375,4.776217253218139,1,True
wine,0,7,31,0,0,1,29.936832427978516,4.843918884056334,1,True
wine,0,7,32,1,1,0,14.107762336730955,3.1866345760905443,1,False
wine,0,7,33,1,1,0,16.847360610961914,3.880815484224854,1,False
wine,0,7,34,0,0,1,23.87067985534668,4.241287581535654,1,True
wine,0,7,35,1,1,0,16.517061233520508,3.422438534579674,1,False
wine,0,10,0,0,0,1,36.054161071777344,3.996347231474289,1,True
wine,0,10,1,1,1,0,21.098485946655273,2.778792069826852,1,False
wine,0,10,2,0,0,1,23.762338638305664,4.000610587856624,1,True
wine,0,10,3,0,0,1,37.1043586730957,5.600896858638715,1,True
wine,0,10,4,1,1,0,25.974626541137695,4.0331967541999605,1,False
wine,0,10,5,1,1,0,21.70383644104004,4.062141901879978,0,True
wine,0,10,6,0,0,1,21.640216827392575,5.246052679661401,1,True
wine,0,10,8,0,0,1,27.846511840820312,4.909214177109426,1,True
wine,0,10,9,0,0,1,23.171361923217773,3.2194703658633284,1,True
wine,0,10,10,0,0,1,27.862987518310547,5.542768438471027,1,True
wine,0,10,11,1,1,0,29.32741355895996,4.796801767076554,1,False
wine,0,10,12,1,1,0,6.934122562408447,5.318964816929052,0,True
wine,0,10,13,0,0,1,24.47038459777832,3.3434773093702588,1,True
wine,0,10,14,0,0,1,32.726478576660156,4.693776614342274,1,True
wine,0,10,15,1,1,0,19.009992599487305,3.770223482133813,0,True
wine,0,10,16,0,0,1,28.662771224975582,3.1855260725901213,1,True
wine,0,10,17,1,1,0,14.015579223632812,3.3307980084354862,1,False
wine,0,10,18,0,0,1,36.826751708984375,4.098298181151604,1,True
wine,0,10,19,0,0,1,26.16048812866211,3.268150155848089,1,True
wine,0,10,20,1,1,0,29.008398056030273,5.08955849527201,0,True
wine,0,10,21,0,0,1,14.387703895568848,3.4134828046953523,1,True
wine,0,10,22,0,0,1,11.524818420410156,3.1366135963849744,1,True
wine,0,10,23,0,0,1,27.10367774963379,4.749627819280942,1,True
wine,0,10,24,0,0,1,23.314266204833984,4.463282098334421,1,True
wine,0,10,25,0,0,1,26.340816497802734,3.3684890657357047,1,True
wine,0,10,26,1,1,0,25.996004104614254,4.377997859568045,0,True
wine,0,10,27,0,0,1,28.874982833862305,3.432404002476974,1,True
wine,0,10,28,0,0,1,35.27354431152344,3.642434309261399,1,True
wine,0,10,29,0,0,1,30.542577743530273,3.433086326080503,1,True
wine,0,10,30,0,0,1,32.84075927734375,4.776217253218139,1,True
wine,0,10,31,0,0,1,29.936832427978516,4.843918884056334,1,True
wine,0,10,32,1,1,0,14.107762336730955,3.1866345760905443,1,False
wine,0,10,33,1,1,0,16.847360610961914,3.880815484224854,1,False
wine,0,10,34,0,0,1,23.87067985534668,4.241287581535654,1,True
wine,0,10,35,1,1,0,16.517061233520508,3.422438534579674,1,False
wine,1,2,0,1,1,0,29.460464477539062,4.795398865691812,0,True
wine,1,2,1,1,1,0,23.52204132080078,2.8207807737584227,1,False
wine,1,2,2,1,1,0,21.332660675048828,3.0802543534135047,0,True
wine,1,2,3,1,1,0,23.35637092590332,2.9705838942716074,1,False
wine,1,2,4,0,0,1,9.000747680664062,3.2858600148094586,1,True
wine,1,2,5,0,0,1,8.789867401123047,2.9785265613355727,1,True
wine,1,2,6,0,0,1,24.10776710510254,3.42130742207564,1,True
wine,1,2,7,0,0,1,33.513526916503906,5.675311198832276,1,True
wine,1,2,8,0,0,1,4.362460613250732,2.817246384196745,1,True
wine,1,2,9,0,0,1,34.49336242675781,5.553508419999074,1,True
wine,1,2,10,0,0,1,26.241024017333984,5.194110215581037,1,True
wine,1,2,11,0,0,1,27.98896217346191,4.973293016020322,1,True
wine,1,2,12,0,0,1,43.38175201416016,4.8431536666513075,1,True
wine,1,2,13,0,0,1,25.972148895263672,4.18925271790754,1,True
wine,1,2,14,0,0,1,32.482845306396484,6.448838341328181,1,True
wine,1,2,15,1,1,0,19.36461639404297,3.172371118093706,1,False
wine,1,2,16,0,0,1,33.80710220336914,4.965665456173002,1,True
wine,1,2,17,1,1,0,18.40189743041992,2.4262176214701694,1,False
wine,1,2,18,1,1,0,24.407306671142575,3.54034644463051,1,False
wine,1,2,19,0,0,1,26.982154846191406,5.387469964229024,1,True
wine,1,2,20,0,0,1,19.716262817382812,3.2259420291639525,1,True
wine,1,2,21,1,1,0,13.751672744750977,2.5200022384245937,0,True
wine,1,2,22,1,1,0,20.480854034423828,2.939672043537468,1,False
wine,1,2,23,0,0,1,26.21234130859375,4.110194311771299,1,True
wine,1,2,24,1,1,0,14.281694412231444,1.9700017596529635,0,True
wine,1,2,25,0,0,1,34.365753173828125,5.193765235205178,1,True
wine,1,2,26,0,0,1,24.535690307617188,4.471232920041073,1,True
wine,1,2,27,0,0,1,18.33673858642578,3.0889998046235747,1,True
wine,1,2,28,0,0,1,19.499906539916992,5.012200898517588,1,True
wine,1,2,29,1,1,0,24.740005493164062,3.1031983029443024,0,True
wine,1,2,30,0,0,1,9.859855651855469,4.080930454406322,1,True
wine,1,2,31,1,1,0,19.66337776184082,3.042320186913138,1,False
wine,1,2,32,0,0,1,25.238250732421875,5.102621208505308,1,True
wine,1,2,33,0,0,1,38.23704528808594,3.6727318951728294,1,True
wine,1,2,34,0,0,1,27.174074172973633,3.4365631316758902,1,True
wine,1,2,35,0,0,1,8.472929954528809,3.154328320870138,1,True
wine,1,3,0,1,1,0,29.460464477539062,5.627200609828483,0,True
wine,1,3,1,1,1,0,23.52204132080078,4.699837215257805,0,True
wine,1,3,2,1,1,0,21.332660675048828,3.5606655135247895,0,True
wine,1,3,3,1,1,0,23.35637092590332,4.519748001056551,0,True
wine,1,3,4,0,0,1,9.000747680664062,2.914908756736612,1,True
wine,1,3,6,0,0,1,24.10776710510254,2.9177793083340227,0,False
wine,1,3,7,0,0,1,33.513526916503906,5.322087836854629,0,False
wine,1,3,8,0,0,1,4.362460613250732,2.817246384196745,1,True
wine,1,3,9,0,0,1,34.49336242675781,5.033473921992892,0,False
wine,1,3,10,0,0,1,26.241024017333984,4.781315733705052,0,False
wine,1,3,11,0,0,1,27.98896217346191,4.930777610253728,1,True
wine,1,3,12,0,0,1,43.38175201416016,4.124928586770975,1,True
wine,1,3,13,0,0,1,25.972148895263672,3.5898451353076606,0,False
wine,1,3,14,0,0,1,32.482845306396484,5.510706618283428,0,False
wine,1,3,15,1,1,0,19.36461639404297,4.261390271751071,0,True
wine,1,3,16,0,0,1,33.80710220336914,3.199310124408621,0,False
wine,1,3,17,1,1,0,18.40189743041992,4.5015611116194485,0,True
wine,1,3,18,1,1,0,24.407306671142575,4.560046845988252,0,True
wine,1,3,19,0,0,1,26.982154846191406,5.356694072480524,1,True
wine,1,3,20,0,0,1,19.716262817382812,2.695871399043165,0,False
wine,1,3,21,1,1,0,13.751672744750977,3.3439208362099286,0,True
wine,1,3,22,1,1,0,20.480854034423828,3.739563257378653,0,True
wine,1,3,23,0,0,1,26.21234130859375,2.776398290341477,0,False
wine,1,3,24,1,1,0,14.281694412231444,2.9559464833201137,0,True
wine,1,3,25,0,0,1,34.365753173828125,4.594607078742465,0,False
wine,1,3,26,0,0,1,24.535690307617188,3.670004350245231,0,False
wine,1,3,28,0,0,1,19.499906539916992,4.642150512937704,1,True
wine,1,3,29,1,1,0,24.740005493164062,4.576958372027162,0,True
wine,1,3,30,0,0,1,9.859855651855469,4.080930454406322,1,True
wine,1,3,31,1,1,0,19.66337776184082,4.572456150758675,0,True
wine,1,3,32,0,0,1,25.238250732421875,4.748408962580468,0,False
wine,1,3,33,0,0,1,38.23704528808594,2.8648062759440904,0,False
wine,1,3,34,0,0,1,27.174074172973633,1.8221583922100613,0,False
wine,1,3,35,0,0,1,8.472929954528809,3.030446244855704,0,False
wine,1,5,0,1,1,0,29.460464477539062,5.627200609828483,0,True
wine,1,5,1,1,1,0,23.52204132080078,4.699837215257805,0,True
wine,1,5,2,1,1,0,21.332660675048828,3.5606655135247895,0,True
wine,1,5,3,1,1,0,23.35637092590332,4.519748001056551,0,True
wine,1,5,4,0,0,1,9.000747680664062,2.914908756736612,1,True
wine,1,5,6,0,0,1,24.10776710510254,2.9177793083340227,0,False
wine,1,5,7,0,0,1,33.513526916503906,5.322087836854629,0,False
wine,1,5,8,0,0,1,4.362460613250732,2.817246384196745,1,True
wine,1,5,9,0,0,1,34.49336242675781,5.033473921992892,0,False
wine,1,5,10,0,0,1,26.241024017333984,4.781315733705052,0,False
wine,1,5,11,0,0,1,27.98896217346191,4.930777610253728,1,True
wine,1,5,12,0,0,1,43.38175201416016,4.124928586770975,1,True
wine,1,5,13,0,0,1,25.972148895263672,3.5898451353076606,0,False
wine,1,5,14,0,0,1,32.482845306396484,5.510706618283428,0,False
wine,1,5,15,1,1,0,19.36461639404297,4.261390271751071,0,True
wine,1,5,16,0,0,1,33.80710220336914,3.199310124408621,0,False
wine,1,5,17,1,1,0,18.40189743041992,4.5015611116194485,0,True
wine,1,5,18,1,1,0,24.407306671142575,4.560046845988252,0,True
wine,1,5,19,0,0,1,26.982154846191406,5.356694072480524,1,True
wine,1,5,20,0,0,1,19.716262817382812,2.695871399043165,0,False
wine,1,5,21,1,1,0,13.751672744750977,3.3439208362099286,0,True
wine,1,5,22,1,1,0,20.480854034423828,3.739563257378653,0,True
wine,1,5,23,0,0,1,26.21234130859375,2.776398290341477,0,False
wine,1,5,24,1,1,0,14.281694412231444,2.9559464833201137,0,True
wine,1,5,25,0,0,1,34.365753173828125,4.594607078742465,0,False
wine,1,5,26,0,0,1,24.535690307617188,3.670004350245231,0,False
wine,1,5,28,0,0,1,19.499906539916992,4.642150512937704,1,True
wine,1,5,29,1,1,0,24.740005493164062,4.576958372027162,0,True
wine,1,5,30,0,0,1,9.859855651855469,4.080930454406322,1,True
wine,1,5,31,1,1,0,19.66337776184082,4.572456150758675,0,True
wine,1,5,32,0,0,1,25.238250732421875,4.748408962580468,0,False
wine,1,5,33,0,0,1,38.23704528808594,2.8648062759440904,0,False
wine,1,5,34,0,0,1,27.174074172973633,1.8221583922100613,0,False
wine,1,5,35,0,0,1,8.472929954528809,3.030446244855704,0,False
wine,1,7,0,1,1,0,29.460464477539062,5.627200609828483,0,True
wine,1,7,1,1,1,0,23.52204132080078,4.699837215257805,0,True
wine,1,7,2,1,1,0,21.332660675048828,3.5606655135247895,0,True
wine,1,7,3,1,1,0,23.35637092590332,4.519748001056551,0,True
wine,1,7,4,0,0,1,9.000747680664062,2.914908756736612,1,True
wine,1,7,6,0,0,1,24.10776710510254,2.9177793083340227,0,False
wine,1,7,7,0,0,1,33.513526916503906,5.322087836854629,0,False
wine,1,7,8,0,0,1,4.362460613250732,2.817246384196745,1,True
wine,1,7,9,0,0,1,34.49336242675781,5.033473921992892,0,False
wine,1,7,10,0,0,1,26.241024017333984,4.781315733705052,0,False
wine,1,7,11,0,0,1,27.98896217346191,4.930777610253728,1,True
wine,1,7,12,0,0,1,43.38175201416016,4.124928586770975,1,True
wine,1,7,13,0,0,1,25.972148895263672,3.5898451353076606,0,False
wine,1,7,14,0,0,1,32.482845306396484,5.510706618283428,0,False
wine,1,7,15,1,1,0,19.36461639404297,4.261390271751071,0,True
wine,1,7,16,0,0,1,33.80710220336914,3.199310124408621,0,False
wine,1,7,17,1,1,0,18.40189743041992,4.5015611116194485,0,True
wine,1,7,18,1,1,0,24.407306671142575,4.560046845988252,0,True
wine,1,7,19,0,0,1,26.982154846191406,5.356694072480524,1,True
wine,1,7,20,0,0,1,19.716262817382812,2.695871399043165,0,False
wine,1,7,21,1,1,0,13.751672744750977,3.3439208362099286,0,True
wine,1,7,22,1,1,0,20.480854034423828,3.739563257378653,0,True
wine,1,7,23,0,0,1,26.21234130859375,2.776398290341477,0,False
wine,1,7,24,1,1,0,14.281694412231444,2.9559464833201137,0,True
wine,1,7,25,0,0,1,34.365753173828125,4.594607078742465,0,False
wine,1,7,26,0,0,1,24.535690307617188,3.670004350245231,0,False
wine,1,7,28,0,0,1,19.499906539916992,4.642150512937704,1,True
wine,1,7,29,1,1,0,24.740005493164062,4.576958372027162,0,True
wine,1,7,30,0,0,1,9.859855651855469,4.080930454406322,1,True
wine,1,7,31,1,1,0,19.66337776184082,4.572456150758675,0,True
wine,1,7,32,0,0,1,25.238250732421875,4.748408962580468,0,False
wine,1,7,33,0,0,1,38.23704528808594,2.8648062759440904,0,False
wine,1,7,34,0,0,1,27.174074172973633,1.8221583922100613,0,False
wine,1,7,35,0,0,1,8.472929954528809,3.030446244855704,0,False
wine,1,10,0,1,1,0,29.460464477539062,5.627200609828483,0,True
wine,1,10,1,1,1,0,23.52204132080078,4.699837215257805,0,True
wine,1,10,2,1,1,0,21.332660675048828,3.5606655135247895,0,True
wine,1,10,3,1,1,0,23.35637092590332,4.519748001056551,0,True
wine,1,10,4,0,0,1,9.000747680664062,2.914908756736612,1,True
wine,1,10,6,0,0,1,24.10776710510254,2.9177793083340227,0,False
wine,1,10,7,0,0,1,33.513526916503906,5.322087836854629,0,False
wine,1,10,8,0,0,1,4.362460613250732,2.817246384196745,1,True
wine,1,10,9,0,0,1,34.49336242675781,5.033473921992892,0,False
wine,1,10,10,0,0,1,26.241024017333984,4.781315733705052,0,False
wine,1,10,11,0,0,1,27.98896217346191,4.930777610253728,1,True
wine,1,10,12,0,0,1,43.38175201416016,4.124928586770975,1,True
wine,1,10,13,0,0,1,25.972148895263672,3.5898451353076606,0,False
wine,1,10,14,0,0,1,32.482845306396484,5.510706618283428,0,False
wine,1,10,15,1,1,0,19.36461639404297,4.261390271751071,0,True
wine,1,10,16,0,0,1,33.80710220336914,3.199310124408621,0,False
wine,1,10,17,1,1,0,18.40189743041992,4.5015611116194485,0,True
wine,1,10,18,1,1,0,24.407306671142575,4.560046845988252,0,True
wine,1,10,19,0,0,1,26.982154846191406,5.356694072480524,1,True
wine,1,10,20,0,0,1,19.716262817382812,2.695871399043165,0,False
wine,1,10,21,1,1,0,13.751672744750977,3.3439208362099286,0,True
wine,1,10,22,1,1,0,20.480854034423828,3.739563257378653,0,True
wine,1,10,23,0,0,1,26.21234130859375,2.776398290341477,0,False
wine,1,10,24,1,1,0,14.281694412231444,2.9559464833201137,0,True
wine,1,10,25,0,0,1,34.365753173828125,4.594607078742465,0,False
wine,1,10,26,0,0,1,24.535690307617188,3.670004350245231,0,False
wine,1,10,28,0,0,1,19.499906539916992,4.642150512937704,1,True
wine,1,10,29,1,1,0,24.740005493164062,4.576958372027162,0,True
wine,1,10,30,0,0,1,9.859855651855469,4.080930454406322,1,True
wine,1,10,31,1,1,0,19.66337776184082,4.572456150758675,0,True
wine,1,10,32,0,0,1,25.238250732421875,4.748408962580468,0,False
wine,1,10,33,0,0,1,38.23704528808594,2.8648062759440904,0,False
wine,1,10,34,0,0,1,27.174074172973633,1.8221583922100613,0,False
wine,1,10,35,0,0,1,8.472929954528809,3.030446244855704,0,False
wine,2,2,0,1,1,0,20.096622467041016,3.1418030479835557,0,True
wine,2,2,1,0,0,1,30.78554344177246,3.173571836665826,0,False
wine,2,2,2,1,1,0,19.742053985595703,3.625462486352657,1,False
wine,2,2,3,0,0,1,13.539229393005373,2.753348884026715,1,True
wine,2,2,4,1,1,0,24.035158157348633,3.226452581621558,1,False
wine,2,2,5,0,0,1,26.171274185180664,2.1164703820905943,0,False
wine,2,2,6,0,0,1,22.344146728515625,4.652163491009723,0,False
wine,2,2,7,0,0,1,28.01815414428711,5.004123338109947,1,True
wine,2,2,8,0,0,1,27.27804374694824,5.55439676285826,1,True
wine,2,2,9,1,1,0,22.561391830444336,3.3303444696843476,1,False
wine,2,2,10,0,0,1,27.0925350189209,2.621012384277978,0,False
wine,2,2,11,1,1,0,24.36017417907715,2.6938151983107677,1,False
wine,2,2,12,0,0,1,19.49595069885254,3.423677912101518,0,False
wine,2,2,13,1,1,0,21.68039321899414,2.8842663662292543,1,False
wine,2,2,14,0,0,1,24.971511840820312,4.292100468561953,1,True
wine,2,2,15,1,1,0,28.19451904296875,4.60931234042756,1,False
wine,2,2,16,0,0,1,29.02793312072754,4.985672345664668,1,True
wine,2,2,17,0,0,1,21.485248565673828,2.042482802873298,0,False
wine,2,2,18,0,0,1,21.44932746887207,4.458088620990564,1,True
wine,2,2,19,0,0,1,28.14425468444824,2.546752535230316,0,False
wine,2,2,20,0,0,1,26.19283103942871,4.9143186755658546,1,True
wine,2,2,21,0,0,1,27.99858283996582,2.4349176123484617,0,False
wine,2,2,22,1,1,0,13.945850372314451,2.3036158397382605,1,False
wine,2,2,23,0,0,1,23.753650665283203,2.4111940229223254,0,False
wine,2,2,24,0,0,1,8.79930305480957,2.979225294385911,0,False
wine,2,2,25,0,0,1,22.284259796142575,4.9974772414211595,1,True
wine,2,2,26,0,0,1,13.36385726928711,2.947041728885546,0,False
wine,2,2,27,1,1,0,20.161222457885746,2.2313715092095334,1,False
wine,2,2,28,0,0,1,16.119855880737305,4.250547271669292,1,True
wine,2,2,30,1,1,0,38.91495132446289,4.525999964651138,1,False
wine,2,2,31,0,0,1,35.45259475708008,4.777192820822835,0,False
wine,2,2,32,1,1,0,32.905067443847656,3.98871493719267,1,False
wine,2,2,33,0,0,1,25.37940788269043,1.8528780512717524,0,False
wine,2,2,34,0,0,1,12.477930068969728,2.821891677644656,1,True
wine,2,2,35,0,0,1,29.14472389221191,5.26225649379043,1,True
wine,2,3,0,1,1,0,20.096622467041016,3.1418030479835557,0,True
wine,2,3,1,0,0,1,30.78554344177246,3.173571836665826,0,False
wine,2,3,2,1,1,0,19.742053985595703,3.625462486352657,1,False
wine,2,3,3,0,0,1,13.539229393005373,2.753348884026715,1,True
wine,2,3,4,1,1,0,24.035158157348633,3.226452581621558,1,False
wine,2,3,5,0,0,1,26.171274185180664,2.1164703820905943,0,False
wine,2,3,6,0,0,1,22.344146728515625,4.652163491009723,0,False
wine,2,3,7,0,0,1,28.01815414428711,5.004123338109947,1,True
wine,2,3,8,0,0,1,27.27804374694824,5.55439676285826,1,True
wine,2,3,9,1,1,0,22.561391830444336,3.3303444696843476,1,False
wine,2,3,10,0,0,1,27.0925350189209,2.621012384277978,0,False
wine,2,3,11,1,1,0,24.36017417907715,2.6938151983107677,1,False
wine,2,3,12,0,0,1,19.49595069885254,3.423677912101518,0,False
wine,2,3,13,1,1,0,21.68039321899414,2.8842663662292543,1,False
wine,2,3,14,0,0,1,24.971511840820312,4.292100468561953,1,True
wine,2,3,15,1,1,0,28.19451904296875,4.60931234042756,1,False
wine,2,3,16,0,0,1,29.02793312072754,4.985672345664668,1,True
wine,2,3,17,0,0,1,21.485248565673828,2.042482802873298,0,False
wine,2,3,18,0,0,1,21.44932746887207,4.458088620990564,1,True
wine,2,3,19,0,0,1,28.14425468444824,2.546752535230316,0,False
wine,2,3,20,0,0,1,26.19283103942871,4.9143186755658546,1,True
wine,2,3,21,0,0,1,27.99858283996582,2.4349176123484617,0,False
wine,2,3,22,1,1,0,13.945850372314451,2.3036158397382605,1,False
wine,2,3,23,0,0,1,23.753650665283203,2.4111940229223254,0,False
wine,2,3,24,0,0,1,8.79930305480957,2.979225294385911,0,False
wine,2,3,25,0,0,1,22.284259796142575,4.9974772414211595,1,True
wine,2,3,26,0,0,1,13.36385726928711,2.947041728885546,0,False
wine,2,3,27,1,1,0,20.161222457885746,2.2313715092095334,1,False
wine,2,3,28,0,0,1,16.119855880737305,4.250547271669292,1,True
wine,2,3,30,1,1,0,38.91495132446289,4.525999964651138,1,False
wine,2,3,31,0,0,1,35.45259475708008,4.777192820822835,0,False
wine,2,3,32,1,1,0,32.905067443847656,3.98871493719267,1,False
wine,2,3,33,0,0,1,25.37940788269043,1.8528780512717524,0,False
wine,2,3,34,0,0,1,12.477930068969728,2.821891677644656,1,True
wine,2,3,35,0,0,1,29.14472389221191,5.26225649379043,1,True
wine,2,5,0,1,1,0,20.096622467041016,3.1418030479835557,0,True
wine,2,5,1,0,0,1,30.78554344177246,3.173571836665826,0,False
wine,2,5,2,1,1,0,19.742053985595703,3.625462486352657,1,False
wine,2,5,3,0,0,1,13.539229393005373,2.753348884026715,1,True
wine,2,5,4,1,1,0,24.035158157348633,3.226452581621558,1,False
wine,2,5,5,0,0,1,26.171274185180664,2.1164703820905943,0,False
wine,2,5,6,0,0,1,22.344146728515625,4.652163491009723,0,False
wine,2,5,7,0,0,1,28.01815414428711,5.004123338109947,1,True
wine,2,5,8,0,0,1,27.27804374694824,5.55439676285826,1,True
wine,2,5,9,1,1,0,22.561391830444336,3.3303444696843476,1,False
wine,2,5,10,0,0,1,27.0925350189209,2.621012384277978,0,False
wine,2,5,11,1,1,0,24.36017417907715,2.6938151983107677,1,False
wine,2,5,12,0,0,1,19.49595069885254,3.423677912101518,0,False
wine,2,5,13,1,1,0,21.68039321899414,2.8842663662292543,1,False
wine,2,5,14,0,0,1,24.971511840820312,4.292100468561953,1,True
wine,2,5,15,1,1,0,28.19451904296875,4.60931234042756,1,False
wine,2,5,16,0,0,1,29.02793312072754,4.985672345664668,1,True
wine,2,5,17,0,0,1,21.485248565673828,2.042482802873298,0,False
wine,2,5,18,0,0,1,21.44932746887207,4.458088620990564,1,True
wine,2,5,19,0,0,1,28.14425468444824,2.546752535230316,0,False
wine,2,5,20,0,0,1,26.19283103942871,4.9143186755658546,1,True
wine,2,5,21,0,0,1,27.99858283996582,2.4349176123484617,0,False
wine,2,5,22,1,1,0,13.945850372314451,2.3036158397382605,1,False
wine,2,5,23,0,0,1,23.753650665283203,2.4111940229223254,0,False
wine,2,5,24,0,0,1,8.79930305480957,2.979225294385911,0,False
wine,2,5,25,0,0,1,22.284259796142575,4.9974772414211595,1,True
wine,2,5,26,0,0,1,13.36385726928711,2.947041728885546,0,False
wine,2,5,27,1,1,0,20.161222457885746,2.2313715092095334,1,False
wine,2,5,28,0,0,1,16.119855880737305,4.250547271669292,1,True
wine,2,5,30,1,1,0,38.91495132446289,4.525999964651138,1,False
wine,2,5,31,0,0,1,35.45259475708008,4.777192820822835,0,False
wine,2,5,32,1,1,0,32.905067443847656,3.98871493719267,1,False
wine,2,5,33,0,0,1,25.37940788269043,1.8528780512717524,0,False
wine,2,5,34,0,0,1,12.477930068969728,2.821891677644656,1,True
wine,2,5,35,0,0,1,29.14472389221191,5.26225649379043,1,True
wine,2,7,0,1,1,0,20.096622467041016,3.1418030479835557,0,True
wine,2,7,1,0,0,1,30.78554344177246,3.173571836665826,0,False
wine,2,7,2,1,1,0,19.742053985595703,3.625462486352657,1,False
wine,2,7,3,0,0,1,13.539229393005373,2.753348884026715,1,True
wine,2,7,4,1,1,0,24.035158157348633,3.226452581621558,1,False
wine,2,7,5,0,0,1,26.171274185180664,2.1164703820905943,0,False
wine,2,7,6,0,0,1,22.344146728515625,4.652163491009723,0,False
wine,2,7,7,0,0,1,28.01815414428711,5.004123338109947,1,True
wine,2,7,8,0,0,1,27.27804374694824,5.55439676285826,1,True
wine,2,7,9,1,1,0,22.561391830444336,3.3303444696843476,1,False
wine,2,7,10,0,0,1,27.0925350189209,2.621012384277978,0,False
wine,2,7,11,1,1,0,24.36017417907715,2.6938151983107677,1,False
wine,2,7,12,0,0,1,19.49595069885254,3.423677912101518,0,False
wine,2,7,13,1,1,0,21.68039321899414,2.8842663662292543,1,False
wine,2,7,14,0,0,1,24.971511840820312,4.292100468561953,1,True
wine,2,7,15,1,1,0,28.19451904296875,4.60931234042756,1,False
wine,2,7,16,0,0,1,29.02793312072754,4.985672345664668,1,True
wine,2,7,17,0,0,1,21.485248565673828,2.042482802873298,0,False
wine,2,7,18,0,0,1,21.44932746887207,4.458088620990564,1,True
wine,2,7,19,0,0,1,28.14425468444824,2.546752535230316,0,False
wine,2,7,20,0,0,1,26.19283103942871,4.9143186755658546,1,True
wine,2,7,21,0,0,1,27.99858283996582,2.4349176123484617,0,False
wine,2,7,22,1,1,0,13.945850372314451,2.3036158397382605,1,False
wine,2,7,23,0,0,1,23.753650665283203,2.4111940229223254,0,False
wine,2,7,24,0,0,1,8.79930305480957,2.979225294385911,0,False
wine,2,7,25,0,0,1,22.284259796142575,4.9974772414211595,1,True
wine,2,7,26,0,0,1,13.36385726928711,2.947041728885546,0,False
wine,2,7,27,1,1,0,20.161222457885746,2.2313715092095334,1,False
wine,2,7,28,0,0,1,16.119855880737305,4.250547271669292,1,True
wine,2,7,30,1,1,0,38.91495132446289,4.525999964651138,1,False
wine,2,7,31,0,0,1,35.45259475708008,4.777192820822835,0,False
wine,2,7,32,1,1,0,32.905067443847656,3.98871493719267,1,False
wine,2,7,33,0,0,1,25.37940788269043,1.8528780512717524,0,False
wine,2,7,34,0,0,1,12.477930068969728,2.821891677644656,1,True
wine,2,7,35,0,0,1,29.14472389221191,5.26225649379043,1,True
wine,2,10,0,1,1,0,20.096622467041016,3.1418030479835557,0,True
wine,2,10,1,0,0,1,30.78554344177246,3.173571836665826,0,False
wine,2,10,2,1,1,0,19.742053985595703,3.625462486352657,1,False
wine,2,10,3,0,0,1,13.539229393005373,2.753348884026715,1,True
wine,2,10,4,1,1,0,24.035158157348633,3.226452581621558,1,False
wine,2,10,5,0,0,1,26.171274185180664,2.1164703820905943,0,False
wine,2,10,6,0,0,1,22.344146728515625,4.652163491009723,0,False
wine,2,10,7,0,0,1,28.01815414428711,5.004123338109947,1,True
wine,2,10,8,0,0,1,27.27804374694824,5.55439676285826,1,True
wine,2,10,9,1,1,0,22.561391830444336,3.3303444696843476,1,False
wine,2,10,10,0,0,1,27.0925350189209,2.621012384277978,0,False
wine,2,10,11,1,1,0,24.36017417907715,2.6938151983107677,1,False
wine,2,10,12,0,0,1,19.49595069885254,3.423677912101518,0,False
wine,2,10,13,1,1,0,21.68039321899414,2.8842663662292543,1,False
wine,2,10,14,0,0,1,24.971511840820312,4.292100468561953,1,True
wine,2,10,15,1,1,0,28.19451904296875,4.60931234042756,1,False
wine,2,10,16,0,0,1,29.02793312072754,4.985672345664668,1,True
wine,2,10,17,0,0,1,21.485248565673828,2.042482802873298,0,False
wine,2,10,18,0,0,1,21.44932746887207,4.458088620990564,1,True
wine,2,10,19,0,0,1,28.14425468444824,2.546752535230316,0,False
wine,2,10,20,0,0,1,26.19283103942871,4.9143186755658546,1,True
wine,2,10,21,0,0,1,27.99858283996582,2.4349176123484617,0,False
wine,2,10,22,1,1,0,13.945850372314451,2.3036158397382605,1,False
wine,2,10,23,0,0,1,23.753650665283203,2.4111940229223254,0,False
wine,2,10,24,0,0,1,8.79930305480957,2.979225294385911,0,False
wine,2,10,25,0,0,1,22.284259796142575,4.9974772414211595,1,True
wine,2,10,26,0,0,1,13.36385726928711,2.947041728885546,0,False
wine,2,10,27,1,1,0,20.161222457885746,2.2313715092095334,1,False
wine,2,10,28,0,0,1,16.119855880737305,4.250547271669292,1,True
wine,2,10,30,1,1,0,38.91495132446289,4.525999964651138,1,False
wine,2,10,31,0,0,1,35.45259475708008,4.777192820822835,0,False
wine,2,10,32,1,1,0,32.905067443847656,3.98871493719267,1,False
wine,2,10,33,0,0,1,25.37940788269043,1.8528780512717524,0,False
wine,2,10,34,0,0,1,12.477930068969728,2.821891677644656,1,True
wine,2,10,35,0,0,1,29.14472389221191,5.26225649379043,1,True
wine,3,2,0,0,0,1,29.44778823852539,4.937774151183886,1,True
wine,3,2,1,0,0,1,18.024728775024418,3.226440467721169,1,True
wine,3,2,2,0,0,1,25.393056869506836,4.462750340976852,1,True
wine,3,2,3,1,1,0,18.366893768310547,2.290536383350209,1,False
wine,3,2,4,0,0,1,31.621538162231445,5.48897813404171,1,True
wine,3,2,5,0,0,1,14.3298978805542,3.995022051497047,1,True
wine,3,2,6,0,0,1,19.049665451049805,5.129468597835436,1,True
wine,3,2,7,1,1,0,14.588446617126465,2.0389229611570214,1,False
wine,3,2,8,0,0,1,31.862991333007812,4.124487551580477,1,True
wine,3,2,9,0,0,1,9.459538459777832,2.4182337250198067,1,True
wine,3,2,10,0,0,1,29.602161407470703,5.423089286515462,1,True
wine,3,2,11,1,1,0,9.04407787322998,2.231628674981379,1,False
wine,3,2,12,0,0,1,42.61576461791992,5.787591865057155,1,True
wine,3,2,13,0,0,1,8.025571823120117,3.5528056857725967,1,True
wine,3,2,14,1,1,0,21.725629806518555,1.9977221074717773,1,False
wine,3,2,15,0,0,1,20.361900329589844,5.509206374381304,1,True
wine,3,2,16,0,0,1,30.00353622436523,4.0256776700986165,1,True
wine,3,2,17,1,1,0,20.429744720458984,2.949420943013653,1,False
wine,3,2,18,0,0,1,29.106218338012695,6.006772779874808,1,True
wine,3,2,21,0,0,1,25.550004959106445,4.976803505153644,1,True
wine,3,2,22,0,0,1,28.371620178222656,4.299116133956543,1,True
wine,3,2,23,0,0,1,39.299522399902344,5.566415451933264,1,True
wine,3,2,24,0,0,1,27.12734031677246,5.161065847772415,1,True
wine,3,2,25,0,0,1,35.93540954589844,3.8580258996854138,1,True
wine,3,2,27,0,0,1,21.74620246887207,5.213411307050573,1,True
wine,3,2,28,1,1,0,26.3150577545166,2.706830870773132,1,False
wine,3,2,29,1,1,0,12.35071086883545,1.7673922486840394,1,False
wine,3,2,30,1,1,0,20.18045997619629,2.420106412496262,1,False
wine,3,2,31,0,0,1,21.72806167602539,4.960151940486731,1,True
wine,3,2,32,0,0,1,35.60784912109375,4.485104435783743,1,True
wine,3,2,33,1,1,0,14.54190444946289,1.8809754364706976,1,False
wine,3,2,34,1,1,0,20.875864028930664,2.2087443075049253,1,False
wine,3,2,35,0,0,1,6.065600395202637,5.143552140791988,1,True
wine,3,3,0,0,0,1,29.44778823852539,4.413162358608716,1,True
wine,3,3,1,0,0,1,18.024728775024418,3.226440467721169,1,True
wine,3,3,2,0,0,1,25.393056869506836,4.029607066406392,1,True
wine,3,3,3,1,1,0,18.366893768310547,2.856685809809936,1,False
wine,3,3,4,0,0,1,31.621538162231445,5.48897813404171,1,True
wine,3,3,6,0,0,1,19.049665451049805,3.9858161008137447,1,True
wine,3,3,7,1,1,0,14.588446617126465,2.5550788170910885,1,False
wine,3,3,8,0,0,1,31.862991333007812,4.03163446695282,1,True
wine,3,3,9,0,0,1,9.459538459777832,2.4182337250198067,1,True
wine,3,3,10,0,0,1,29.602161407470703,4.586236459139711,1,True
wine,3,3,11,1,1,0,9.04407787322998,2.231628674981379,1,False
wine,3,3,12,0,0,1,42.61576461791992,5.766504882223532,1,True
wine,3,3,13,0,0,1,8.025571823120117,3.5528056857725967,1,True
wine,3,3,14,1,1,0,21.725629806518555,1.9977221074717773,1,False
wine,3,3,15,0,0,1,20.361900329589844,4.9615411960859,1,True
wine,3,3,16,0,0,1,30.00353622436523,4.0256776700986165,1,True
wine,3,3,17,1,1,0,20.429744720458984,3.016749652024287,1,False
wine,3,3,18,0,0,1,29.106218338012695,4.795046105237953,1,True
wine,3,3,19,1,1,0,20.549226760864254,2.585065519266893,1,False
wine,3,3,20,1,1,0,2.326085329055786,5.741556508768727,0,True
wine,3,3,21,0,0,1,25.550004959106445,3.940307399782235,1,True
wine,3,3,22,0,0,1,28.371620178222656,4.299116133956543,1,True
wine,3,3,23,0,0,1,39.299522399902344,5.31846273736098,1,True
wine,3,3,24,0,0,1,27.12734031677246,4.384008148001923,1,True
wine,3,3,25,0,0,1,35.93540954589844,3.8580258996854138,1,True
wine,3,3,27,0,0,1,21.74620246887207,4.722464556532549,1,True
wine,3,3,28,1,1,0,26.3150577545166,3.250257095777136,1,False
wine,3,3,29,1,1,0,12.35071086883545,1.7673922486840394,1,False
wine,3,3,30,1,1,0,20.18045997619629,2.7364100763418397,1,False
wine,3,3,31,0,0,1,21.72806167602539,4.960151940486731,1,True
wine,3,3,32,0,0,1,35.60784912109375,4.485104435783743,1,True
wine,3,3,33,1,1,0,14.54190444946289,1.8809754364706976,1,False
wine,3,3,34,1,1,0,20.875864028930664,2.2087443075049253,1,False
wine,3,3,35,0,0,1,6.065600395202637,2.86239385443966,1,True
wine,3,5,0,0,0,1,29.44778823852539,4.413162358608716,1,True
wine,3,5,1,0,0,1,18.024728775024418,3.226440467721169,1,True
wine,3,5,2,0,0,1,25.393056869506836,4.029607066406392,1,True
wine,3,5,3,1,1,0,18.366893768310547,2.856685809809936,1,False
wine,3,5,4,0,0,1,31.621538162231445,5.48897813404171,1,True
wine,3,5,6,0,0,1,19.049665451049805,3.9858161008137447,1,True
wine,3,5,7,1,1,0,14.588446617126465,2.5550788170910885,1,False
wine,3,5,8,0,0,1,31.862991333007812,4.03163446695282,1,True
wine,3,5,9,0,0,1,9.459538459777832,2.4182337250198067,1,True
wine,3,5,10,0,0,1,29.602161407470703,4.586236459139711,1,True
wine,3,5,11,1,1,0,9.04407787322998,2.231628674981379,1,False
wine,3,5,12,0,0,1,42.61576461791992,5.766504882223532,1,True
wine,3,5,13,0,0,1,8.025571823120117,3.5528056857725967,1,True
wine,3,5,14,1,1,0,21.725629806518555,1.9977221074717773,1,False
wine,3,5,15,0,0,1,20.361900329589844,4.9615411960859,1,True
wine,3,5,16,0,0,1,30.00353622436523,4.0256776700986165,1,True
wine,3,5,17,1,1,0,20.429744720458984,3.016749652024287,1,False
wine,3,5,18,0,0,1,29.106218338012695,4.795046105237953,1,True
wine,3,5,19,1,1,0,20.549226760864254,2.585065519266893,1,False
wine,3,5,20,1,1,0,2.326085329055786,5.741556508768727,0,True
wine,3,5,21,0,0,1,25.550004959106445,3.940307399782235,1,True
wine,3,5,22,0,0,1,28.371620178222656,4.299116133956543,1,True
wine,3,5,23,0,0,1,39.299522399902344,5.31846273736098,1,True
wine,3,5,24,0,0,1,27.12734031677246,4.384008148001923,1,True
wine,3,5,25,0,0,1,35.93540954589844,3.8580258996854138,1,True
wine,3,5,27,0,0,1,21.74620246887207,4.722464556532549,1,True
wine,3,5,28,1,1,0,26.3150577545166,3.250257095777136,1,False
wine,3,5,29,1,1,0,12.35071086883545,1.7673922486840394,1,False
wine,3,5,30,1,1,0,20.18045997619629,2.7364100763418397,1,False
wine,3,5,31,0,0,1,21.72806167602539,4.960151940486731,1,True
wine,3,5,32,0,0,1,35.60784912109375,4.485104435783743,1,True
wine,3,5,33,1,1,0,14.54190444946289,1.8809754364706976,1,False
wine,3,5,34,1,1,0,20.875864028930664,2.2087443075049253,1,False
wine,3,5,35,0,0,1,6.065600395202637,2.86239385443966,1,True
wine,3,7,0,0,0,1,29.44778823852539,4.413162358608716,1,True
wine,3,7,1,0,0,1,18.024728775024418,3.226440467721169,1,True
wine,3,7,2,0,0,1,25.393056869506836,4.029607066406392,1,True
wine,3,7,3,1,1,0,18.366893768310547,2.856685809809936,1,False
wine,3,7,4,0,0,1,31.621538162231445,5.48897813404171,1,True
wine,3,7,6,0,0,1,19.049665451049805,3.9858161008137447,1,True
wine,3,7,7,1,1,0,14.588446617126465,2.5550788170910885,1,False
wine,3,7,8,0,0,1,31.862991333007812,4.03163446695282,1,True
wine,3,7,9,0,0,1,9.459538459777832,2.4182337250198067,1,True
wine,3,7,10,0,0,1,29.602161407470703,4.586236459139711,1,True
wine,3,7,11,1,1,0,9.04407787322998,2.231628674981379,1,False
wine,3,7,12,0,0,1,42.61576461791992,5.766504882223532,1,True
wine,3,7,13,0,0,1,8.025571823120117,3.5528056857725967,1,True
wine,3,7,14,1,1,0,21.725629806518555,1.9977221074717773,1,False
wine,3,7,15,0,0,1,20.361900329589844,4.9615411960859,1,True
wine,3,7,16,0,0,1,30.00353622436523,4.0256776700986165,1,True
wine,3,7,17,1,1,0,20.429744720458984,3.016749652024287,1,False
wine,3,7,18,0,0,1,29.106218338012695,4.795046105237953,1,True
wine,3,7,19,1,1,0,20.549226760864254,2.585065519266893,1,False
wine,3,7,20,1,1,0,2.326085329055786,5.741556508768727,0,True
wine,3,7,21,0,0,1,25.550004959106445,3.940307399782235,1,True
wine,3,7,22,0,0,1,28.371620178222656,4.299116133956543,1,True
wine,3,7,23,0,0,1,39.299522399902344,5.31846273736098,1,True
wine,3,7,24,0,0,1,27.12734031677246,4.384008148001923,1,True
wine,3,7,25,0,0,1,35.93540954589844,3.8580258996854138,1,True
wine,3,7,27,0,0,1,21.74620246887207,4.722464556532549,1,True
wine,3,7,28,1,1,0,26.3150577545166,3.250257095777136,1,False
wine,3,7,29,1,1,0,12.35071086883545,1.7673922486840394,1,False
wine,3,7,30,1,1,0,20.18045997619629,2.7364100763418397,1,False
wine,3,7,31,0,0,1,21.72806167602539,4.960151940486731,1,True
wine,3,7,32,0,0,1,35.60784912109375,4.485104435783743,1,True
wine,3,7,33,1,1,0,14.54190444946289,1.8809754364706976,1,False
wine,3,7,34,1,1,0,20.875864028930664,2.2087443075049253,1,False
wine,3,7,35,0,0,1,6.065600395202637,2.86239385443966,1,True
wine,3,10,0,0,0,1,29.44778823852539,4.413162358608716,1,True
wine,3,10,1,0,0,1,18.024728775024418,3.226440467721169,1,True
wine,3,10,2,0,0,1,25.393056869506836,4.029607066406392,1,True
wine,3,10,3,1,1,0,18.366893768310547,2.856685809809936,1,False
wine,3,10,4,0,0,1,31.621538162231445,5.48897813404171,1,True
wine,3,10,6,0,0,1,19.049665451049805,3.9858161008137447,1,True
wine,3,10,7,1,1,0,14.588446617126465,2.5550788170910885,1,False
wine,3,10,8,0,0,1,31.862991333007812,4.03163446695282,1,True
wine,3,10,9,0,0,1,9.459538459777832,2.4182337250198067,1,True
wine,3,10,10,0,0,1,29.602161407470703,4.586236459139711,1,True
wine,3,10,11,1,1,0,9.04407787322998,2.231628674981379,1,False
wine,3,10,12,0,0,1,42.61576461791992,5.766504882223532,1,True
wine,3,10,13,0,0,1,8.025571823120117,3.5528056857725967,1,True
wine,3,10,14,1,1,0,21.725629806518555,1.9977221074717773,1,False
wine,3,10,15,0,0,1,20.361900329589844,4.9615411960859,1,True
wine,3,10,16,0,0,1,30.00353622436523,4.0256776700986165,1,True
wine,3,10,17,1,1,0,20.429744720458984,3.016749652024287,1,False
wine,3,10,18,0,0,1,29.106218338012695,4.795046105237953,1,True
wine,3,10,19,1,1,0,20.549226760864254,2.585065519266893,1,False
wine,3,10,20,1,1,0,2.326085329055786,5.741556508768727,0,True
wine,3,10,21,0,0,1,25.550004959106445,3.940307399782235,1,True
wine,3,10,22,0,0,1,28.371620178222656,4.299116133956543,1,True
wine,3,10,23,0,0,1,39.299522399902344,5.31846273736098,1,True
wine,3,10,24,0,0,1,27.12734031677246,4.384008148001923,1,True
wine,3,10,25,0,0,1,35.93540954589844,3.8580258996854138,1,True
wine,3,10,27,0,0,1,21.74620246887207,4.722464556532549,1,True
wine,3,10,28,1,1,0,26.3150577545166,3.250257095777136,1,False
wine,3,10,29,1,1,0,12.35071086883545,1.7673922486840394,1,False
wine,3,10,30,1,1,0,20.18045997619629,2.7364100763418397,1,False
wine,3,10,31,0,0,1,21.72806167602539,4.960151940486731,1,True
wine,3,10,32,0,0,1,35.60784912109375,4.485104435783743,1,True
wine,3,10,33,1,1,0,14.54190444946289,1.8809754364706976,1,False
wine,3,10,34,1,1,0,20.875864028930664,2.2087443075049253,1,False
wine,3,10,35,0,0,1,6.065600395202637,2.86239385443966,1,True
wine,4,2,0,0,0,1,29.955291748046875,4.557241414760108,1,True
wine,4,2,1,0,0,1,22.400924682617188,5.465505820076526,1,True
wine,4,2,2,0,0,1,19.64824104309082,5.473946934821754,1,True
wine,4,2,3,1,1,0,29.254281997680664,5.339381936251718,0,True
wine,4,2,4,0,0,1,34.491668701171875,5.042840448369394,1,True
wine,4,2,5,0,0,1,30.732534408569336,4.627311563213562,1,True
wine,4,2,6,1,1,0,23.45882797241211,4.0193383722733715,0,True
wine,4,2,7,0,0,1,19.974294662475582,4.660271826573199,1,True
wine,4,2,8,0,0,1,31.412914276123047,5.061834389578926,1,True
wine,4,2,9,0,0,1,25.096607208251953,6.1525578063523305,1,True
wine,4,2,10,0,0,1,18.857532501220703,3.243778852663588,1,True
wine,4,2,11,0,0,1,25.434036254882812,5.939170319420417,1,True
wine,4,2,12,0,0,1,27.09819602966309,5.3188606004396535,1,True
wine,4,2,13,0,0,1,24.99605941772461,5.2283360406567745,1,True
wine,4,2,14,0,0,1,28.926515579223633,5.4403735078486966,1,True
wine,4,2,15,1,1,0,38.49876022338867,5.612035695399105,0,True
wine,4,2,16,0,0,1,40.9351921081543,5.8700428529308635,1,True
wine,4,2,17,0,0,1,29.84671211242676,6.363787844740256,1,True
wine,4,2,18,0,0,1,21.19910430908203,3.8750494065297665,1,True
wine,4,2,19,0,0,1,23.95805549621582,4.385904330217742,1,True
wine,4,2,20,0,0,1,27.564746856689453,6.005176951297525,1,True
wine,4,2,21,1,1,0,21.052799224853516,4.2525799284536685,0,True
wine,4,2,22,0,0,1,8.748113632202148,3.580094157765057,1,True
wine,4,2,23,0,0,1,33.27494430541992,6.043581346983269,1,True
wine,4,2,24,0,0,1,30.044275283813477,4.2580813188105,1,True
wine,4,2,25,1,1,0,15.586044311523438,3.690549824187146,0,True
wine,4,2,26,1,1,0,18.906402587890625,4.0283805937941635,0,True
wine,4,2,27,0,0,1,29.491374969482425,5.7072911174387695,1,True
wine,4,2,28,1,1,0,24.48260498046875,4.639563397076072,0,True
wine,4,2,29,0,0,1,22.99099349975586,4.080559186205705,1,True
wine,4,2,30,1,1,0,14.80400562286377,3.078411460574193,0,True
wine,4,2,31,0,0,1,23.328588485717773,4.100277796144068,1,True
wine,4,2,32,1,1,0,21.22869110107422,4.246684359147111,0,True
wine,4,2,33,1,1,0,29.523008346557617,4.695928669248375,0,True
wine,4,2,34,1,1,0,23.980152130126953,4.713666581594201,0,True
wine,4,2,35,1,1,0,14.66318702697754,3.1816222277010104,0,True
wine,4,3,0,0,0,1,29.955291748046875,4.557241414760108,1,True
wine,4,3,1,0,0,1,22.400924682617188,5.465505820076526,1,True
wine,4,3,2,0,0,1,19.64824104309082,5.473946934821754,1,True
wine,4,3,3,1,1,0,29.254281997680664,5.339381936251718,0,True
wine,4,3,4,0,0,1,34.491668701171875,5.042840448369394,1,True
wine,4,3,5,0,0,1,30.732534408569336,4.627311563213562,1,True
wine,4,3,6,1,1,0,23.45882797241211,4.0193383722733715,0,True
wine,4,3,7,0,0,1,19.974294662475582,4.660271826573199,1,True
wine,4,3,8,0,0,1,31.412914276123047,5.061834389578926,1,True
wine,4,3,9,0,0,1,25.096607208251953,6.1525578063523305,1,True
wine,4,3,10,0,0,1,18.857532501220703,3.243778852663588,1,True
wine,4,3,11,0,0,1,25.434036254882812,5.939170319420417,1,True
wine,4,3,12,0,0,1,27.09819602966309,5.3188606004396535,1,True
wine,4,3,13,0,0,1,24.99605941772461,5.2283360406567745,1,True
wine,4,3,14,0,0,1,28.926515579223633,5.4403735078486966,1,True
wine,4,3,15,1,1,0,38.49876022338867,5.612035695399105,0,True
wine,4,3,16,0,0,1,40.9351921081543,5.8700428529308635,1,True
wine,4,3,17,0,0,1,29.84671211242676,6.363787844740256,1,True
wine,4,3,18,0,0,1,21.19910430908203,3.8750494065297665,1,True
wine,4,3,19,0,0,1,23.95805549621582,4.385904330217742,1,True
wine,4,3,20,0,0,1,27.564746856689453,6.005176951297525,1,True
wine,4,3,21,1,1,0,21.052799224853516,4.2525799284536685,0,True
wine,4,3,22,0,0,1,8.748113632202148,3.580094157765057,1,True
wine,4,3,23,0,0,1,33.27494430541992,6.043581346983269,1,True
wine,4,3,24,0,0,1,30.044275283813477,4.2580813188105,1,True
wine,4,3,25,1,1,0,15.586044311523438,3.690549824187146,0,True
wine,4,3,26,1,1,0,18.906402587890625,4.0283805937941635,0,True
wine,4,3,27,0,0,1,29.491374969482425,5.7072911174387695,1,True
wine,4,3,28,1,1,0,24.48260498046875,4.639563397076072,0,True
wine,4,3,29,0,0,1,22.99099349975586,4.080559186205705,1,True
wine,4,3,30,1,1,0,14.80400562286377,3.078411460574193,0,True
wine,4,3,31,0,0,1,23.328588485717773,4.100277796144068,1,True
wine,4,3,32,1,1,0,21.22869110107422,4.246684359147111,0,True
wine,4,3,33,1,1,0,29.523008346557617,4.695928669248375,0,True
wine,4,3,34,1,1,0,23.980152130126953,4.713666581594201,0,True
wine,4,3,35,1,1,0,14.66318702697754,3.1816222277010104,0,True
wine,4,5,0,0,0,1,29.955291748046875,4.557241414760108,1,True
wine,4,5,1,0,0,1,22.400924682617188,3.186542882487919,0,False
wine,4,5,2,0,0,1,19.64824104309082,3.310847456847658,0,False
wine,4,5,3,1,1,0,29.254281997680664,5.339381936251718,0,True
wine,4,5,4,0,0,1,34.491668701171875,4.910334772696635,0,False
wine,4,5,5,0,0,1,30.732534408569336,4.627311563213562,1,True
wine,4,5,6,1,1,0,23.45882797241211,4.0193383722733715,0,True
wine,4,5,7,0,0,1,19.974294662475582,4.660271826573199,1,True
wine,4,5,8,0,0,1,31.412914276123047,3.912556354422112,0,False
wine,4,5,9,0,0,1,25.096607208251953,3.4593210326271837,0,False
wine,4,5,10,0,0,1,18.857532501220703,3.243778852663588,1,True
wine,4,5,11,0,0,1,25.434036254882812,2.3051565051287364,0,False
wine,4,5,12,0,0,1,27.09819602966309,4.431965135241553,0,False
wine,4,5,13,0,0,1,24.99605941772461,2.9642664363336126,0,False
wine,4,5,14,0,0,1,28.926515579223633,3.647740506585383,0,False
wine,4,5,15,1,1,0,38.49876022338867,5.612035695399105,0,True
wine,4,5,16,0,0,1,40.9351921081543,5.097980286363725,0,False
wine,4,5,17,0,0,1,29.84671211242676,3.1808457603141815,0,False
wine,4,5,18,0,0,1,21.19910430908203,3.8750494065297665,1,True
wine,4,5,19,0,0,1,23.95805549621582,4.385904330217742,1,True
wine,4,5,20,0,0,1,27.564746856689453,3.409911786349727,0,False
wine,4,5,21,1,1,0,21.052799224853516,4.2525799284536685,0,True
wine,4,5,22,0,0,1,8.748113632202148,3.580094157765057,1,True
wine,4,5,23,0,0,1,33.27494430541992,2.8924620208166005,0,False
wine,4,5,24,0,0,1,30.044275283813477,4.2580813188105,1,True
wine,4,5,25,1,1,0,15.586044311523438,3.690549824187146,0,True
wine,4,5,26,1,1,0,18.906402587890625,4.0283805937941635,0,True
wine,4,5,27,0,0,1,29.491374969482425,3.622015401316632,0,False
wine,4,5,28,1,1,0,24.48260498046875,4.639563397076072,0,True
wine,4,5,29,0,0,1,22.99099349975586,4.080559186205705,1,True
wine,4,5,30,1,1,0,14.80400562286377,3.078411460574193,0,True
wine,4,5,31,0,0,1,23.328588485717773,4.100277796144068,1,True
wine,4,5,32,1,1,0,21.22869110107422,4.246684359147111,0,True
wine,4,5,33,1,1,0,29.523008346557617,4.695928669248375,0,True
wine,4,5,34,1,1,0,23.980152130126953,4.802497219431029,0,True
wine,4,5,35,1,1,0,14.66318702697754,3.1816222277010104,0,True
wine,4,7,0,0,0,1,29.955291748046875,4.557241414760108,1,True
wine,4,7,1,0,0,1,22.400924682617188,3.186542882487919,0,False
wine,4,7,2,0,0,1,19.64824104309082,3.310847456847658,0,False
wine,4,7,3,1,1,0,29.254281997680664,5.339381936251718,0,True
wine,4,7,4,0,0,1,34.491668701171875,4.910334772696635,0,False
wine,4,7,5,0,0,1,30.732534408569336,4.627311563213562,1,True
wine,4,7,6,1,1,0,23.45882797241211,4.0193383722733715,0,True
wine,4,7,7,0,0,1,19.974294662475582,4.660271826573199,1,True
wine,4,7,8,0,0,1,31.412914276123047,3.912556354422112,0,False
wine,4,7,9,0,0,1,25.096607208251953,3.4593210326271837,0,False
wine,4,7,10,0,0,1,18.857532501220703,3.243778852663588,1,True
wine,4,7,11,0,0,1,25.434036254882812,2.3051565051287364,0,False
wine,4,7,12,0,0,1,27.09819602966309,4.431965135241553,0,False
wine,4,7,13,0,0,1,24.99605941772461,2.9642664363336126,0,False
wine,4,7,14,0,0,1,28.926515579223633,3.647740506585383,0,False
wine,4,7,15,1,1,0,38.49876022338867,5.612035695399105,0,True
wine,4,7,16,0,0,1,40.9351921081543,5.097980286363725,0,False
wine,4,7,17,0,0,1,29.84671211242676,3.1808457603141815,0,False
wine,4,7,18,0,0,1,21.19910430908203,3.8750494065297665,1,True
wine,4,7,19,0,0,1,23.95805549621582,4.385904330217742,1,True
wine,4,7,20,0,0,1,27.564746856689453,3.409911786349727,0,False
wine,4,7,21,1,1,0,21.052799224853516,4.2525799284536685,0,True
wine,4,7,22,0,0,1,8.748113632202148,3.580094157765057,1,True
wine,4,7,23,0,0,1,33.27494430541992,2.8924620208166005,0,False
wine,4,7,24,0,0,1,30.044275283813477,4.2580813188105,1,True
wine,4,7,25,1,1,0,15.586044311523438,3.690549824187146,0,True
wine,4,7,26,1,1,0,18.906402587890625,4.0283805937941635,0,True
wine,4,7,27,0,0,1,29.491374969482425,3.622015401316632,0,False
wine,4,7,28,1,1,0,24.48260498046875,4.639563397076072,0,True
wine,4,7,29,0,0,1,22.99099349975586,4.080559186205705,1,True
wine,4,7,30,1,1,0,14.80400562286377,3.078411460574193,0,True
wine,4,7,31,0,0,1,23.328588485717773,4.100277796144068,1,True
wine,4,7,32,1,1,0,21.22869110107422,4.246684359147111,0,True
wine,4,7,33,1,1,0,29.523008346557617,4.695928669248375,0,True
wine,4,7,34,1,1,0,23.980152130126953,4.802497219431029,0,True
wine,4,7,35,1,1,0,14.66318702697754,3.1816222277010104,0,True
wine,4,10,0,0,0,1,29.955291748046875,4.557241414760108,1,True
wine,4,10,1,0,0,1,22.400924682617188,3.186542882487919,0,False
wine,4,10,2,0,0,1,19.64824104309082,3.310847456847658,0,False
wine,4,10,3,1,1,0,29.254281997680664,5.339381936251718,0,True
wine,4,10,4,0,0,1,34.491668701171875,4.910334772696635,0,False
wine,4,10,5,0,0,1,30.732534408569336,4.627311563213562,1,True
wine,4,10,6,1,1,0,23.45882797241211,4.0193383722733715,0,True
wine,4,10,7,0,0,1,19.974294662475582,4.660271826573199,1,True
wine,4,10,8,0,0,1,31.412914276123047,3.912556354422112,0,False
wine,4,10,9,0,0,1,25.096607208251953,3.4593210326271837,0,False
wine,4,10,10,0,0,1,18.857532501220703,3.243778852663588,1,True
wine,4,10,11,0,0,1,25.434036254882812,2.3051565051287364,0,False
wine,4,10,12,0,0,1,27.09819602966309,4.431965135241553,0,False
wine,4,10,13,0,0,1,24.99605941772461,2.9642664363336126,0,False
wine,4,10,14,0,0,1,28.926515579223633,3.647740506585383,0,False
wine,4,10,15,1,1,0,38.49876022338867,5.612035695399105,0,True
wine,4,10,16,0,0,1,40.9351921081543,5.097980286363725,0,False
wine,4,10,17,0,0,1,29.84671211242676,3.1808457603141815,0,False
wine,4,10,18,0,0,1,21.19910430908203,3.8750494065297665,1,True
wine,4,10,19,0,0,1,23.95805549621582,4.385904330217742,1,True
wine,4,10,20,0,0,1,27.564746856689453,3.409911786349727,0,False
wine,4,10,21,1,1,0,21.052799224853516,4.2525799284536685,0,True
wine,4,10,22,0,0,1,8.748113632202148,3.580094157765057,1,True
wine,4,10,23,0,0,1,33.27494430541992,2.8924620208166005,0,False
wine,4,10,24,0,0,1,30.044275283813477,4.2580813188105,1,True
wine,4,10,25,1,1,0,15.586044311523438,3.690549824187146,0,True
wine,4,10,26,1,1,0,18.906402587890625,4.0283805937941635,0,True
wine,4,10,27,0,0,1,29.491374969482425,3.622015401316632,0,False
wine,4,10,28,1,1,0,24.48260498046875,4.639563397076072,0,True
wine,4,10,29,0,0,1,22.99099349975586,4.080559186205705,1,True
wine,4,10,30,1,1,0,14.80400562286377,3.078411460574193,0,True
wine,4,10,31,0,0,1,23.328588485717773,4.100277796144068,1,True
wine,4,10,32,1,1,0,21.22869110107422,4.246684359147111,0,True
wine,4,10,33,1,1,0,29.523008346557617,4.695928669248375,0,True
wine,4,10,34,1,1,0,23.980152130126953,4.802497219431029,0,True
wine,4,10,35,1,1,0,14.66318702697754,3.1816222277010104,0,True
wine,5,2,0,0,0,1,27.384876251220703,3.5861987984642556,1,True
wine,5,2,1,0,0,1,31.722843170166016,4.041649528601029,1,True
wine,5,2,2,0,0,1,30.615177154541016,4.473264856772919,0,False
wine,5,2,3,0,0,1,29.90859031677246,5.406050256348106,1,True
wine,5,2,4,0,0,1,37.84068298339844,5.430089814704975,1,True
wine,5,2,5,0,0,1,21.57404327392578,4.489843654752596,0,False
wine,5,2,6,0,0,1,36.42488479614258,3.4408322567228957,0,False
wine,5,2,7,0,0,1,19.901201248168945,2.7312999754031018,0,False
wine,5,2,8,0,0,1,22.363048553466797,3.604955095505124,0,False
wine,5,2,9,1,1,0,38.39027404785156,5.489981428758687,0,True
wine,5,2,10,0,0,1,29.174541473388672,3.025332365790109,0,False
wine,5,2,11,0,0,1,30.53346824645996,5.996892578456211,0,False
wine,5,2,12,1,1,0,26.34260368347168,4.833614236928765,0,True
wine,5,2,13,0,0,1,8.439217567443848,5.778370733920448,1,True
wine,5,2,14,1,1,0,24.8273983001709,3.7053431286047873,0,True
wine,5,2,15,0,0,1,17.38205909729004,4.700044863195489,1,True
wine,5,2,16,0,0,1,23.4390811920166,2.7107380024976666,0,False
wine,5,2,17,0,0,1,24.707910537719727,3.020459960249809,0,False
wine,5,2,18,1,1,0,22.9594783782959,4.970510094141908,0,True
wine,5,2,19,0,0,1,28.257631301879883,3.429634120407223,0,False
wine,5,2,20,0,0,1,30.578079223632812,3.586901229305071,0,False
wine,5,2,21,0,0,1,24.17279624938965,2.568572551255684,0,False
wine,5,2,22,0,0,1,28.481996536254883,2.527235279092435,0,False
wine,5,2,23,1,1,0,24.803369522094727,4.982438336673487,0,True
wine,5,2,24,1,1,0,28.313486099243164,5.5624062371542555,0,True
wine,5,2,25,0,0,1,11.180203437805176,5.994660167381663,1,True
wine,5,2,26,0,0,1,27.49402618408203,2.689457932140001,0,False
wine,5,2,28,0,0,1,37.611366271972656,3.842449086798471,0,False
wine,5,2,29,1,1,0,31.940492630004883,4.967421165612538,0,True
wine,5,2,30,1,1,0,20.422285079956055,4.330550805983144,0,True
wine,5,2,31,0,0,1,24.767900466918945,4.544301329093974,1,True
wine,5,2,32,1,1,0,23.549015045166016,3.8620802023561738,0,True
wine,5,2,33,1,1,0,17.008495330810547,3.895307884452832,0,True
wine,5,2,34,1,1,0,10.02560329437256,3.5333813006900536,0,True
wine,5,2,35,0,0,1,23.67369270324707,3.793875562264848,0,False
wine,5,3,0,0,0,1,27.384876251220703,3.5861987984642556,1,True
wine,5,3,1,0,0,1,31.722843170166016,4.041649528601029,1,True
wine,5,3,2,0,0,1,30.615177154541016,4.473264856772919,0,False
wine,5,3,3,0,0,1,29.90859031677246,5.406050256348106,1,True
wine,5,3,4,0,0,1,37.84068298339844,5.430089814704975,1,True
wine,5,3,5,0,0,1,21.57404327392578,4.489843654752596,0,False
wine,5,3,6,0,0,1,36.42488479614258,3.4408322567228957,0,False
wine,5,3,7,0,0,1,19.901201248168945,3.899903230734831,1,True
wine,5,3,8,0,0,1,22.363048553466797,3.604955095505124,0,False
wine,5,3,9,1,1,0,38.39027404785156,5.489981428758687,0,True
wine,5,3,10,0,0,1,29.174541473388672,3.025332365790109,0,False
wine,5,3,11,0,0,1,30.53346824645996,5.996892578456211,0,False
wine,5,3,12,1,1,0,26.34260368347168,4.329469777695381,0,True
wine,5,3,13,0,0,1,8.439217567443848,5.778370733920448,1,True
wine,5,3,14,1,1,0,24.8273983001709,3.7053431286047873,0,True
wine,5,3,15,0,0,1,17.38205909729004,4.700044863195489,1,True
wine,5,3,16,0,0,1,23.4390811920166,3.9310664975706495,1,True
wine,5,3,17,0,0,1,24.707910537719727,3.020459960249809,0,False
wine,5,3,18,1,1,0,22.9594783782959,4.068795287168118,0,True
wine,5,3,20,0,0,1,30.578079223632812,3.697567185593371,1,True
wine,5,3,21,0,0,1,24.17279624938965,2.568572551255684,0,False
wine,5,3,22,0,0,1,28.481996536254883,2.527235279092435,0,False
wine,5,3,23,1,1,0,24.803369522094727,4.5125687990206025,0,True
wine,5,3,24,1,1,0,28.313486099243164,5.426739086041823,0,True
wine,5,3,25,0,0,1,11.180203437805176,5.994660167381663,1,True
wine,5,3,26,0,0,1,27.49402618408203,2.689457932140001,0,False
wine,5,3,28,0,0,1,37.611366271972656,4.526549479006967,0,False
wine,5,3,29,1,1,0,31.940492630004883,4.724012373457945,0,True
wine,5,3,30,1,1,0,20.422285079956055,4.116691636369573,0,True
wine,5,3,31,0,0,1,24.767900466918945,4.544301329093974,1,True
wine,5,3,32,1,1,0,23.549015045166016,3.8620802023561738,0,True
wine,5,3,33,1,1,0,17.008495330810547,3.895307884452832,0,True
wine,5,3,34,1,1,0,10.02560329437256,3.5333813006900536,0,True
wine,5,5,0,0,0,1,27.384876251220703,3.5861987984642556,1,True
wine,5,5,1,0,0,1,31.722843170166016,4.041649528601029,1,True
wine,5,5,2,0,0,1,30.615177154541016,4.473264856772919,0,False
wine,5,5,3,0,0,1,29.90859031677246,5.406050256348106,1,True
wine,5,5,4,0,0,1,37.84068298339844,5.430089814704975,1,True
wine,5,5,5,0,0,1,21.57404327392578,4.489843654752596,0,False
wine,5,5,6,0,0,1,36.42488479614258,3.4408322567228957,0,False
wine,5,5,7,0,0,1,19.901201248168945,3.899903230734831,1,True
wine,5,5,8,0,0,1,22.363048553466797,3.604955095505124,0,False
wine,5,5,9,1,1,0,38.39027404785156,5.489981428758687,0,True
wine,5,5,10,0,0,1,29.174541473388672,3.025332365790109,0,False
wine,5,5,11,0,0,1,30.53346824645996,5.996892578456211,0,False
wine,5,5,12,1,1,0,26.34260368347168,4.329469777695381,0,True
wine,5,5,13,0,0,1,8.439217567443848,5.778370733920448,1,True
wine,5,5,14,1,1,0,24.8273983001709,3.7053431286047873,0,True
wine,5,5,15,0,0,1,17.38205909729004,4.700044863195489,1,True
wine,5,5,16,0,0,1,23.4390811920166,3.9310664975706495,1,True
wine,5,5,17,0,0,1,24.707910537719727,3.020459960249809,0,False
wine,5,5,18,1,1,0,22.9594783782959,4.068795287168118,0,True
wine,5,5,20,0,0,1,30.578079223632812,3.697567185593371,1,True
wine,5,5,21,0,0,1,24.17279624938965,2.568572551255684,0,False
wine,5,5,22,0,0,1,28.481996536254883,2.527235279092435,0,False
wine,5,5,23,1,1,0,24.803369522094727,4.5125687990206025,0,True
wine,5,5,24,1,1,0,28.313486099243164,5.426739086041823,0,True
wine,5,5,25,0,0,1,11.180203437805176,5.994660167381663,1,True
wine,5,5,26,0,0,1,27.49402618408203,2.689457932140001,0,False
wine,5,5,28,0,0,1,37.611366271972656,4.526549479006967,0,False
wine,5,5,29,1,1,0,31.940492630004883,4.724012373457945,0,True
wine,5,5,30,1,1,0,20.422285079956055,4.116691636369573,0,True
wine,5,5,31,0,0,1,24.767900466918945,4.544301329093974,1,True
wine,5,5,32,1,1,0,23.549015045166016,3.8620802023561738,0,True
wine,5,5,33,1,1,0,17.008495330810547,3.895307884452832,0,True
wine,5,5,34,1,1,0,10.02560329437256,3.5333813006900536,0,True
wine,5,7,0,0,0,1,27.384876251220703,3.5861987984642556,1,True
wine,5,7,1,0,0,1,31.722843170166016,4.041649528601029,1,True
wine,5,7,2,0,0,1,30.615177154541016,4.473264856772919,0,False
wine,5,7,3,0,0,1,29.90859031677246,5.406050256348106,1,True
wine,5,7,4,0,0,1,37.84068298339844,5.430089814704975,1,True
wine,5,7,5,0,0,1,21.57404327392578,4.489843654752596,0,False
wine,5,7,6,0,0,1,36.42488479614258,3.4408322567228957,0,False
wine,5,7,7,0,0,1,19.901201248168945,3.899903230734831,1,True
wine,5,7,8,0,0,1,22.363048553466797,3.604955095505124,0,False
wine,5,7,9,1,1,0,38.39027404785156,5.489981428758687,0,True
wine,5,7,10,0,0,1,29.174541473388672,3.025332365790109,0,False
wine,5,7,11,0,0,1,30.53346824645996,5.996892578456211,0,False
wine,5,7,12,1,1,0,26.34260368347168,4.329469777695381,0,True
wine,5,7,13,0,0,1,8.439217567443848,5.778370733920448,1,True
wine,5,7,14,1,1,0,24.8273983001709,3.7053431286047873,0,True
wine,5,7,15,0,0,1,17.38205909729004,4.700044863195489,1,True
wine,5,7,16,0,0,1,23.4390811920166,3.9310664975706495,1,True
wine,5,7,17,0,0,1,24.707910537719727,3.020459960249809,0,False
wine,5,7,18,1,1,0,22.9594783782959,4.068795287168118,0,True
wine,5,7,20,0,0,1,30.578079223632812,3.697567185593371,1,True
wine,5,7,21,0,0,1,24.17279624938965,2.568572551255684,0,False
wine,5,7,22,0,0,1,28.481996536254883,2.527235279092435,0,False
wine,5,7,23,1,1,0,24.803369522094727,4.5125687990206025,0,True
wine,5,7,24,1,1,0,28.313486099243164,5.426739086041823,0,True
wine,5,7,25,0,0,1,11.180203437805176,5.994660167381663,1,True
wine,5,7,26,0,0,1,27.49402618408203,2.689457932140001,0,False
wine,5,7,28,0,0,1,37.611366271972656,4.526549479006967,0,False
wine,5,7,29,1,1,0,31.940492630004883,4.724012373457945,0,True
wine,5,7,30,1,1,0,20.422285079956055,4.116691636369573,0,True
wine,5,7,31,0,0,1,24.767900466918945,4.544301329093974,1,True
wine,5,7,32,1,1,0,23.549015045166016,3.8620802023561738,0,True
wine,5,7,33,1,1,0,17.008495330810547,3.895307884452832,0,True
wine,5,7,34,1,1,0,10.02560329437256,3.5333813006900536,0,True
wine,5,10,0,0,0,1,27.384876251220703,3.5861987984642556,1,True
wine,5,10,1,0,0,1,31.722843170166016,4.041649528601029,1,True
wine,5,10,2,0,0,1,30.615177154541016,4.473264856772919,0,False
wine,5,10,3,0,0,1,29.90859031677246,5.406050256348106,1,True
wine,5,10,4,0,0,1,37.84068298339844,5.430089814704975,1,True
wine,5,10,5,0,0,1,21.57404327392578,4.489843654752596,0,False
wine,5,10,6,0,0,1,36.42488479614258,3.4408322567228957,0,False
wine,5,10,7,0,0,1,19.901201248168945,3.899903230734831,1,True
wine,5,10,8,0,0,1,22.363048553466797,3.604955095505124,0,False
wine,5,10,9,1,1,0,38.39027404785156,5.489981428758687,0,True
wine,5,10,10,0,0,1,29.174541473388672,3.025332365790109,0,False
wine,5,10,11,0,0,1,30.53346824645996,5.996892578456211,0,False
wine,5,10,12,1,1,0,26.34260368347168,4.329469777695381,0,True
wine,5,10,13,0,0,1,8.439217567443848,5.778370733920448,1,True
wine,5,10,14,1,1,0,24.8273983001709,3.7053431286047873,0,True
wine,5,10,15,0,0,1,17.38205909729004,4.700044863195489,1,True
wine,5,10,16,0,0,1,23.4390811920166,3.9310664975706495,1,True
wine,5,10,17,0,0,1,24.707910537719727,3.020459960249809,0,False
wine,5,10,18,1,1,0,22.9594783782959,4.068795287168118,0,True
wine,5,10,20,0,0,1,30.578079223632812,3.697567185593371,1,True
wine,5,10,21,0,0,1,24.17279624938965,2.568572551255684,0,False
wine,5,10,22,0,0,1,28.481996536254883,2.527235279092435,0,False
wine,5,10,23,1,1,0,24.803369522094727,4.5125687990206025,0,True
wine,5,10,24,1,1,0,28.313486099243164,5.426739086041823,0,True
wine,5,10,25,0,0,1,11.180203437805176,5.994660167381663,1,True
wine,5,10,26,0,0,1,27.49402618408203,2.689457932140001,0,False
wine,5,10,28,0,0,1,37.611366271972656,4.526549479006967,0,False
wine,5,10,29,1,1,0,31.940492630004883,4.724012373457945,0,True
wine,5,10,30,1,1,0,20.422285079956055,4.116691636369573,0,True
wine,5,10,31,0,0,1,24.767900466918945,4.544301329093974,1,True
wine,5,10,32,1,1,0,23.549015045166016,3.8620802023561738,0,True
wine,5,10,33,1,1,0,17.008495330810547,3.895307884452832,0,True
wine,5,10,34,1,1,0,10.02560329437256,3.5333813006900536,0,True
wine,6,2,0,1,1,0,13.955095291137695,3.6246453876456393,0,True
wine,6,2,1,0,0,1,19.009492874145508,4.025640070052482,1,True
wine,6,2,2,1,1,0,27.66742706298828,4.302588619406367,0,True
wine,6,2,3,0,0,1,18.137632369995117,4.825907353370049,1,True
wine,6,2,4,1,1,0,20.805763244628903,3.5243031783313223,0,True
wine,6,2,5,0,0,1,14.79372501373291,4.813405916288336,1,True
wine,6,2,6,0,0,1,25.852069854736328,4.93031528477787,1,True
wine,6,2,8,1,1,0,20.63298797607422,3.757182912811133,0,True
wine,6,2,9,1,1,0,32.06373977661133,4.891435584672627,0,True
wine,6,2,10,0,0,1,17.274250030517578,3.7614909588941017,1,True
wine,6,2,11,0,0,1,14.753034591674805,2.9892450023002417,1,True
wine,6,2,12,1,1,0,21.777103424072266,3.5615615337825037,0,True
wine,6,2,13,0,0,1,18.614517211914062,5.407395343235326,1,True
wine,6,2,14,0,0,1,30.08129119873047,3.880069979521418,1,True
wine,6,2,15,0,0,1,20.367353439331055,4.198955856235434,1,True
wine,6,2,16,0,0,1,16.490541458129883,2.5063845455545497,1,True
wine,6,2,17,0,0,1,25.280197143554688,4.562540403843293,1,True
wine,6,2,18,0,0,1,22.215951919555664,3.228076912953205,1,True
wine,6,2,19,0,0,1,16.38911247253418,5.3207293233867485,1,True
wine,6,2,20,1,1,0,20.5877742767334,3.948660323022702,0,True
wine,6,2,21,0,0,1,4.837471961975098,5.531248645570231,1,True
wine,6,2,22,1,1,0,27.79724884033203,4.43062691255949,0,True
wine,6,2,23,0,0,1,23.73026657104492,4.305714409717936,1,True
wine,6,2,24,0,0,1,28.390779495239254,4.570297147330041,1,True
wine,6,2,25,0,0,1,20.315759658813477,3.63079092851232,1,True
wine,6,2,26,0,0,1,23.180374145507812,4.447489207016344,1,True
wine,6,2,27,0,0,1,22.27109718322754,4.637058397441576,1,True
wine,6,2,28,1,1,0,26.35241317749023,3.976359544260642,0,True
wine,6,2,29,0,0,1,27.379636764526367,3.831843470179866,1,True
wine,6,2,30,0,0,1,30.555118560791016,5.298089820108418,1,True
wine,6,2,31,1,1,0,29.86695098876953,3.849625022583327,0,True
wine,6,2,32,0,0,1,26.683237075805664,4.687728049521534,1,True
wine,6,2,33,0,0,1,27.85647964477539,4.953030051943625,1,True
wine,6,2,34,1,1,0,23.402080535888672,3.797174419510073,0,True
wine,6,2,35,0,0,1,21.23810577392578,4.232057808851932,1,True
wine,6,3,0,1,1,0,13.955095291137695,3.6246453876456393,0,True
wine,6,3,1,0,0,1,19.009492874145508,4.025640070052482,1,True
wine,6,3,2,1,1,0,27.66742706298828,4.302588619406367,0,True
wine,6,3,3,0,0,1,18.137632369995117,4.825907353370049,1,True
wine,6,3,4,1,1,0,20.805763244628903,3.5243031783313223,0,True
wine,6,3,5,0,0,1,14.79372501373291,4.813405916288336,1,True
wine,6,3,6,0,0,1,25.852069854736328,4.93031528477787,1,True
wine,6,3,8,1,1,0,20.63298797607422,3.757182912811133,0,True
wine,6,3,9,1,1,0,32.06373977661133,4.891435584672627,0,True
wine,6,3,10,0,0,1,17.274250030517578,3.7614909588941017,1,True
wine,6,3,12,1,1,0,21.777103424072266,3.5615615337825037,0,True
wine,6,3,13,0,0,1,18.614517211914062,5.407395343235326,1,True
wine,6,3,14,0,0,1,30.08129119873047,3.880069979521418,1,True
wine,6,3,15,0,0,1,20.367353439331055,4.198955856235434,1,True
wine,6,3,16,0,0,1,16.490541458129883,2.5063845455545497,1,True
wine,6,3,17,0,0,1,25.280197143554688,4.562540403843293,1,True
wine,6,3,18,0,0,1,22.215951919555664,3.228076912953205,1,True
wine,6,3,19,0,0,1,16.38911247253418,5.3207293233867485,1,True
wine,6,3,20,1,1,0,20.5877742767334,3.948660323022702,0,True
wine,6,3,21,0,0,1,4.837471961975098,5.531248645570231,1,True
wine,6,3,22,1,1,0,27.79724884033203,4.43062691255949,0,True
wine,6,3,23,0,0,1,23.73026657104492,4.305714409717936,1,True
wine,6,3,24,0,0,1,28.390779495239254,4.570297147330041,1,True
wine,6,3,25,0,0,1,20.315759658813477,3.63079092851232,1,True
wine,6,3,26,0,0,1,23.180374145507812,4.447489207016344,1,True
wine,6,3,27,0,0,1,22.27109718322754,4.637058397441576,1,True
wine,6,3,28,1,1,0,26.35241317749023,3.976359544260642,0,True
wine,6,3,29,0,0,1,27.379636764526367,3.831843470179866,1,True
wine,6,3,30,0,0,1,30.555118560791016,5.298089820108418,1,True
wine,6,3,31,1,1,0,29.86695098876953,3.849625022583327,0,True
wine,6,3,32,0,0,1,26.683237075805664,4.687728049521534,1,True
wine,6,3,33,0,0,1,27.85647964477539,4.953030051943625,1,True
wine,6,3,34,1,1,0,23.402080535888672,3.797174419510073,0,True
wine,6,3,35,0,0,1,21.23810577392578,4.232057808851932,1,True
wine,6,5,0,1,1,0,13.955095291137695,3.6246453876456393,0,True
wine,6,5,1,0,0,1,19.009492874145508,4.025640070052482,1,True
wine,6,5,2,1,1,0,27.66742706298828,4.302588619406367,0,True
wine,6,5,3,0,0,1,18.137632369995117,4.825907353370049,1,True
wine,6,5,4,1,1,0,20.805763244628903,3.5243031783313223,0,True
wine,6,5,5,0,0,1,14.79372501373291,4.813405916288336,1,True
wine,6,5,6,0,0,1,25.852069854736328,4.93031528477787,1,True
wine,6,5,8,1,1,0,20.63298797607422,3.757182912811133,0,True
wine,6,5,9,1,1,0,32.06373977661133,4.891435584672627,0,True
wine,6,5,10,0,0,1,17.274250030517578,3.7614909588941017,1,True
wine,6,5,12,1,1,0,21.777103424072266,3.5615615337825037,0,True
wine,6,5,13,0,0,1,18.614517211914062,5.407395343235326,1,True
wine,6,5,14,0,0,1,30.08129119873047,3.880069979521418,1,True
wine,6,5,15,0,0,1,20.367353439331055,4.198955856235434,1,True
wine,6,5,16,0,0,1,16.490541458129883,2.5063845455545497,1,True
wine,6,5,17,0,0,1,25.280197143554688,4.562540403843293,1,True
wine,6,5,18,0,0,1,22.215951919555664,3.228076912953205,1,True
wine,6,5,19,0,0,1,16.38911247253418,5.3207293233867485,1,True
wine,6,5,20,1,1,0,20.5877742767334,3.948660323022702,0,True
wine,6,5,21,0,0,1,4.837471961975098,5.531248645570231,1,True
wine,6,5,22,1,1,0,27.79724884033203,4.43062691255949,0,True
wine,6,5,23,0,0,1,23.73026657104492,4.305714409717936,1,True
wine,6,5,24,0,0,1,28.390779495239254,4.570297147330041,1,True
wine,6,5,25,0,0,1,20.315759658813477,3.63079092851232,1,True
wine,6,5,26,0,0,1,23.180374145507812,4.447489207016344,1,True
wine,6,5,27,0,0,1,22.27109718322754,4.637058397441576,1,True
wine,6,5,28,1,1,0,26.35241317749023,3.976359544260642,0,True
wine,6,5,29,0,0,1,27.379636764526367,3.831843470179866,1,True
wine,6,5,30,0,0,1,30.555118560791016,5.298089820108418,1,True
wine,6,5,31,1,1,0,29.86695098876953,3.849625022583327,0,True
wine,6,5,32,0,0,1,26.683237075805664,4.687728049521534,1,True
wine,6,5,33,0,0,1,27.85647964477539,4.953030051943625,1,True
wine,6,5,34,1,1,0,23.402080535888672,3.797174419510073,0,True
wine,6,5,35,0,0,1,21.23810577392578,4.232057808851932,1,True
wine,6,7,0,1,1,0,13.955095291137695,3.6246453876456393,0,True
wine,6,7,1,0,0,1,19.009492874145508,4.025640070052482,1,True
wine,6,7,2,1,1,0,27.66742706298828,4.302588619406367,0,True
wine,6,7,3,0,0,1,18.137632369995117,4.825907353370049,1,True
wine,6,7,4,1,1,0,20.805763244628903,3.5243031783313223,0,True
wine,6,7,5,0,0,1,14.79372501373291,4.813405916288336,1,True
wine,6,7,6,0,0,1,25.852069854736328,4.93031528477787,1,True
wine,6,7,8,1,1,0,20.63298797607422,3.757182912811133,0,True
wine,6,7,9,1,1,0,32.06373977661133,4.891435584672627,0,True
wine,6,7,10,0,0,1,17.274250030517578,3.7614909588941017,1,True
wine,6,7,12,1,1,0,21.777103424072266,3.5615615337825037,0,True
wine,6,7,13,0,0,1,18.614517211914062,5.407395343235326,1,True
wine,6,7,14,0,0,1,30.08129119873047,3.880069979521418,1,True
wine,6,7,15,0,0,1,20.367353439331055,4.198955856235434,1,True
wine,6,7,16,0,0,1,16.490541458129883,2.5063845455545497,1,True
wine,6,7,17,0,0,1,25.280197143554688,4.562540403843293,1,True
wine,6,7,18,0,0,1,22.215951919555664,3.228076912953205,1,True
wine,6,7,19,0,0,1,16.38911247253418,5.3207293233867485,1,True
wine,6,7,20,1,1,0,20.5877742767334,3.948660323022702,0,True
wine,6,7,21,0,0,1,4.837471961975098,5.531248645570231,1,True
wine,6,7,22,1,1,0,27.79724884033203,4.43062691255949,0,True
wine,6,7,23,0,0,1,23.73026657104492,4.305714409717936,1,True
wine,6,7,24,0,0,1,28.390779495239254,4.570297147330041,1,True
wine,6,7,25,0,0,1,20.315759658813477,3.63079092851232,1,True
wine,6,7,26,0,0,1,23.180374145507812,4.447489207016344,1,True
wine,6,7,27,0,0,1,22.27109718322754,4.637058397441576,1,True
wine,6,7,28,1,1,0,26.35241317749023,3.976359544260642,0,True
wine,6,7,29,0,0,1,27.379636764526367,3.831843470179866,1,True
wine,6,7,30,0,0,1,30.555118560791016,5.298089820108418,1,True
wine,6,7,31,1,1,0,29.86695098876953,3.849625022583327,0,True
wine,6,7,32,0,0,1,26.683237075805664,4.687728049521534,1,True
wine,6,7,33,0,0,1,27.85647964477539,4.953030051943625,1,True
wine,6,7,34,1,1,0,23.402080535888672,3.797174419510073,0,True
wine,6,7,35,0,0,1,21.23810577392578,4.232057808851932,1,True
wine,6,10,0,1,1,0,13.955095291137695,3.6246453876456393,0,True
wine,6,10,1,0,0,1,19.009492874145508,4.025640070052482,1,True
wine,6,10,2,1,1,0,27.66742706298828,4.302588619406367,0,True
wine,6,10,3,0,0,1,18.137632369995117,4.825907353370049,1,True
wine,6,10,4,1,1,0,20.805763244628903,3.5243031783313223,0,True
wine,6,10,5,0,0,1,14.79372501373291,4.813405916288336,1,True
wine,6,10,6,0,0,1,25.852069854736328,4.93031528477787,1,True
wine,6,10,8,1,1,0,20.63298797607422,3.757182912811133,0,True
wine,6,10,9,1,1,0,32.06373977661133,4.891435584672627,0,True
wine,6,10,10,0,0,1,17.274250030517578,3.7614909588941017,1,True
wine,6,10,12,1,1,0,21.777103424072266,3.5615615337825037,0,True
wine,6,10,13,0,0,1,18.614517211914062,5.407395343235326,1,True
wine,6,10,14,0,0,1,30.08129119873047,3.880069979521418,1,True
wine,6,10,15,0,0,1,20.367353439331055,4.198955856235434,1,True
wine,6,10,16,0,0,1,16.490541458129883,2.5063845455545497,1,True
wine,6,10,17,0,0,1,25.280197143554688,4.562540403843293,1,True
wine,6,10,18,0,0,1,22.215951919555664,3.228076912953205,1,True
wine,6,10,19,0,0,1,16.38911247253418,5.3207293233867485,1,True
wine,6,10,20,1,1,0,20.5877742767334,3.948660323022702,0,True
wine,6,10,21,0,0,1,4.837471961975098,5.531248645570231,1,True
wine,6,10,22,1,1,0,27.79724884033203,4.43062691255949,0,True
wine,6,10,23,0,0,1,23.73026657104492,4.305714409717936,1,True
wine,6,10,24,0,0,1,28.390779495239254,4.570297147330041,1,True
wine,6,10,25,0,0,1,20.315759658813477,3.63079092851232,1,True
wine,6,10,26,0,0,1,23.180374145507812,4.447489207016344,1,True
wine,6,10,27,0,0,1,22.27109718322754,4.637058397441576,1,True
wine,6,10,28,1,1,0,26.35241317749023,3.976359544260642,0,True
wine,6,10,29,0,0,1,27.379636764526367,3.831843470179866,1,True
wine,6,10,30,0,0,1,30.555118560791016,5.298089820108418,1,True
wine,6,10,31,1,1,0,29.86695098876953,3.849625022583327,0,True
wine,6,10,32,0,0,1,26.683237075805664,4.687728049521534,1,True
wine,6,10,33,0,0,1,27.85647964477539,4.953030051943625,1,True
wine,6,10,34,1,1,0,23.402080535888672,3.797174419510073,0,True
wine,6,10,35,0,0,1,21.23810577392578,4.232057808851932,1,True
wine,7,2,0,0,0,1,18.30156898498535,4.267819595646086,1,True
wine,7,2,1,0,0,1,12.714991569519045,3.2612695027048413,1,True
wine,7,2,2,1,1,0,17.104673385620117,2.830237763509128,1,False
wine,7,2,3,1,1,0,19.58144187927246,1.845895258296681,1,False
wine,7,2,4,1,1,0,20.79094696044922,3.042804093651742,1,False
wine,7,2,5,1,1,0,23.286266326904297,3.235137757478314,1,False
wine,7,2,6,0,0,1,27.67222023010254,5.005008189419813,1,True
wine,7,2,7,0,0,1,20.391599655151367,4.912787535796456,1,True
wine,7,2,8,0,0,1,37.725067138671875,3.9388266677062767,1,True
wine,7,2,9,0,0,1,34.03307342529297,5.669764422782059,1,True
wine,7,2,10,1,1,0,17.905675888061523,2.071696991358589,1,False
wine,7,2,11,0,0,1,23.690465927124023,4.58075471163286,1,True
wine,7,2,12,0,0,1,5.131958484649658,3.128826774023591,1,True
wine,7,2,14,0,0,1,30.33635902404785,5.318512799449686,1,True
wine,7,2,15,1,1,0,12.968853950500488,2.5571999393154523,1,False
wine,7,2,16,0,0,1,24.220293045043945,4.596574664792473,1,True
wine,7,2,17,0,0,1,8.218228340148926,2.878203463749812,1,True
wine,7,2,18,0,0,1,26.382732391357425,3.472254014827051,1,True
wine,7,2,19,0,0,1,20.99011993408203,4.627775094244016,1,True
wine,7,2,20,1,1,0,26.52923583984375,3.8376013135092726,1,False
wine,7,2,21,0,0,1,19.055221557617188,5.541747252435879,1,True
wine,7,2,22,0,0,1,34.21697235107422,6.211342115416069,1,True
wine,7,2,23,0,0,1,32.072391510009766,4.858671486739296,1,True
wine,7,2,24,0,0,1,29.12153434753418,3.779111500139366,1,True
wine,7,2,25,0,0,1,19.4812068939209,4.192177059675737,1,True
wine,7,2,26,0,0,1,23.56586456298828,4.9233987609491345,1,True
wine,7,2,27,1,1,0,12.314797401428224,2.929225448748123,0,True
wine,7,2,28,0,0,1,37.28091812133789,4.070295992548231,1,True
wine,7,2,29,1,1,0,17.730955123901367,3.0867310043856264,0,True
wine,7,2,30,0,0,1,22.36652374267578,4.4230208854948385,1,True
wine,7,2,31,0,0,1,19.622541427612305,4.776112051797522,1,True
wine,7,2,32,1,1,0,29.820323944091797,3.854661175161326,1,False
wine,7,2,33,1,1,0,22.27606773376465,3.2035804943990938,1,False
wine,7,2,34,0,0,1,32.57594299316406,5.592931272640337,1,True
wine,7,2,35,1,1,0,16.18820571899414,2.527908030011424,0,True
wine,7,3,0,0,0,1,18.30156898498535,4.267819595646086,1,True
wine,7,3,1,0,0,1,12.714991569519045,3.2612695027048413,1,True
wine,7,3,2,1,1,0,17.104673385620117,2.830237763509128,1,False
wine,7,3,3,1,1,0,19.58144187927246,1.845895258296681,1,False
wine,7,3,4,1,1,0,20.79094696044922,3.042804093651742,1,False
wine,7,3,5,1,1,0,23.286266326904297,3.235137757478314,1,False
wine,7,3,6,0,0,1,27.67222023010254,4.681903046380862,0,False
wine,7,3,7,0,0,1,20.391599655151367,4.912787535796456,1,True
wine,7,3,8,0,0,1,37.725067138671875,2.27975571407525,0,False
wine,7,3,9,0,0,1,34.03307342529297,5.669764422782059,1,True
wine,7,3,10,1,1,0,17.905675888061523,2.071696991358589,1,False
wine,7,3,11,0,0,1,23.690465927124023,4.58075471163286,1,True
wine,7,3,14,0,0,1,30.33635902404785,5.318512799449686,1,True
wine,7,3,15,1,1,0,12.968853950500488,2.5571999393154523,1,False
wine,7,3,16,0,0,1,24.220293045043945,4.596574664792473,1,True
wine,7,3,17,0,0,1,8.218228340148926,2.61577597675193,0,False
wine,7,3,18,0,0,1,26.382732391357425,2.375166685253686,0,False
wine,7,3,19,0,0,1,20.99011993408203,4.281377937535468,0,False
wine,7,3,20,1,1,0,26.52923583984375,3.8376013135092726,1,False
wine,7,3,21,0,0,1,19.055221557617188,5.541747252435879,1,True
wine,7,3,22,0,0,1,34.21697235107422,4.535841388328644,0,False
wine,7,3,23,0,0,1,32.072391510009766,4.858671486739296,1,True
wine,7,3,24,0,0,1,29.12153434753418,2.4266289628338975,0,False
wine,7,3,25,0,0,1,19.4812068939209,4.192177059675737,1,True
wine,7,3,26,0,0,1,23.56586456298828,4.557469979514381,0,False
wine,7,3,27,1,1,0,12.314797401428224,2.929225448748123,0,True
wine,7,3,28,0,0,1,37.28091812133789,3.779563981562292,0,False
wine,7,3,29,1,1,0,17.730955123901367,3.0867310043856264,0,True
wine,7,3,30,0,0,1,22.36652374267578,4.4230208854948385,1,True
wine,7,3,31,0,0,1,19.622541427612305,4.776112051797522,1,True
wine,7,3,32,1,1,0,29.820323944091797,3.854661175161326,1,False
wine,7,3,33,1,1,0,22.27606773376465,3.2035804943990938,1,False
wine,7,3,34,0,0,1,32.57594299316406,5.592931272640337,1,True
wine,7,3,35,1,1,0,16.18820571899414,2.527908030011424,0,True
wine,7,5,0,0,0,1,18.30156898498535,4.267819595646086,1,True
wine,7,5,1,0,0,1,12.714991569519045,3.2612695027048413,1,True
wine,7,5,2,1,1,0,17.104673385620117,2.830237763509128,1,False
wine,7,5,3,1,1,0,19.58144187927246,1.845895258296681,1,False
wine,7,5,4,1,1,0,20.79094696044922,3.042804093651742,1,False
wine,7,5,5,1,1,0,23.286266326904297,3.235137757478314,1,False
wine,7,5,6,0,0,1,27.67222023010254,4.681903046380862,0,False
wine,7,5,7,0,0,1,20.391599655151367,4.912787535796456,1,True
wine,7,5,8,0,0,1,37.725067138671875,2.27975571407525,0,False
wine,7,5,9,0,0,1,34.03307342529297,5.669764422782059,1,True
wine,7,5,10,1,1,0,17.905675888061523,2.071696991358589,1,False
wine,7,5,11,0,0,1,23.690465927124023,4.58075471163286,1,True
wine,7,5,14,0,0,1,30.33635902404785,5.318512799449686,1,True
wine,7,5,15,1,1,0,12.968853950500488,2.5571999393154523,1,False
wine,7,5,16,0,0,1,24.220293045043945,4.596574664792473,1,True
wine,7,5,17,0,0,1,8.218228340148926,2.61577597675193,0,False
wine,7,5,18,0,0,1,26.382732391357425,2.375166685253686,0,False
wine,7,5,19,0,0,1,20.99011993408203,4.281377937535468,0,False
wine,7,5,20,1,1,0,26.52923583984375,3.8376013135092726,1,False
wine,7,5,21,0,0,1,19.055221557617188,5.541747252435879,1,True
wine,7,5,22,0,0,1,34.21697235107422,4.535841388328644,0,False
wine,7,5,23,0,0,1,32.072391510009766,4.858671486739296,1,True
wine,7,5,24,0,0,1,29.12153434753418,2.4266289628338975,0,False
wine,7,5,25,0,0,1,19.4812068939209,4.192177059675737,1,True
wine,7,5,26,0,0,1,23.56586456298828,4.557469979514381,0,False
wine,7,5,27,1,1,0,12.314797401428224,2.929225448748123,0,True
wine,7,5,28,0,0,1,37.28091812133789,3.779563981562292,0,False
wine,7,5,29,1,1,0,17.730955123901367,3.0867310043856264,0,True
wine,7,5,30,0,0,1,22.36652374267578,4.4230208854948385,1,True
wine,7,5,31,0,0,1,19.622541427612305,4.776112051797522,1,True
wine,7,5,32,1,1,0,29.820323944091797,3.854661175161326,1,False
wine,7,5,33,1,1,0,22.27606773376465,3.2035804943990938,1,False
wine,7,5,34,0,0,1,32.57594299316406,5.592931272640337,1,True
wine,7,5,35,1,1,0,16.18820571899414,2.527908030011424,0,True
wine,7,7,0,0,0,1,18.30156898498535,4.267819595646086,1,True
wine,7,7,1,0,0,1,12.714991569519045,3.2612695027048413,1,True
wine,7,7,2,1,1,0,17.104673385620117,2.830237763509128,1,False
wine,7,7,3,1,1,0,19.58144187927246,1.845895258296681,1,False
wine,7,7,4,1,1,0,20.79094696044922,3.042804093651742,1,False
wine,7,7,5,1,1,0,23.286266326904297,3.235137757478314,1,False
wine,7,7,6,0,0,1,27.67222023010254,4.681903046380862,0,False
wine,7,7,7,0,0,1,20.391599655151367,4.912787535796456,1,True
wine,7,7,8,0,0,1,37.725067138671875,2.27975571407525,0,False
wine,7,7,9,0,0,1,34.03307342529297,5.669764422782059,1,True
wine,7,7,10,1,1,0,17.905675888061523,2.071696991358589,1,False
wine,7,7,11,0,0,1,23.690465927124023,4.58075471163286,1,True
wine,7,7,14,0,0,1,30.33635902404785,5.318512799449686,1,True
wine,7,7,15,1,1,0,12.968853950500488,2.5571999393154523,1,False
wine,7,7,16,0,0,1,24.220293045043945,4.596574664792473,1,True
wine,7,7,17,0,0,1,8.218228340148926,2.61577597675193,0,False
wine,7,7,18,0,0,1,26.382732391357425,2.375166685253686,0,False
wine,7,7,19,0,0,1,20.99011993408203,4.281377937535468,0,False
wine,7,7,20,1,1,0,26.52923583984375,3.8376013135092726,1,False
wine,7,7,21,0,0,1,19.055221557617188,5.541747252435879,1,True
wine,7,7,22,0,0,1,34.21697235107422,4.535841388328644,0,False
wine,7,7,23,0,0,1,32.072391510009766,4.858671486739296,1,True
wine,7,7,24,0,0,1,29.12153434753418,2.4266289628338975,0,False
wine,7,7,25,0,0,1,19.4812068939209,4.192177059675737,1,True
wine,7,7,26,0,0,1,23.56586456298828,4.557469979514381,0,False
wine,7,7,27,1,1,0,12.314797401428224,2.929225448748123,0,True
wine,7,7,28,0,0,1,37.28091812133789,3.779563981562292,0,False
wine,7,7,29,1,1,0,17.730955123901367,3.0867310043856264,0,True
wine,7,7,30,0,0,1,22.36652374267578,4.4230208854948385,1,True
wine,7,7,31,0,0,1,19.622541427612305,4.776112051797522,1,True
wine,7,7,32,1,1,0,29.820323944091797,3.854661175161326,1,False
wine,7,7,33,1,1,0,22.27606773376465,3.2035804943990938,1,False
wine,7,7,34,0,0,1,32.57594299316406,5.592931272640337,1,True
wine,7,7,35,1,1,0,16.18820571899414,2.527908030011424,0,True
wine,7,10,0,0,0,1,18.30156898498535,4.267819595646086,1,True
wine,7,10,1,0,0,1,12.714991569519045,3.2612695027048413,1,True
wine,7,10,2,1,1,0,17.104673385620117,2.830237763509128,1,False
wine,7,10,3,1,1,0,19.58144187927246,1.845895258296681,1,False
wine,7,10,4,1,1,0,20.79094696044922,3.042804093651742,1,False
wine,7,10,5,1,1,0,23.286266326904297,3.235137757478314,1,False
wine,7,10,6,0,0,1,27.67222023010254,4.681903046380862,0,False
wine,7,10,7,0,0,1,20.391599655151367,4.912787535796456,1,True
wine,7,10,8,0,0,1,37.725067138671875,2.27975571407525,0,False
wine,7,10,9,0,0,1,34.03307342529297,5.669764422782059,1,True
wine,7,10,10,1,1,0,17.905675888061523,2.071696991358589,1,False
wine,7,10,11,0,0,1,23.690465927124023,4.58075471163286,1,True
wine,7,10,14,0,0,1,30.33635902404785,5.318512799449686,1,True
wine,7,10,15,1,1,0,12.968853950500488,2.5571999393154523,1,False
wine,7,10,16,0,0,1,24.220293045043945,4.596574664792473,1,True
wine,7,10,17,0,0,1,8.218228340148926,2.61577597675193,0,False
wine,7,10,18,0,0,1,26.382732391357425,2.375166685253686,0,False
wine,7,10,19,0,0,1,20.99011993408203,4.281377937535468,0,False
wine,7,10,20,1,1,0,26.52923583984375,3.8376013135092726,1,False
wine,7,10,21,0,0,1,19.055221557617188,5.541747252435879,1,True
wine,7,10,22,0,0,1,34.21697235107422,4.535841388328644,0,False
wine,7,10,23,0,0,1,32.072391510009766,4.858671486739296,1,True
wine,7,10,24,0,0,1,29.12153434753418,2.4266289628338975,0,False
wine,7,10,25,0,0,1,19.4812068939209,4.192177059675737,1,True
wine,7,10,26,0,0,1,23.56586456298828,4.557469979514381,0,False
wine,7,10,27,1,1,0,12.314797401428224,2.929225448748123,0,True
wine,7,10,28,0,0,1,37.28091812133789,3.779563981562292,0,False
wine,7,10,29,1,1,0,17.730955123901367,3.0867310043856264,0,True
wine,7,10,30,0,0,1,22.36652374267578,4.4230208854948385,1,True
wine,7,10,31,0,0,1,19.622541427612305,4.776112051797522,1,True
wine,7,10,32,1,1,0,29.820323944091797,3.854661175161326,1,False
wine,7,10,33,1,1,0,22.27606773376465,3.2035804943990938,1,False
wine,7,10,34,0,0,1,32.57594299316406,5.592931272640337,1,True
wine,7,10,35,1,1,0,16.18820571899414,2.527908030011424,0,True
wine,8,2,0,0,0,1,20.502485275268555,4.9422413948049275,1,True
wine,8,2,1,1,1,0,23.675621032714844,3.24251999012131,1,False
wine,8,2,2,1,1,0,18.37945556640625,2.8082786737982945,1,False
wine,8,2,3,0,0,1,33.4853515625,3.904027333328476,1,True
wine,8,2,4,0,0,1,41.432594299316406,5.301483646027494,1,True
wine,8,2,5,1,1,0,18.58928871154785,2.2690049820375124,1,False
wine,8,2,6,1,1,0,28.45659446716309,4.257655590982548,1,False
wine,8,2,7,0,0,1,32.82875442504883,3.89670460304596,1,True
wine,8,2,8,0,0,1,25.881011962890625,3.9049140937114726,1,True
wine,8,2,9,0,0,1,16.95709228515625,3.398419936669983,1,True
wine,8,2,10,1,1,0,20.41003036499023,2.808048494029331,1,False
wine,8,2,11,0,0,1,18.21002960205078,3.872125821287923,1,True
wine,8,2,12,0,0,1,24.523113250732425,3.652726272797397,1,True
wine,8,2,13,0,0,1,20.546390533447266,2.8812294791644337,1,True
wine,8,2,14,0,0,1,30.04793930053711,5.746814978481527,1,True
wine,8,2,15,0,0,1,24.067243576049805,4.070793379254183,1,True
wine,8,2,16,1,1,0,20.45345687866211,2.94727151491374,1,False
wine,8,2,17,0,0,1,21.11527442932129,4.185824709380196,1,True
wine,8,2,18,0,0,1,56.19546890258789,5.091746189075552,1,True
wine,8,2,19,1,1,0,17.32291030883789,2.419660261395871,1,False
wine,8,2,20,0,0,1,24.036651611328125,4.988264810683639,1,True
wine,8,2,21,1,1,0,25.145355224609375,2.5866225140153385,1,False
wine,8,2,22,0,0,1,29.00326919555664,3.928310922581731,1,True
wine,8,2,23,0,0,1,11.982535362243652,3.7213706840797327,1,True
wine,8,2,24,0,0,1,24.30980110168457,5.161166536606713,1,True
wine,8,2,25,0,0,1,20.01316261291504,3.9887894372384096,1,True
wine,8,2,27,0,0,1,21.977153778076172,4.856200604746966,1,True
wine,8,2,28,0,0,1,40.231727600097656,4.097917182701612,1,True
wine,8,2,30,0,0,1,25.215478897094727,3.9089635925663138,1,True
wine,8,2,31,0,0,1,25.37459373474121,5.304642478136606,1,True
wine,8,2,32,0,0,1,18.841575622558594,4.633229905116387,1,True
wine,8,2,33,1,1,0,16.58573341369629,2.881859702765575,1,False
wine,8,2,35,0,0,1,10.778531074523926,3.896422284233682,1,True
wine,8,3,0,0,0,1,20.502485275268555,4.9422413948049275,1,True
wine,8,3,1,1,1,0,23.675621032714844,3.8642706993155778,1,False
wine,8,3,2,1,1,0,18.37945556640625,2.8082786737982945,1,False
wine,8,3,3,0,0,1,33.4853515625,3.904027333328476,1,True
wine,8,3,4,0,0,1,41.432594299316406,5.301483646027494,1,True
wine,8,3,5,1,1,0,18.58928871154785,2.6547797424182993,1,False
wine,8,3,6,1,1,0,28.45659446716309,5.1837744358797915,1,False
wine,8,3,7,0,0,1,32.82875442504883,3.89670460304596,1,True
wine,8,3,8,0,0,1,25.881011962890625,3.873874675361285,1,True
wine,8,3,9,0,0,1,16.95709228515625,3.398419936669983,1,True
wine,8,3,10,1,1,0,20.41003036499023,3.934423844294389,1,False
wine,8,3,11,0,0,1,18.21002960205078,2.9950869703814575,1,True
wine,8,3,12,0,0,1,24.523113250732425,3.652726272797397,1,True
wine,8,3,13,0,0,1,20.546390533447266,2.8812294791644337,1,True
wine,8,3,14,0,0,1,30.04793930053711,5.548795033559914,1,True
wine,8,3,15,0,0,1,24.067243576049805,3.862509632691709,1,True
wine,8,3,16,1,1,0,20.45345687866211,3.370646614858568,1,False
wine,8,3,17,0,0,1,21.11527442932129,3.286688603502325,1,True
wine,8,3,18,0,0,1,56.19546890258789,5.091746189075552,1,True
wine,8,3,19,1,1,0,17.32291030883789,3.082162514904684,1,False
wine,8,3,20,0,0,1,24.036651611328125,4.988264810683639,1,True
wine,8,3,21,1,1,0,25.145355224609375,3.5887064085923845,1,False
wine,8,3,22,0,0,1,29.00326919555664,3.204436224236656,1,True
wine,8,3,23,0,0,1,11.982535362243652,2.891488678215596,1,True
wine,8,3,24,0,0,1,24.30980110168457,5.161166536606713,1,True
wine,8,3,25,0,0,1,20.01316261291504,3.9887894372384096,1,True
wine,8,3,27,0,0,1,21.977153778076172,4.856200604746966,1,True
wine,8,3,28,0,0,1,40.231727600097656,4.097917182701612,1,True
wine,8,3,30,0,0,1,25.215478897094727,3.9089635925663138,1,True
wine,8,3,31,0,0,1,25.37459373474121,5.304642478136606,1,True
wine,8,3,32,0,0,1,18.841575622558594,4.633229905116387,1,True
wine,8,3,33,1,1,0,16.58573341369629,3.325876257813778,1,False
wine,8,3,34,1,1,0,19.182464599609375,2.7902803940684926,1,False
wine,8,3,35,0,0,1,10.778531074523926,3.896422284233682,1,True
wine,8,5,0,0,0,1,20.502485275268555,4.9422413948049275,1,True
wine,8,5,1,1,1,0,23.675621032714844,3.8642706993155778,1,False
wine,8,5,2,1,1,0,18.37945556640625,2.8082786737982945,1,False
wine,8,5,3,0,0,1,33.4853515625,3.904027333328476,1,True
wine,8,5,4,0,0,1,41.432594299316406,5.301483646027494,1,True
wine,8,5,5,1,1,0,18.58928871154785,2.6547797424182993,1,False
wine,8,5,6,1,1,0,28.45659446716309,5.1837744358797915,1,False
wine,8,5,7,0,0,1,32.82875442504883,3.89670460304596,1,True
wine,8,5,8,0,0,1,25.881011962890625,3.873874675361285,1,True
wine,8,5,9,0,0,1,16.95709228515625,3.398419936669983,1,True
wine,8,5,10,1,1,0,20.41003036499023,3.934423844294389,1,False
wine,8,5,11,0,0,1,18.21002960205078,2.9950869703814575,1,True
wine,8,5,12,0,0,1,24.523113250732425,3.652726272797397,1,True
wine,8,5,13,0,0,1,20.546390533447266,2.8812294791644337,1,True
wine,8,5,14,0,0,1,30.04793930053711,5.548795033559914,1,True
wine,8,5,15,0,0,1,24.067243576049805,3.862509632691709,1,True
wine,8,5,16,1,1,0,20.45345687866211,3.370646614858568,1,False
wine,8,5,17,0,0,1,21.11527442932129,3.286688603502325,1,True
wine,8,5,18,0,0,1,56.19546890258789,5.091746189075552,1,True
wine,8,5,19,1,1,0,17.32291030883789,3.082162514904684,1,False
wine,8,5,20,0,0,1,24.036651611328125,4.988264810683639,1,True
wine,8,5,21,1,1,0,25.145355224609375,3.5887064085923845,1,False
wine,8,5,22,0,0,1,29.00326919555664,3.204436224236656,1,True
wine,8,5,23,0,0,1,11.982535362243652,2.891488678215596,1,True
wine,8,5,24,0,0,1,24.30980110168457,5.161166536606713,1,True
wine,8,5,25,0,0,1,20.01316261291504,3.9887894372384096,1,True
wine,8,5,27,0,0,1,21.977153778076172,4.856200604746966,1,True
wine,8,5,28,0,0,1,40.231727600097656,4.097917182701612,1,True
wine,8,5,30,0,0,1,25.215478897094727,3.9089635925663138,1,True
wine,8,5,31,0,0,1,25.37459373474121,5.304642478136606,1,True
wine,8,5,32,0,0,1,18.841575622558594,4.633229905116387,1,True
wine,8,5,33,1,1,0,16.58573341369629,3.325876257813778,1,False
wine,8,5,34,1,1,0,19.182464599609375,2.7902803940684926,1,False
wine,8,5,35,0,0,1,10.778531074523926,3.896422284233682,1,True
wine,8,7,0,0,0,1,20.502485275268555,4.9422413948049275,1,True
wine,8,7,1,1,1,0,23.675621032714844,3.8642706993155778,1,False
wine,8,7,2,1,1,0,18.37945556640625,2.8082786737982945,1,False
wine,8,7,3,0,0,1,33.4853515625,3.904027333328476,1,True
wine,8,7,4,0,0,1,41.432594299316406,5.301483646027494,1,True
wine,8,7,5,1,1,0,18.58928871154785,2.6547797424182993,1,False
wine,8,7,6,1,1,0,28.45659446716309,5.1837744358797915,1,False
wine,8,7,7,0,0,1,32.82875442504883,3.89670460304596,1,True
wine,8,7,8,0,0,1,25.881011962890625,3.873874675361285,1,True
wine,8,7,9,0,0,1,16.95709228515625,3.398419936669983,1,True
wine,8,7,10,1,1,0,20.41003036499023,3.934423844294389,1,False
wine,8,7,11,0,0,1,18.21002960205078,2.9950869703814575,1,True
wine,8,7,12,0,0,1,24.523113250732425,3.652726272797397,1,True
wine,8,7,13,0,0,1,20.546390533447266,2.8812294791644337,1,True
wine,8,7,14,0,0,1,30.04793930053711,5.548795033559914,1,True
wine,8,7,15,0,0,1,24.067243576049805,3.862509632691709,1,True
wine,8,7,16,1,1,0,20.45345687866211,3.370646614858568,1,False
wine,8,7,17,0,0,1,21.11527442932129,3.286688603502325,1,True
wine,8,7,18,0,0,1,56.19546890258789,5.091746189075552,1,True
wine,8,7,19,1,1,0,17.32291030883789,3.082162514904684,1,False
wine,8,7,20,0,0,1,24.036651611328125,4.988264810683639,1,True
wine,8,7,21,1,1,0,25.145355224609375,3.5887064085923845,1,False
wine,8,7,22,0,0,1,29.00326919555664,3.204436224236656,1,True
wine,8,7,23,0,0,1,11.982535362243652,2.891488678215596,1,True
wine,8,7,24,0,0,1,24.30980110168457,5.161166536606713,1,True
wine,8,7,25,0,0,1,20.01316261291504,3.9887894372384096,1,True
wine,8,7,27,0,0,1,21.977153778076172,4.856200604746966,1,True
wine,8,7,28,0,0,1,40.231727600097656,4.097917182701612,1,True
wine,8,7,30,0,0,1,25.215478897094727,3.9089635925663138,1,True
wine,8,7,31,0,0,1,25.37459373474121,5.304642478136606,1,True
wine,8,7,32,0,0,1,18.841575622558594,4.633229905116387,1,True
wine,8,7,33,1,1,0,16.58573341369629,3.325876257813778,1,False
wine,8,7,34,1,1,0,19.182464599609375,2.7902803940684926,1,False
wine,8,7,35,0,0,1,10.778531074523926,3.896422284233682,1,True
wine,8,10,0,0,0,1,20.502485275268555,4.9422413948049275,1,True
wine,8,10,1,1,1,0,23.675621032714844,3.8642706993155778,1,False
wine,8,10,2,1,1,0,18.37945556640625,2.8082786737982945,1,False
wine,8,10,3,0,0,1,33.4853515625,3.904027333328476,1,True
wine,8,10,4,0,0,1,41.432594299316406,5.301483646027494,1,True
wine,8,10,5,1,1,0,18.58928871154785,2.6547797424182993,1,False
wine,8,10,6,1,1,0,28.45659446716309,5.1837744358797915,1,False
wine,8,10,7,0,0,1,32.82875442504883,3.89670460304596,1,True
wine,8,10,8,0,0,1,25.881011962890625,3.873874675361285,1,True
wine,8,10,9,0,0,1,16.95709228515625,3.398419936669983,1,True
wine,8,10,10,1,1,0,20.41003036499023,3.934423844294389,1,False
wine,8,10,11,0,0,1,18.21002960205078,2.9950869703814575,1,True
wine,8,10,12,0,0,1,24.523113250732425,3.652726272797397,1,True
wine,8,10,13,0,0,1,20.546390533447266,2.8812294791644337,1,True
wine,8,10,14,0,0,1,30.04793930053711,5.548795033559914,1,True
wine,8,10,15,0,0,1,24.067243576049805,3.862509632691709,1,True
wine,8,10,16,1,1,0,20.45345687866211,3.370646614858568,1,False
wine,8,10,17,0,0,1,21.11527442932129,3.286688603502325,1,True
wine,8,10,18,0,0,1,56.19546890258789,5.091746189075552,1,True
wine,8,10,19,1,1,0,17.32291030883789,3.082162514904684,1,False
wine,8,10,20,0,0,1,24.036651611328125,4.988264810683639,1,True
wine,8,10,21,1,1,0,25.145355224609375,3.5887064085923845,1,False
wine,8,10,22,0,0,1,29.00326919555664,3.204436224236656,1,True
wine,8,10,23,0,0,1,11.982535362243652,2.891488678215596,1,True
wine,8,10,24,0,0,1,24.30980110168457,5.161166536606713,1,True
wine,8,10,25,0,0,1,20.01316261291504,3.9887894372384096,1,True
wine,8,10,27,0,0,1,21.977153778076172,4.856200604746966,1,True
wine,8,10,28,0,0,1,40.231727600097656,4.097917182701612,1,True
wine,8,10,30,0,0,1,25.215478897094727,3.9089635925663138,1,True
wine,8,10,31,0,0,1,25.37459373474121,5.304642478136606,1,True
wine,8,10,32,0,0,1,18.841575622558594,4.633229905116387,1,True
wine,8,10,33,1,1,0,16.58573341369629,3.325876257813778,1,False
wine,8,10,34,1,1,0,19.182464599609375,2.7902803940684926,1,False
wine,8,10,35,0,0,1,10.778531074523926,3.896422284233682,1,True
wine,9,2,0,0,0,1,15.280755996704102,2.254128795431121,0,False
wine,9,2,1,1,1,0,20.898109436035156,1.6474621026016538,1,False
wine,9,2,2,0,0,1,24.298173904418945,4.317409475764978,1,True
wine,9,2,3,1,1,0,34.33612060546875,4.522708978811391,1,False
wine,9,2,4,1,1,0,28.062868118286133,3.5275742725925636,1,False
wine,9,2,5,0,0,1,22.847469329833984,4.2205747926670645,1,True
wine,9,2,6,0,0,1,30.992862701416016,3.4095697557513804,1,True
wine,9,2,7,0,0,1,28.19676399230957,2.0276798159503775,0,False
wine,9,2,8,0,0,1,1.7889411449432373,5.867998913416237,1,True
wine,9,2,9,0,0,1,27.465822219848633,2.1157911639336455,0,False
wine,9,2,10,1,1,0,20.441469192504883,3.4303715105172543,1,False
wine,9,2,11,0,0,1,15.773983001708984,1.7587101400974472,0,False
wine,9,2,12,1,1,0,25.071699142456055,2.6339322988903953,1,False
wine,9,2,13,0,0,1,21.556238174438477,2.9261056233891285,0,False
wine,9,2,14,1,1,0,21.532814025878903,3.939052652600485,1,False
wine,9,2,15,1,1,0,32.79728698730469,3.926612819466028,1,False
wine,9,2,16,0,0,1,26.041479110717773,1.7615686132345232,0,False
wine,9,2,17,0,0,1,21.349489212036133,4.323338277289817,1,True
wine,9,2,18,0,0,1,28.206274032592773,3.235513533057436,1,True
wine,9,2,19,0,0,1,21.835227966308594,2.6676614590862067,0,False
wine,9,2,20,0,0,1,23.17070579528809,4.184240198278508,1,True
wine,9,2,21,1,1,0,29.706789016723633,2.8459431249132225,1,False
wine,9,2,22,0,0,1,20.31007957458496,2.7878365085590473,0,False
wine,9,2,24,1,1,0,24.99692153930664,3.686726724788643,1,False
wine,9,2,25,0,0,1,30.333845138549805,2.9720548068866424,0,False
wine,9,2,27,1,1,0,18.72304916381836,2.7182569325997235,1,False
wine,9,2,28,1,1,0,24.746246337890625,2.7022106588641623,1,False
wine,9,2,29,0,0,1,22.71002197265625,3.3675249452178666,1,True
wine,9,2,30,0,0,1,3.606851100921631,4.071103889819849,0,False
wine,9,2,31,1,1,0,18.71426010131836,2.2037831358082376,1,False
wine,9,2,32,0,0,1,32.9984016418457,2.974196204152415,0,False
wine,9,2,33,0,0,1,25.62783432006836,3.192463067187868,1,True
wine,9,2,34,0,0,1,28.89824104309082,2.6744541006117024,0,False
wine,9,2,35,0,0,1,26.782217025756836,3.4534211019129484,0,False
wine,9,3,1,1,1,0,20.898109436035156,2.6185303074385025,0,True
wine,9,3,2,0,0,1,24.298173904418945,4.317409475764978,1,True
wine,9,3,3,1,1,0,34.33612060546875,5.25361084053626,0,True
wine,9,3,4,1,1,0,28.062868118286133,4.273331921701267,0,True
wine,9,3,5,0,0,1,22.847469329833984,4.2205747926670645,1,True
wine,9,3,6,0,0,1,30.992862701416016,3.4095697557513804,1,True
wine,9,3,7,0,0,1,28.19676399230957,4.851143406472419,1,True
wine,9,3,8,0,0,1,1.7889411449432373,5.867998913416237,1,True
wine,9,3,9,0,0,1,27.465822219848633,4.341935333803066,1,True
wine,9,3,10,1,1,0,20.441469192504883,4.046807249944857,0,True
wine,9,3,12,1,1,0,25.071699142456055,3.507004737417619,0,True
wine,9,3,13,0,0,1,21.556238174438477,4.340085302378483,1,True
wine,9,3,14,1,1,0,21.532814025878903,4.253279043810229,0,True
wine,9,3,15,1,1,0,32.79728698730469,4.722969304911404,0,True
wine,9,3,16,0,0,1,26.041479110717773,4.859171477962239,1,True
wine,9,3,17,0,0,1,21.349489212036133,4.323338277289817,1,True
wine,9,3,18,0,0,1,28.206274032592773,3.235513533057436,1,True
wine,9,3,19,0,0,1,21.835227966308594,4.36539109088314,1,True
wine,9,3,20,0,0,1,23.17070579528809,4.184240198278508,1,True
wine,9,3,21,1,1,0,29.706789016723633,3.918239481233225,0,True
wine,9,3,22,0,0,1,20.31007957458496,5.712159616360187,1,True
wine,9,3,23,0,0,1,24.29014778137207,4.157959451046237,1,True
wine,9,3,24,1,1,0,24.99692153930664,4.496389158757788,0,True
wine,9,3,25,0,0,1,30.333845138549805,4.81936363642252,1,True
wine,9,3,26,0,0,1,17.030176162719727,5.350254271959808,1,True
wine,9,3,27,1,1,0,18.72304916381836,3.185636078972712,0,True
wine,9,3,28,1,1,0,24.746246337890625,4.115136741962283,0,True
wine,9,3,29,0,0,1,22.71002197265625,3.3675249452178666,1,True
wine,9,3,30,0,0,1,3.606851100921631,6.238181404032986,1,True
wine,9,3,32,0,0,1,32.9984016418457,5.357572039179382,1,True
wine,9,3,33,0,0,1,25.62783432006836,3.192463067187868,1,True
wine,9,3,34,0,0,1,28.89824104309082,5.721362698890033,1,True
wine,9,3,35,0,0,1,26.782217025756836,3.8471618612722223,1,True
wine,9,5,1,1,1,0,20.898109436035156,2.6185303074385025,0,True
wine,9,5,2,0,0,1,24.298173904418945,4.317409475764978,1,True
wine,9,5,3,1,1,0,34.33612060546875,5.25361084053626,0,True
wine,9,5,4,1,1,0,28.062868118286133,4.273331921701267,0,True
wine,9,5,5,0,0,1,22.847469329833984,4.2205747926670645,1,True
wine,9,5,6,0,0,1,30.992862701416016,3.4095697557513804,1,True
wine,9,5,7,0,0,1,28.19676399230957,4.851143406472419,1,True
wine,9,5,8,0,0,1,1.7889411449432373,5.867998913416237,1,True
wine,9,5,9,0,0,1,27.465822219848633,4.341935333803066,1,True
wine,9,5,10,1,1,0,20.441469192504883,4.046807249944857,0,True
wine,9,5,12,1,1,0,25.071699142456055,3.507004737417619,0,True
wine,9,5,13,0,0,1,21.556238174438477,4.340085302378483,1,True
wine,9,5,14,1,1,0,21.532814025878903,4.253279043810229,0,True
wine,9,5,15,1,1,0,32.79728698730469,4.722969304911404,0,True
wine,9,5,16,0,0,1,26.041479110717773,4.859171477962239,1,True
wine,9,5,17,0,0,1,21.349489212036133,4.323338277289817,1,True
wine,9,5,18,0,0,1,28.206274032592773,3.235513533057436,1,True
wine,9,5,19,0,0,1,21.835227966308594,4.36539109088314,1,True
wine,9,5,20,0,0,1,23.17070579528809,4.184240198278508,1,True
wine,9,5,21,1,1,0,29.706789016723633,3.918239481233225,0,True
wine,9,5,22,0,0,1,20.31007957458496,5.712159616360187,1,True
wine,9,5,23,0,0,1,24.29014778137207,4.157959451046237,1,True
wine,9,5,24,1,1,0,24.99692153930664,4.496389158757788,0,True
wine,9,5,25,0,0,1,30.333845138549805,4.81936363642252,1,True
wine,9,5,26,0,0,1,17.030176162719727,5.350254271959808,1,True
wine,9,5,27,1,1,0,18.72304916381836,3.185636078972712,0,True
wine,9,5,28,1,1,0,24.746246337890625,4.115136741962283,0,True
wine,9,5,29,0,0,1,22.71002197265625,3.3675249452178666,1,True
wine,9,5,30,0,0,1,3.606851100921631,6.238181404032986,1,True
wine,9,5,32,0,0,1,32.9984016418457,5.357572039179382,1,True
wine,9,5,33,0,0,1,25.62783432006836,3.192463067187868,1,True
wine,9,5,34,0,0,1,28.89824104309082,5.721362698890033,1,True
wine,9,5,35,0,0,1,26.782217025756836,3.8471618612722223,1,True
wine,9,7,1,1,1,0,20.898109436035156,2.6185303074385025,0,True
wine,9,7,2,0,0,1,24.298173904418945,4.317409475764978,1,True
wine,9,7,3,1,1,0,34.33612060546875,5.25361084053626,0,True
wine,9,7,4,1,1,0,28.062868118286133,4.273331921701267,0,True
wine,9,7,5,0,0,1,22.847469329833984,4.2205747926670645,1,True
wine,9,7,6,0,0,1,30.992862701416016,3.4095697557513804,1,True
wine,9,7,7,0,0,1,28.19676399230957,4.851143406472419,1,True
wine,9,7,8,0,0,1,1.7889411449432373,5.867998913416237,1,True
wine,9,7,9,0,0,1,27.465822219848633,4.341935333803066,1,True
wine,9,7,10,1,1,0,20.441469192504883,4.046807249944857,0,True
wine,9,7,12,1,1,0,25.071699142456055,3.507004737417619,0,True
wine,9,7,13,0,0,1,21.556238174438477,4.340085302378483,1,True
wine,9,7,14,1,1,0,21.532814025878903,4.253279043810229,0,True
wine,9,7,15,1,1,0,32.79728698730469,4.722969304911404,0,True
wine,9,7,16,0,0,1,26.041479110717773,4.859171477962239,1,True
wine,9,7,17,0,0,1,21.349489212036133,4.323338277289817,1,True
wine,9,7,18,0,0,1,28.206274032592773,3.235513533057436,1,True
wine,9,7,19,0,0,1,21.835227966308594,4.36539109088314,1,True
wine,9,7,20,0,0,1,23.17070579528809,4.184240198278508,1,True
wine,9,7,21,1,1,0,29.706789016723633,3.918239481233225,0,True
wine,9,7,22,0,0,1,20.31007957458496,5.712159616360187,1,True
wine,9,7,23,0,0,1,24.29014778137207,4.157959451046237,1,True
wine,9,7,24,1,1,0,24.99692153930664,4.496389158757788,0,True
wine,9,7,25,0,0,1,30.333845138549805,4.81936363642252,1,True
wine,9,7,26,0,0,1,17.030176162719727,5.350254271959808,1,True
wine,9,7,27,1,1,0,18.72304916381836,3.185636078972712,0,True
wine,9,7,28,1,1,0,24.746246337890625,4.115136741962283,0,True
wine,9,7,29,0,0,1,22.71002197265625,3.3675249452178666,1,True
wine,9,7,30,0,0,1,3.606851100921631,6.238181404032986,1,True
wine,9,7,32,0,0,1,32.9984016418457,5.357572039179382,1,True
wine,9,7,33,0,0,1,25.62783432006836,3.192463067187868,1,True
wine,9,7,34,0,0,1,28.89824104309082,5.721362698890033,1,True
wine,9,7,35,0,0,1,26.782217025756836,3.8471618612722223,1,True
wine,9,10,1,1,1,0,20.898109436035156,2.6185303074385025,0,True
wine,9,10,2,0,0,1,24.298173904418945,4.317409475764978,1,True
wine,9,10,3,1,1,0,34.33612060546875,5.25361084053626,0,True
wine,9,10,4,1,1,0,28.062868118286133,4.273331921701267,0,True
wine,9,10,5,0,0,1,22.847469329833984,4.2205747926670645,1,True
wine,9,10,6,0,0,1,30.992862701416016,3.4095697557513804,1,True
wine,9,10,7,0,0,1,28.19676399230957,4.851143406472419,1,True
wine,9,10,8,0,0,1,1.7889411449432373,5.867998913416237,1,True
wine,9,10,9,0,0,1,27.465822219848633,4.341935333803066,1,True
wine,9,10,10,1,1,0,20.441469192504883,4.046807249944857,0,True
wine,9,10,12,1,1,0,25.071699142456055,3.507004737417619,0,True
wine,9,10,13,0,0,1,21.556238174438477,4.340085302378483,1,True
wine,9,10,14,1,1,0,21.532814025878903,4.253279043810229,0,True
wine,9,10,15,1,1,0,32.79728698730469,4.722969304911404,0,True
wine,9,10,16,0,0,1,26.041479110717773,4.859171477962239,1,True
wine,9,10,17,0,0,1,21.349489212036133,4.323338277289817,1,True
wine,9,10,18,0,0,1,28.206274032592773,3.235513533057436,1,True
wine,9,10,19,0,0,1,21.835227966308594,4.36539109088314,1,True
wine,9,10,20,0,0,1,23.17070579528809,4.184240198278508,1,True
wine,9,10,21,1,1,0,29.706789016723633,3.918239481233225,0,True
wine,9,10,22,0,0,1,20.31007957458496,5.712159616360187,1,True
wine,9,10,23,0,0,1,24.29014778137207,4.157959451046237,1,True
wine,9,10,24,1,1,0,24.99692153930664,4.496389158757788,0,True
wine,9,10,25,0,0,1,30.333845138549805,4.81936363642252,1,True
wine,9,10,26,0,0,1,17.030176162719727,5.350254271959808,1,True
wine,9,10,27,1,1,0,18.72304916381836,3.185636078972712,0,True
wine,9,10,28,1,1,0,24.746246337890625,4.115136741962283,0,True
wine,9,10,29,0,0,1,22.71002197265625,3.3675249452178666,1,True
wine,9,10,30,0,0,1,3.606851100921631,6.238181404032986,1,True
wine,9,10,32,0,0,1,32.9984016418457,5.357572039179382,1,True
wine,9,10,33,0,0,1,25.62783432006836,3.192463067187868,1,True
wine,9,10,34,0,0,1,28.89824104309082,5.721362698890033,1,True
wine,9,10,35,0,0,1,26.782217025756836,3.8471618612722223,1,True
