dataset,seed,depth,teacher_accuracy,n_test,global_fidelity,aurc,boundary_type,boundary_fraction,n_boundary,boundary_fidelity,boundary_gap,boundary_set_jaccard,boundary_overlap_n,boundary_union_n
breast_cancer,0,1,0.95906432748538,171,0.9181286549707602,0.0452947237174851,confidence,0.1,18,0.6666666666666666,0.2514619883040936,0.5652173913043478,13,23
breast_cancer,0,1,0.95906432748538,171,0.9181286549707602,0.0452947237174851,segment_crossing,0.1,18,0.7222222222222222,0.195906432748538,0.5652173913043478,13,23
breast_cancer,0,1,0.95906432748538,171,0.9181286549707602,0.0452947237174851,confidence,0.2,35,0.7428571428571429,0.1752715121136173,0.5909090909090909,26,44
breast_cancer,0,1,0.95906432748538,171,0.9181286549707602,0.0452947237174851,segment_crossing,0.2,35,0.7714285714285715,0.1467000835421887,0.5909090909090909,26,44
breast_cancer,0,1,0.95906432748538,171,0.9181286549707602,0.0452947237174851,confidence,0.25,43,0.7906976744186046,0.1274309805521556,0.5087719298245614,29,57
breast_cancer,0,1,0.95906432748538,171,0.9181286549707602,0.0452947237174851,segment_crossing,0.25,43,0.7674418604651163,0.1506867945056439,0.5087719298245614,29,57
breast_cancer,0,1,0.95906432748538,171,0.9181286549707602,0.0452947237174851,confidence,0.4,69,0.8695652173913043,0.0485634375794559,0.5862068965517241,51,87
breast_cancer,0,1,0.95906432748538,171,0.9181286549707602,0.0452947237174851,segment_crossing,0.4,69,0.8260869565217391,0.0920416984490211,0.5862068965517241,51,87
breast_cancer,0,2,0.95906432748538,171,0.9239766081871345,0.0166976077927441,confidence,0.1,18,0.6111111111111112,0.3128654970760233,0.5652173913043478,13,23
breast_cancer,0,2,0.95906432748538,171,0.9239766081871345,0.0166976077927441,segment_crossing,0.1,18,0.6111111111111112,0.3128654970760233,0.5652173913043478,13,23
breast_cancer,0,2,0.95906432748538,171,0.9239766081871345,0.0166976077927441,confidence,0.2,35,0.7142857142857143,0.2096908939014201,0.5909090909090909,26,44
breast_cancer,0,2,0.95906432748538,171,0.9239766081871345,0.0166976077927441,segment_crossing,0.2,35,0.7142857142857143,0.2096908939014201,0.5909090909090909,26,44
breast_cancer,0,2,0.95906432748538,171,0.9239766081871345,0.0166976077927441,confidence,0.25,43,0.7441860465116279,0.1797905616755065,0.5087719298245614,29,57
breast_cancer,0,2,0.95906432748538,171,0.9239766081871345,0.0166976077927441,segment_crossing,0.25,43,0.7209302325581395,0.2030463756289949,0.5087719298245614,29,57
breast_cancer,0,2,0.95906432748538,171,0.9239766081871345,0.0166976077927441,confidence,0.4,69,0.8405797101449275,0.0833968980422069,0.5862068965517241,51,87
breast_cancer,0,2,0.95906432748538,171,0.9239766081871345,0.0166976077927441,segment_crossing,0.4,69,0.8260869565217391,0.0978896516653953,0.5862068965517241,51,87
breast_cancer,0,3,0.95906432748538,171,0.9181286549707602,0.044731142893905,confidence,0.1,18,0.6111111111111112,0.3070175438596491,0.5652173913043478,13,23
breast_cancer,0,3,0.95906432748538,171,0.9181286549707602,0.044731142893905,segment_crossing,0.1,18,0.6111111111111112,0.3070175438596491,0.5652173913043478,13,23
breast_cancer,0,3,0.95906432748538,171,0.9181286549707602,0.044731142893905,confidence,0.2,35,0.7714285714285715,0.1467000835421887,0.5909090909090909,26,44
breast_cancer,0,3,0.95906432748538,171,0.9181286549707602,0.044731142893905,segment_crossing,0.2,35,0.7714285714285715,0.1467000835421887,0.5909090909090909,26,44
breast_cancer,0,3,0.95906432748538,171,0.9181286549707602,0.044731142893905,confidence,0.25,43,0.7906976744186046,0.1274309805521556,0.5087719298245614,29,57
breast_cancer,0,3,0.95906432748538,171,0.9181286549707602,0.044731142893905,segment_crossing,0.25,43,0.7674418604651163,0.1506867945056439,0.5087719298245614,29,57
breast_cancer,0,3,0.95906432748538,171,0.9181286549707602,0.044731142893905,confidence,0.4,69,0.8695652173913043,0.0485634375794559,0.5862068965517241,51,87
breast_cancer,0,3,0.95906432748538,171,0.9181286549707602,0.044731142893905,segment_crossing,0.4,69,0.855072463768116,0.0630561912026442,0.5862068965517241,51,87
breast_cancer,0,5,0.95906432748538,171,0.9181286549707602,0.0341303777351083,confidence,0.1,18,0.5,0.4181286549707602,0.5652173913043478,13,23
breast_cancer,0,5,0.95906432748538,171,0.9181286549707602,0.0341303777351083,segment_crossing,0.1,18,0.5,0.4181286549707602,0.5652173913043478,13,23
breast_cancer,0,5,0.95906432748538,171,0.9181286549707602,0.0341303777351083,confidence,0.2,35,0.7142857142857143,0.2038429406850459,0.5909090909090909,26,44
breast_cancer,0,5,0.95906432748538,171,0.9181286549707602,0.0341303777351083,segment_crossing,0.2,35,0.7142857142857143,0.2038429406850459,0.5909090909090909,26,44
breast_cancer,0,5,0.95906432748538,171,0.9181286549707602,0.0341303777351083,confidence,0.25,43,0.7441860465116279,0.1739426084591323,0.5087719298245614,29,57
breast_cancer,0,5,0.95906432748538,171,0.9181286549707602,0.0341303777351083,segment_crossing,0.25,43,0.7674418604651163,0.1506867945056439,0.5087719298245614,29,57
breast_cancer,0,5,0.95906432748538,171,0.9181286549707602,0.0341303777351083,confidence,0.4,69,0.8405797101449275,0.0775489448258327,0.5862068965517241,51,87
breast_cancer,0,5,0.95906432748538,171,0.9181286549707602,0.0341303777351083,segment_crossing,0.4,69,0.855072463768116,0.0630561912026442,0.5862068965517241,51,87
breast_cancer,0,7,0.95906432748538,171,0.9239766081871345,0.0238793454215838,confidence,0.1,18,0.5555555555555556,0.3684210526315788,0.5652173913043478,13,23
breast_cancer,0,7,0.95906432748538,171,0.9239766081871345,0.0238793454215838,segment_crossing,0.1,18,0.5555555555555556,0.3684210526315788,0.5652173913043478,13,23
breast_cancer,0,7,0.95906432748538,171,0.9239766081871345,0.0238793454215838,confidence,0.2,35,0.7428571428571429,0.1811194653299915,0.5909090909090909,26,44
breast_cancer,0,7,0.95906432748538,171,0.9239766081871345,0.0238793454215838,segment_crossing,0.2,35,0.7428571428571429,0.1811194653299915,0.5909090909090909,26,44
breast_cancer,0,7,0.95906432748538,171,0.9239766081871345,0.0238793454215838,confidence,0.25,43,0.7674418604651163,0.1565347477220181,0.5087719298245614,29,57
breast_cancer,0,7,0.95906432748538,171,0.9239766081871345,0.0238793454215838,segment_crossing,0.25,43,0.7906976744186046,0.1332789337685298,0.5087719298245614,29,57
breast_cancer,0,7,0.95906432748538,171,0.9239766081871345,0.0238793454215838,confidence,0.4,69,0.855072463768116,0.0689041444190184,0.5862068965517241,51,87
breast_cancer,0,7,0.95906432748538,171,0.9239766081871345,0.0238793454215838,segment_crossing,0.4,69,0.8695652173913043,0.0544113907958301,0.5862068965517241,51,87
breast_cancer,0,10,0.95906432748538,171,0.9239766081871345,0.0238793454215838,confidence,0.1,18,0.5555555555555556,0.3684210526315788,0.5652173913043478,13,23
breast_cancer,0,10,0.95906432748538,171,0.9239766081871345,0.0238793454215838,segment_crossing,0.1,18,0.5555555555555556,0.3684210526315788,0.5652173913043478,13,23
breast_cancer,0,10,0.95906432748538,171,0.9239766081871345,0.0238793454215838,confidence,0.2,35,0.7428571428571429,0.1811194653299915,0.5909090909090909,26,44
breast_cancer,0,10,0.95906432748538,171,0.9239766081871345,0.0238793454215838,segment_crossing,0.2,35,0.7428571428571429,0.1811194653299915,0.5909090909090909,26,44
breast_cancer,0,10,0.95906432748538,171,0.9239766081871345,0.0238793454215838,confidence,0.25,43,0.7674418604651163,0.1565347477220181,0.5087719298245614,29,57
breast_cancer,0,10,0.95906432748538,171,0.9239766081871345,0.0238793454215838,segment_crossing,0.25,43,0.7906976744186046,0.1332789337685298,0.5087719298245614,29,57
breast_cancer,0,10,0.95906432748538,171,0.9239766081871345,0.0238793454215838,confidence,0.4,69,0.855072463768116,0.0689041444190184,0.5862068965517241,51,87
breast_cancer,0,10,0.95906432748538,171,0.9239766081871345,0.0238793454215838,segment_crossing,0.4,69,0.8695652173913043,0.0544113907958301,0.5862068965517241,51,87
breast_cancer,1,1,0.95906432748538,171,0.9181286549707602,0.0419617784946509,confidence,0.1,18,0.7222222222222222,0.195906432748538,0.44,11,25
breast_cancer,1,1,0.95906432748538,171,0.9181286549707602,0.0419617784946509,segment_crossing,0.1,18,0.6666666666666666,0.2514619883040936,0.44,11,25
breast_cancer,1,1,0.95906432748538,171,0.9181286549707602,0.0419617784946509,confidence,0.2,35,0.8285714285714286,0.0895572263993316,0.4893617021276595,23,47
breast_cancer,1,1,0.95906432748538,171,0.9181286549707602,0.0419617784946509,segment_crossing,0.2,35,0.8,0.1181286549707602,0.4893617021276595,23,47
breast_cancer,1,1,0.95906432748538,171,0.9181286549707602,0.0419617784946509,confidence,0.25,43,0.8372093023255814,0.0809193526451788,0.5357142857142857,30,56
breast_cancer,1,1,0.95906432748538,171,0.9181286549707602,0.0419617784946509,segment_crossing,0.25,43,0.8372093023255814,0.0809193526451788,0.5357142857142857,30,56
breast_cancer,1,1,0.95906432748538,171,0.9181286549707602,0.0419617784946509,confidence,0.4,69,0.8840579710144928,0.0340706839562674,0.6235294117647059,53,85
breast_cancer,1,1,0.95906432748538,171,0.9181286549707602,0.0419617784946509,segment_crossing,0.4,69,0.8695652173913043,0.0485634375794559,0.6235294117647059,53,85
breast_cancer,1,2,0.95906432748538,171,0.9649122807017544,0.0097797023760751,confidence,0.1,18,0.8333333333333334,0.131578947368421,0.44,11,25
breast_cancer,1,2,0.95906432748538,171,0.9649122807017544,0.0097797023760751,segment_crossing,0.1,18,0.8333333333333334,0.131578947368421,0.44,11,25
breast_cancer,1,2,0.95906432748538,171,0.9649122807017544,0.0097797023760751,confidence,0.2,35,0.9142857142857144,0.0506265664160401,0.4893617021276595,23,47
breast_cancer,1,2,0.95906432748538,171,0.9649122807017544,0.0097797023760751,segment_crossing,0.2,35,0.9142857142857144,0.0506265664160401,0.4893617021276595,23,47
breast_cancer,1,2,0.95906432748538,171,0.9649122807017544,0.0097797023760751,confidence,0.25,43,0.9069767441860463,0.0579355365157079,0.5357142857142857,30,56
breast_cancer,1,2,0.95906432748538,171,0.9649122807017544,0.0097797023760751,segment_crossing,0.25,43,0.9302325581395348,0.0346797225622195,0.5357142857142857,30,56
breast_cancer,1,2,0.95906432748538,171,0.9649122807017544,0.0097797023760751,confidence,0.4,69,0.9420289855072465,0.022883295194508,0.6235294117647059,53,85
breast_cancer,1,2,0.95906432748538,171,0.9649122807017544,0.0097797023760751,segment_crossing,0.4,69,0.927536231884058,0.0373760488176964,0.6235294117647059,53,85
breast_cancer,1,3,0.95906432748538,171,0.9649122807017544,0.0087783283411078,confidence,0.1,18,0.8333333333333334,0.131578947368421,0.44,11,25
breast_cancer,1,3,0.95906432748538,171,0.9649122807017544,0.0087783283411078,segment_crossing,0.1,18,0.8333333333333334,0.131578947368421,0.44,11,25
breast_cancer,1,3,0.95906432748538,171,0.9649122807017544,0.0087783283411078,confidence,0.2,35,0.8857142857142857,0.0791979949874687,0.4893617021276595,23,47
breast_cancer,1,3,0.95906432748538,171,0.9649122807017544,0.0087783283411078,segment_crossing,0.2,35,0.9142857142857144,0.0506265664160401,0.4893617021276595,23,47
breast_cancer,1,3,0.95906432748538,171,0.9649122807017544,0.0087783283411078,confidence,0.25,43,0.9069767441860463,0.0579355365157079,0.5357142857142857,30,56
breast_cancer,1,3,0.95906432748538,171,0.9649122807017544,0.0087783283411078,segment_crossing,0.25,43,0.9302325581395348,0.0346797225622195,0.5357142857142857,30,56
breast_cancer,1,3,0.95906432748538,171,0.9649122807017544,0.0087783283411078,confidence,0.4,69,0.9420289855072465,0.022883295194508,0.6235294117647059,53,85
breast_cancer,1,3,0.95906432748538,171,0.9649122807017544,0.0087783283411078,segment_crossing,0.4,69,0.927536231884058,0.0373760488176964,0.6235294117647059,53,85
breast_cancer,1,5,0.95906432748538,171,0.9649122807017544,0.0095125746569419,confidence,0.1,18,0.8888888888888888,0.0760233918128655,0.44,11,25
breast_cancer,1,5,0.95906432748538,171,0.9649122807017544,0.0095125746569419,segment_crossing,0.1,18,0.8888888888888888,0.0760233918128655,0.44,11,25
breast_cancer,1,5,0.95906432748538,171,0.9649122807017544,0.0095125746569419,confidence,0.2,35,0.8857142857142857,0.0791979949874687,0.4893617021276595,23,47
breast_cancer,1,5,0.95906432748538,171,0.9649122807017544,0.0095125746569419,segment_crossing,0.2,35,0.9142857142857144,0.0506265664160401,0.4893617021276595,23,47
breast_cancer,1,5,0.95906432748538,171,0.9649122807017544,0.0095125746569419,confidence,0.25,43,0.9069767441860463,0.0579355365157079,0.5357142857142857,30,56
breast_cancer,1,5,0.95906432748538,171,0.9649122807017544,0.0095125746569419,segment_crossing,0.25,43,0.9302325581395348,0.0346797225622195,0.5357142857142857,30,56
breast_cancer,1,5,0.95906432748538,171,0.9649122807017544,0.0095125746569419,confidence,0.4,69,0.9420289855072465,0.022883295194508,0.6235294117647059,53,85
breast_cancer,1,5,0.95906432748538,171,0.9649122807017544,0.0095125746569419,segment_crossing,0.4,69,0.927536231884058,0.0373760488176964,0.6235294117647059,53,85
breast_cancer,1,7,0.95906432748538,171,0.9649122807017544,0.0095125746569419,confidence,0.1,18,0.8888888888888888,0.0760233918128655,0.44,11,25
breast_cancer,1,7,0.95906432748538,171,0.9649122807017544,0.0095125746569419,segment_crossing,0.1,18,0.8888888888888888,0.0760233918128655,0.44,11,25
breast_cancer,1,7,0.95906432748538,171,0.9649122807017544,0.0095125746569419,confidence,0.2,35,0.8857142857142857,0.0791979949874687,0.4893617021276595,23,47
breast_cancer,1,7,0.95906432748538,171,0.9649122807017544,0.0095125746569419,segment_crossing,0.2,35,0.9142857142857144,0.0506265664160401,0.4893617021276595,23,47
breast_cancer,1,7,0.95906432748538,171,0.9649122807017544,0.0095125746569419,confidence,0.25,43,0.9069767441860463,0.0579355365157079,0.5357142857142857,30,56
breast_cancer,1,7,0.95906432748538,171,0.9649122807017544,0.0095125746569419,segment_crossing,0.25,43,0.9302325581395348,0.0346797225622195,0.5357142857142857,30,56
breast_cancer,1,7,0.95906432748538,171,0.9649122807017544,0.0095125746569419,confidence,0.4,69,0.9420289855072465,0.022883295194508,0.6235294117647059,53,85
breast_cancer,1,7,0.95906432748538,171,0.9649122807017544,0.0095125746569419,segment_crossing,0.4,69,0.927536231884058,0.0373760488176964,0.6235294117647059,53,85
breast_cancer,1,10,0.95906432748538,171,0.9649122807017544,0.0095125746569419,confidence,0.1,18,0.8888888888888888,0.0760233918128655,0.44,11,25
breast_cancer,1,10,0.95906432748538,171,0.9649122807017544,0.0095125746569419,segment_crossing,0.1,18,0.8888888888888888,0.0760233918128655,0.44,11,25
breast_cancer,1,10,0.95906432748538,171,0.9649122807017544,0.0095125746569419,confidence,0.2,35,0.8857142857142857,0.0791979949874687,0.4893617021276595,23,47
breast_cancer,1,10,0.95906432748538,171,0.9649122807017544,0.0095125746569419,segment_crossing,0.2,35,0.9142857142857144,0.0506265664160401,0.4893617021276595,23,47
breast_cancer,1,10,0.95906432748538,171,0.9649122807017544,0.0095125746569419,confidence,0.25,43,0.9069767441860463,0.0579355365157079,0.5357142857142857,30,56
breast_cancer,1,10,0.95906432748538,171,0.9649122807017544,0.0095125746569419,segment_crossing,0.25,43,0.9302325581395348,0.0346797225622195,0.5357142857142857,30,56
breast_cancer,1,10,0.95906432748538,171,0.9649122807017544,0.0095125746569419,confidence,0.4,69,0.9420289855072465,0.022883295194508,0.6235294117647059,53,85
breast_cancer,1,10,0.95906432748538,171,0.9649122807017544,0.0095125746569419,segment_crossing,0.4,69,0.927536231884058,0.0373760488176964,0.6235294117647059,53,85
breast_cancer,2,1,0.9766081871345028,171,0.9239766081871345,0.0262881365394901,confidence,0.1,18,0.8333333333333334,0.090643274853801,0.6363636363636364,14,22
breast_cancer,2,1,0.9766081871345028,171,0.9239766081871345,0.0262881365394901,segment_crossing,0.1,18,0.7777777777777778,0.1461988304093566,0.6363636363636364,14,22
breast_cancer,2,1,0.9766081871345028,171,0.9239766081871345,0.0262881365394901,confidence,0.2,35,0.7714285714285715,0.152548036758563,0.5909090909090909,26,44
breast_cancer,2,1,0.9766081871345028,171,0.9239766081871345,0.0262881365394901,segment_crossing,0.2,35,0.8285714285714286,0.0954051796157058,0.5909090909090909,26,44
breast_cancer,2,1,0.9766081871345028,171,0.9239766081871345,0.0262881365394901,confidence,0.25,43,0.813953488372093,0.1100231198150414,0.5357142857142857,30,56
breast_cancer,2,1,0.9766081871345028,171,0.9239766081871345,0.0262881365394901,segment_crossing,0.25,43,0.8372093023255814,0.086767305861553,0.5357142857142857,30,56
breast_cancer,2,1,0.9766081871345028,171,0.9239766081871345,0.0262881365394901,confidence,0.4,69,0.8695652173913043,0.0544113907958301,0.7037037037037037,57,81
breast_cancer,2,1,0.9766081871345028,171,0.9239766081871345,0.0262881365394901,segment_crossing,0.4,69,0.8405797101449275,0.0833968980422069,0.7037037037037037,57,81
breast_cancer,2,2,0.9766081871345028,171,0.953216374269006,0.0180118952348815,confidence,0.1,18,0.8333333333333334,0.1198830409356724,0.6363636363636364,14,22
breast_cancer,2,2,0.9766081871345028,171,0.953216374269006,0.0180118952348815,segment_crossing,0.1,18,0.7777777777777778,0.175438596491228,0.6363636363636364,14,22
breast_cancer,2,2,0.9766081871345028,171,0.953216374269006,0.0180118952348815,confidence,0.2,35,0.8285714285714286,0.1246449456975772,0.5909090909090909,26,44
breast_cancer,2,2,0.9766081871345028,171,0.953216374269006,0.0180118952348815,segment_crossing,0.2,35,0.8857142857142857,0.0675020885547201,0.5909090909090909,26,44
breast_cancer,2,2,0.9766081871345028,171,0.953216374269006,0.0180118952348815,confidence,0.25,43,0.8604651162790697,0.0927512579899361,0.5357142857142857,30,56
breast_cancer,2,2,0.9766081871345028,171,0.953216374269006,0.0180118952348815,segment_crossing,0.25,43,0.9069767441860463,0.0462396300829593,0.5357142857142857,30,56
breast_cancer,2,2,0.9766081871345028,171,0.953216374269006,0.0180118952348815,confidence,0.4,69,0.9130434782608696,0.0401728960081363,0.7037037037037037,57,81
breast_cancer,2,2,0.9766081871345028,171,0.953216374269006,0.0180118952348815,segment_crossing,0.4,69,0.9130434782608696,0.0401728960081363,0.7037037037037037,57,81
breast_cancer,2,3,0.9766081871345028,171,0.9298245614035088,0.0261216524905224,confidence,0.1,18,0.7777777777777778,0.1520467836257309,0.6363636363636364,14,22
breast_cancer,2,3,0.9766081871345028,171,0.9298245614035088,0.0261216524905224,segment_crossing,0.1,18,0.7222222222222222,0.2076023391812865,0.6363636363636364,14,22
breast_cancer,2,3,0.9766081871345028,171,0.9298245614035088,0.0261216524905224,confidence,0.2,35,0.7714285714285715,0.1583959899749373,0.5909090909090909,26,44
breast_cancer,2,3,0.9766081871345028,171,0.9298245614035088,0.0261216524905224,segment_crossing,0.2,35,0.8285714285714286,0.1012531328320801,0.5909090909090909,26,44
breast_cancer,2,3,0.9766081871345028,171,0.9298245614035088,0.0261216524905224,confidence,0.25,43,0.813953488372093,0.1158710730314157,0.5357142857142857,30,56
breast_cancer,2,3,0.9766081871345028,171,0.9298245614035088,0.0261216524905224,segment_crossing,0.25,43,0.8604651162790697,0.069359445124439,0.5357142857142857,30,56
breast_cancer,2,3,0.9766081871345028,171,0.9298245614035088,0.0261216524905224,confidence,0.4,69,0.8695652173913043,0.0602593440122044,0.7037037037037037,57,81
breast_cancer,2,3,0.9766081871345028,171,0.9298245614035088,0.0261216524905224,segment_crossing,0.4,69,0.8695652173913043,0.0602593440122044,0.7037037037037037,57,81
breast_cancer,2,5,0.9766081871345028,171,0.9415204678362572,0.0209458495769752,confidence,0.1,18,0.7777777777777778,0.1637426900584795,0.6363636363636364,14,22
breast_cancer,2,5,0.9766081871345028,171,0.9415204678362572,0.0209458495769752,segment_crossing,0.1,18,0.7777777777777778,0.1637426900584795,0.6363636363636364,14,22
breast_cancer,2,5,0.9766081871345028,171,0.9415204678362572,0.0209458495769752,confidence,0.2,35,0.8,0.1415204678362572,0.5909090909090909,26,44
breast_cancer,2,5,0.9766081871345028,171,0.9415204678362572,0.0209458495769752,segment_crossing,0.2,35,0.8571428571428571,0.0843776106934002,0.5909090909090909,26,44
breast_cancer,2,5,0.9766081871345028,171,0.9415204678362572,0.0209458495769752,confidence,0.25,43,0.8372093023255814,0.1043111655106758,0.5357142857142857,30,56
breast_cancer,2,5,0.9766081871345028,171,0.9415204678362572,0.0209458495769752,segment_crossing,0.25,43,0.8837209302325582,0.0577995376036991,0.5357142857142857,30,56
breast_cancer,2,5,0.9766081871345028,171,0.9415204678362572,0.0209458495769752,confidence,0.4,69,0.8840579710144928,0.0574624968217645,0.7037037037037037,57,81
breast_cancer,2,5,0.9766081871345028,171,0.9415204678362572,0.0209458495769752,segment_crossing,0.4,69,0.8840579710144928,0.0574624968217645,0.7037037037037037,57,81
breast_cancer,2,7,0.9766081871345028,171,0.9473684210526316,0.0116196934473174,confidence,0.1,18,0.8333333333333334,0.1140350877192981,0.6363636363636364,14,22
breast_cancer,2,7,0.9766081871345028,171,0.9473684210526316,0.0116196934473174,segment_crossing,0.1,18,0.7777777777777778,0.1695906432748537,0.6363636363636364,14,22
breast_cancer,2,7,0.9766081871345028,171,0.9473684210526316,0.0116196934473174,confidence,0.2,35,0.8,0.1473684210526314,0.5909090909090909,26,44
breast_cancer,2,7,0.9766081871345028,171,0.9473684210526316,0.0116196934473174,segment_crossing,0.2,35,0.8571428571428571,0.0902255639097744,0.5909090909090909,26,44
breast_cancer,2,7,0.9766081871345028,171,0.9473684210526316,0.0116196934473174,confidence,0.25,43,0.8372093023255814,0.11015911872705,0.5357142857142857,30,56
breast_cancer,2,7,0.9766081871345028,171,0.9473684210526316,0.0116196934473174,segment_crossing,0.25,43,0.8837209302325582,0.0636474908200733,0.5357142857142857,30,56
breast_cancer,2,7,0.9766081871345028,171,0.9473684210526316,0.0116196934473174,confidence,0.4,69,0.8840579710144928,0.0633104500381387,0.7037037037037037,57,81
breast_cancer,2,7,0.9766081871345028,171,0.9473684210526316,0.0116196934473174,segment_crossing,0.4,69,0.8985507246376812,0.0488176964149503,0.7037037037037037,57,81
breast_cancer,2,10,0.9766081871345028,171,0.9473684210526316,0.0116196934473174,confidence,0.1,18,0.8333333333333334,0.1140350877192981,0.6363636363636364,14,22
breast_cancer,2,10,0.9766081871345028,171,0.9473684210526316,0.0116196934473174,segment_crossing,0.1,18,0.7777777777777778,0.1695906432748537,0.6363636363636364,14,22
breast_cancer,2,10,0.9766081871345028,171,0.9473684210526316,0.0116196934473174,confidence,0.2,35,0.8,0.1473684210526314,0.5909090909090909,26,44
breast_cancer,2,10,0.9766081871345028,171,0.9473684210526316,0.0116196934473174,segment_crossing,0.2,35,0.8571428571428571,0.0902255639097744,0.5909090909090909,26,44
breast_cancer,2,10,0.9766081871345028,171,0.9473684210526316,0.0116196934473174,confidence,0.25,43,0.8372093023255814,0.11015911872705,0.5357142857142857,30,56
breast_cancer,2,10,0.9766081871345028,171,0.9473684210526316,0.0116196934473174,segment_crossing,0.25,43,0.8837209302325582,0.0636474908200733,0.5357142857142857,30,56
breast_cancer,2,10,0.9766081871345028,171,0.9473684210526316,0.0116196934473174,confidence,0.4,69,0.8840579710144928,0.0633104500381387,0.7037037037037037,57,81
breast_cancer,2,10,0.9766081871345028,171,0.9473684210526316,0.0116196934473174,segment_crossing,0.4,69,0.8985507246376812,0.0488176964149503,0.7037037037037037,57,81
breast_cancer,3,1,0.9766081871345028,171,0.9298245614035088,0.0158513771910346,confidence,0.1,18,0.6111111111111112,0.3187134502923976,0.7142857142857143,15,21
breast_cancer,3,1,0.9766081871345028,171,0.9298245614035088,0.0158513771910346,segment_crossing,0.1,18,0.6111111111111112,0.3187134502923976,0.7142857142857143,15,21
breast_cancer,3,1,0.9766081871345028,171,0.9298245614035088,0.0158513771910346,confidence,0.2,35,0.7714285714285715,0.1583959899749373,0.5217391304347826,24,46
breast_cancer,3,1,0.9766081871345028,171,0.9298245614035088,0.0158513771910346,segment_crossing,0.2,35,0.7428571428571429,0.1869674185463659,0.5217391304347826,24,46
breast_cancer,3,1,0.9766081871345028,171,0.9298245614035088,0.0158513771910346,confidence,0.25,43,0.813953488372093,0.1158710730314157,0.5357142857142857,30,56
breast_cancer,3,1,0.9766081871345028,171,0.9298245614035088,0.0158513771910346,segment_crossing,0.25,43,0.7906976744186046,0.1391268869849041,0.5357142857142857,30,56
breast_cancer,3,1,0.9766081871345028,171,0.9298245614035088,0.0158513771910346,confidence,0.4,69,0.855072463768116,0.0747520976353928,0.6829268292682927,56,82
breast_cancer,3,1,0.9766081871345028,171,0.9298245614035088,0.0158513771910346,segment_crossing,0.4,69,0.8405797101449275,0.0892448512585812,0.6829268292682927,56,82
breast_cancer,3,2,0.9766081871345028,171,0.9064327485380116,0.0942759658677103,confidence,0.1,18,0.7222222222222222,0.1842105263157895,0.7142857142857143,15,21
breast_cancer,3,2,0.9766081871345028,171,0.9064327485380116,0.0942759658677103,segment_crossing,0.1,18,0.7222222222222222,0.1842105263157895,0.7142857142857143,15,21
breast_cancer,3,2,0.9766081871345028,171,0.9064327485380116,0.0942759658677103,confidence,0.2,35,0.8285714285714286,0.077861319966583,0.5217391304347826,24,46
breast_cancer,3,2,0.9766081871345028,171,0.9064327485380116,0.0942759658677103,segment_crossing,0.2,35,0.8285714285714286,0.077861319966583,0.5217391304347826,24,46
breast_cancer,3,2,0.9766081871345028,171,0.9064327485380116,0.0942759658677103,confidence,0.25,43,0.8372093023255814,0.0692234462124302,0.5357142857142857,30,56
breast_cancer,3,2,0.9766081871345028,171,0.9064327485380116,0.0942759658677103,segment_crossing,0.25,43,0.8604651162790697,0.0459676322589419,0.5357142857142857,30,56
breast_cancer,3,2,0.9766081871345028,171,0.9064327485380116,0.0942759658677103,confidence,0.4,69,0.855072463768116,0.0513602847698957,0.6829268292682927,56,82
breast_cancer,3,2,0.9766081871345028,171,0.9064327485380116,0.0942759658677103,segment_crossing,0.4,69,0.8695652173913043,0.0368675311467073,0.6829268292682927,56,82
breast_cancer,3,3,0.9766081871345028,171,0.9415204678362572,0.0078198237313212,confidence,0.1,18,0.6111111111111112,0.3304093567251461,0.7142857142857143,15,21
breast_cancer,3,3,0.9766081871345028,171,0.9415204678362572,0.0078198237313212,segment_crossing,0.1,18,0.7222222222222222,0.2192982456140351,0.7142857142857143,15,21
breast_cancer,3,3,0.9766081871345028,171,0.9415204678362572,0.0078198237313212,confidence,0.2,35,0.8,0.1415204678362572,0.5217391304347826,24,46
breast_cancer,3,3,0.9766081871345028,171,0.9415204678362572,0.0078198237313212,segment_crossing,0.2,35,0.8285714285714286,0.1129490392648286,0.5217391304347826,24,46
breast_cancer,3,3,0.9766081871345028,171,0.9415204678362572,0.0078198237313212,confidence,0.25,43,0.813953488372093,0.1275669794641643,0.5357142857142857,30,56
breast_cancer,3,3,0.9766081871345028,171,0.9415204678362572,0.0078198237313212,segment_crossing,0.25,43,0.8604651162790697,0.0810553515571875,0.5357142857142857,30,56
breast_cancer,3,3,0.9766081871345028,171,0.9415204678362572,0.0078198237313212,confidence,0.4,69,0.855072463768116,0.0864480040681413,0.6829268292682927,56,82
breast_cancer,3,3,0.9766081871345028,171,0.9415204678362572,0.0078198237313212,segment_crossing,0.4,69,0.8840579710144928,0.0574624968217645,0.6829268292682927,56,82
breast_cancer,3,5,0.9766081871345028,171,0.9239766081871345,0.0625318944169729,confidence,0.1,18,0.6666666666666666,0.2573099415204678,0.7142857142857143,15,21
breast_cancer,3,5,0.9766081871345028,171,0.9239766081871345,0.0625318944169729,segment_crossing,0.1,18,0.7222222222222222,0.2017543859649122,0.7142857142857143,15,21
breast_cancer,3,5,0.9766081871345028,171,0.9239766081871345,0.0625318944169729,confidence,0.2,35,0.8,0.1239766081871344,0.5217391304347826,24,46
breast_cancer,3,5,0.9766081871345028,171,0.9239766081871345,0.0625318944169729,segment_crossing,0.2,35,0.8285714285714286,0.0954051796157058,0.5217391304347826,24,46
breast_cancer,3,5,0.9766081871345028,171,0.9239766081871345,0.0625318944169729,confidence,0.25,43,0.813953488372093,0.1100231198150414,0.5357142857142857,30,56
breast_cancer,3,5,0.9766081871345028,171,0.9239766081871345,0.0625318944169729,segment_crossing,0.25,43,0.8604651162790697,0.0635114919080647,0.5357142857142857,30,56
breast_cancer,3,5,0.9766081871345028,171,0.9239766081871345,0.0625318944169729,confidence,0.4,69,0.855072463768116,0.0689041444190184,0.6829268292682927,56,82
breast_cancer,3,5,0.9766081871345028,171,0.9239766081871345,0.0625318944169729,segment_crossing,0.4,69,0.8695652173913043,0.0544113907958301,0.6829268292682927,56,82
breast_cancer,3,7,0.9766081871345028,171,0.9415204678362572,0.0120373484170899,confidence,0.1,18,0.6111111111111112,0.3304093567251461,0.7142857142857143,15,21
breast_cancer,3,7,0.9766081871345028,171,0.9415204678362572,0.0120373484170899,segment_crossing,0.1,18,0.7222222222222222,0.2192982456140351,0.7142857142857143,15,21
breast_cancer,3,7,0.9766081871345028,171,0.9415204678362572,0.0120373484170899,confidence,0.2,35,0.8,0.1415204678362572,0.5217391304347826,24,46
breast_cancer,3,7,0.9766081871345028,171,0.9415204678362572,0.0120373484170899,segment_crossing,0.2,35,0.8285714285714286,0.1129490392648286,0.5217391304347826,24,46
breast_cancer,3,7,0.9766081871345028,171,0.9415204678362572,0.0120373484170899,confidence,0.25,43,0.813953488372093,0.1275669794641643,0.5357142857142857,30,56
breast_cancer,3,7,0.9766081871345028,171,0.9415204678362572,0.0120373484170899,segment_crossing,0.25,43,0.8604651162790697,0.0810553515571875,0.5357142857142857,30,56
breast_cancer,3,7,0.9766081871345028,171,0.9415204678362572,0.0120373484170899,confidence,0.4,69,0.8695652173913043,0.0719552504449529,0.6829268292682927,56,82
breast_cancer,3,7,0.9766081871345028,171,0.9415204678362572,0.0120373484170899,segment_crossing,0.4,69,0.8695652173913043,0.0719552504449529,0.6829268292682927,56,82
breast_cancer,3,10,0.9766081871345028,171,0.9415204678362572,0.0120373484170899,confidence,0.1,18,0.6111111111111112,0.3304093567251461,0.7142857142857143,15,21
breast_cancer,3,10,0.9766081871345028,171,0.9415204678362572,0.0120373484170899,segment_crossing,0.1,18,0.7222222222222222,0.2192982456140351,0.7142857142857143,15,21
breast_cancer,3,10,0.9766081871345028,171,0.9415204678362572,0.0120373484170899,confidence,0.2,35,0.8,0.1415204678362572,0.5217391304347826,24,46
breast_cancer,3,10,0.9766081871345028,171,0.9415204678362572,0.0120373484170899,segment_crossing,0.2,35,0.8285714285714286,0.1129490392648286,0.5217391304347826,24,46
breast_cancer,3,10,0.9766081871345028,171,0.9415204678362572,0.0120373484170899,confidence,0.25,43,0.813953488372093,0.1275669794641643,0.5357142857142857,30,56
breast_cancer,3,10,0.9766081871345028,171,0.9415204678362572,0.0120373484170899,segment_crossing,0.25,43,0.8604651162790697,0.0810553515571875,0.5357142857142857,30,56
breast_cancer,3,10,0.9766081871345028,171,0.9415204678362572,0.0120373484170899,confidence,0.4,69,0.8695652173913043,0.0719552504449529,0.6829268292682927,56,82
breast_cancer,3,10,0.9766081871345028,171,0.9415204678362572,0.0120373484170899,segment_crossing,0.4,69,0.8695652173913043,0.0719552504449529,0.6829268292682927,56,82
breast_cancer,4,1,0.95906432748538,171,0.9064327485380116,0.0179361642969139,confidence,0.1,18,0.5,0.4064327485380117,0.5,12,24
breast_cancer,4,1,0.95906432748538,171,0.9064327485380116,0.0179361642969139,segment_crossing,0.1,18,0.6111111111111112,0.2953216374269005,0.5,12,24
breast_cancer,4,1,0.95906432748538,171,0.9064327485380116,0.0179361642969139,confidence,0.2,35,0.6571428571428571,0.2492898913951545,0.5555555555555556,25,45
breast_cancer,4,1,0.95906432748538,171,0.9064327485380116,0.0179361642969139,segment_crossing,0.2,35,0.6857142857142857,0.2207184628237259,0.5555555555555556,25,45
breast_cancer,4,1,0.95906432748538,171,0.9064327485380116,0.0179361642969139,confidence,0.25,43,0.6976744186046512,0.2087583299333605,0.5925925925925926,32,54
breast_cancer,4,1,0.95906432748538,171,0.9064327485380116,0.0179361642969139,segment_crossing,0.25,43,0.7209302325581395,0.1855025159798722,0.5925925925925926,32,54
breast_cancer,4,1,0.95906432748538,171,0.9064327485380116,0.0179361642969139,confidence,0.4,69,0.7971014492753623,0.1093312992626494,0.6428571428571429,54,84
breast_cancer,4,1,0.95906432748538,171,0.9064327485380116,0.0179361642969139,segment_crossing,0.4,69,0.8260869565217391,0.0803457920162725,0.6428571428571429,54,84
breast_cancer,4,2,0.95906432748538,171,0.935672514619883,0.0045827895900057,confidence,0.1,18,0.5,0.435672514619883,0.5,12,24
breast_cancer,4,2,0.95906432748538,171,0.935672514619883,0.0045827895900057,segment_crossing,0.1,18,0.6111111111111112,0.3245614035087718,0.5,12,24
breast_cancer,4,2,0.95906432748538,171,0.935672514619883,0.0045827895900057,confidence,0.2,35,0.6857142857142857,0.2499582289055972,0.5555555555555556,25,45
breast_cancer,4,2,0.95906432748538,171,0.935672514619883,0.0045827895900057,segment_crossing,0.2,35,0.7428571428571429,0.1928153717627401,0.5555555555555556,25,45
breast_cancer,4,2,0.95906432748538,171,0.935672514619883,0.0045827895900057,confidence,0.25,43,0.7441860465116279,0.1914864681082551,0.5925925925925926,32,54
breast_cancer,4,2,0.95906432748538,171,0.935672514619883,0.0045827895900057,segment_crossing,0.25,43,0.7674418604651163,0.1682306541547666,0.5925925925925926,32,54
breast_cancer,4,2,0.95906432748538,171,0.935672514619883,0.0045827895900057,confidence,0.4,69,0.8405797101449275,0.0950928044749555,0.6428571428571429,54,84
breast_cancer,4,2,0.95906432748538,171,0.935672514619883,0.0045827895900057,segment_crossing,0.4,69,0.855072463768116,0.080600050851767,0.6428571428571429,54,84
breast_cancer,4,3,0.95906432748538,171,0.9239766081871345,0.025759370606017,confidence,0.1,18,0.5,0.4239766081871344,0.5,12,24
breast_cancer,4,3,0.95906432748538,171,0.9239766081871345,0.025759370606017,segment_crossing,0.1,18,0.6111111111111112,0.3128654970760233,0.5,12,24
breast_cancer,4,3,0.95906432748538,171,0.9239766081871345,0.025759370606017,confidence,0.2,35,0.6857142857142857,0.2382623224728487,0.5555555555555556,25,45
breast_cancer,4,3,0.95906432748538,171,0.9239766081871345,0.025759370606017,segment_crossing,0.2,35,0.7142857142857143,0.2096908939014201,0.5555555555555556,25,45
breast_cancer,4,3,0.95906432748538,171,0.9239766081871345,0.025759370606017,confidence,0.25,43,0.7441860465116279,0.1797905616755065,0.5925925925925926,32,54
breast_cancer,4,3,0.95906432748538,171,0.9239766081871345,0.025759370606017,segment_crossing,0.25,43,0.7441860465116279,0.1797905616755065,0.5925925925925926,32,54
breast_cancer,4,3,0.95906432748538,171,0.9239766081871345,0.025759370606017,confidence,0.4,69,0.8260869565217391,0.0978896516653953,0.6428571428571429,54,84
breast_cancer,4,3,0.95906432748538,171,0.9239766081871345,0.025759370606017,segment_crossing,0.4,69,0.8405797101449275,0.0833968980422069,0.6428571428571429,54,84
breast_cancer,4,5,0.95906432748538,171,0.9473684210526316,0.0030154122960661,confidence,0.1,18,0.5555555555555556,0.3918128654970759,0.5,12,24
breast_cancer,4,5,0.95906432748538,171,0.9473684210526316,0.0030154122960661,segment_crossing,0.1,18,0.7222222222222222,0.2251461988304093,0.5,12,24
breast_cancer,4,5,0.95906432748538,171,0.9473684210526316,0.0030154122960661,confidence,0.2,35,0.7428571428571429,0.2045112781954886,0.5555555555555556,25,45
breast_cancer,4,5,0.95906432748538,171,0.9473684210526316,0.0030154122960661,segment_crossing,0.2,35,0.8,0.1473684210526314,0.5555555555555556,25,45
breast_cancer,4,5,0.95906432748538,171,0.9473684210526316,0.0030154122960661,confidence,0.25,43,0.7906976744186046,0.1566707466340269,0.5925925925925926,32,54
breast_cancer,4,5,0.95906432748538,171,0.9473684210526316,0.0030154122960661,segment_crossing,0.25,43,0.813953488372093,0.1334149326805385,0.5925925925925926,32,54
breast_cancer,4,5,0.95906432748538,171,0.9473684210526316,0.0030154122960661,confidence,0.4,69,0.8695652173913043,0.0778032036613272,0.6428571428571429,54,84
breast_cancer,4,5,0.95906432748538,171,0.9473684210526316,0.0030154122960661,segment_crossing,0.4,69,0.8840579710144928,0.0633104500381387,0.6428571428571429,54,84
breast_cancer,4,7,0.95906432748538,171,0.935672514619883,0.0089238911136045,confidence,0.1,18,0.5555555555555556,0.3801169590643274,0.5,12,24
breast_cancer,4,7,0.95906432748538,171,0.935672514619883,0.0089238911136045,segment_crossing,0.1,18,0.6666666666666666,0.2690058479532163,0.5,12,24
breast_cancer,4,7,0.95906432748538,171,0.935672514619883,0.0089238911136045,confidence,0.2,35,0.7428571428571429,0.1928153717627401,0.5555555555555556,25,45
breast_cancer,4,7,0.95906432748538,171,0.935672514619883,0.0089238911136045,segment_crossing,0.2,35,0.7714285714285715,0.1642439431913115,0.5555555555555556,25,45
breast_cancer,4,7,0.95906432748538,171,0.935672514619883,0.0089238911136045,confidence,0.25,43,0.7906976744186046,0.1449748402012783,0.5925925925925926,32,54
breast_cancer,4,7,0.95906432748538,171,0.935672514619883,0.0089238911136045,segment_crossing,0.25,43,0.7906976744186046,0.1449748402012783,0.5925925925925926,32,54
breast_cancer,4,7,0.95906432748538,171,0.935672514619883,0.0089238911136045,confidence,0.4,69,0.855072463768116,0.080600050851767,0.6428571428571429,54,84
breast_cancer,4,7,0.95906432748538,171,0.935672514619883,0.0089238911136045,segment_crossing,0.4,69,0.8695652173913043,0.0661072972285786,0.6428571428571429,54,84
breast_cancer,4,10,0.95906432748538,171,0.935672514619883,0.0089238911136045,confidence,0.1,18,0.5555555555555556,0.3801169590643274,0.5,12,24
breast_cancer,4,10,0.95906432748538,171,0.935672514619883,0.0089238911136045,segment_crossing,0.1,18,0.6666666666666666,0.2690058479532163,0.5,12,24
breast_cancer,4,10,0.95906432748538,171,0.935672514619883,0.0089238911136045,confidence,0.2,35,0.7428571428571429,0.1928153717627401,0.5555555555555556,25,45
breast_cancer,4,10,0.95906432748538,171,0.935672514619883,0.0089238911136045,segment_crossing,0.2,35,0.7714285714285715,0.1642439431913115,0.5555555555555556,25,45
breast_cancer,4,10,0.95906432748538,171,0.935672514619883,0.0089238911136045,confidence,0.25,43,0.7906976744186046,0.1449748402012783,0.5925925925925926,32,54
breast_cancer,4,10,0.95906432748538,171,0.935672514619883,0.0089238911136045,segment_crossing,0.25,43,0.7906976744186046,0.1449748402012783,0.5925925925925926,32,54
breast_cancer,4,10,0.95906432748538,171,0.935672514619883,0.0089238911136045,confidence,0.4,69,0.855072463768116,0.080600050851767,0.6428571428571429,54,84
breast_cancer,4,10,0.95906432748538,171,0.935672514619883,0.0089238911136045,segment_crossing,0.4,69,0.8695652173913043,0.0661072972285786,0.6428571428571429,54,84
breast_cancer,5,1,0.9883040935672516,171,0.912280701754386,0.0503816525041862,confidence,0.1,18,0.7222222222222222,0.1900584795321637,0.7142857142857143,15,21
breast_cancer,5,1,0.9883040935672516,171,0.912280701754386,0.0503816525041862,segment_crossing,0.1,18,0.7222222222222222,0.1900584795321637,0.7142857142857143,15,21
breast_cancer,5,1,0.9883040935672516,171,0.912280701754386,0.0503816525041862,confidence,0.2,35,0.8571428571428571,0.0551378446115288,0.5555555555555556,25,45
breast_cancer,5,1,0.9883040935672516,171,0.912280701754386,0.0503816525041862,segment_crossing,0.2,35,0.8,0.1122807017543858,0.5555555555555556,25,45
breast_cancer,5,1,0.9883040935672516,171,0.912280701754386,0.0503816525041862,confidence,0.25,43,0.8604651162790697,0.0518155854753161,0.5087719298245614,29,57
breast_cancer,5,1,0.9883040935672516,171,0.912280701754386,0.0503816525041862,segment_crossing,0.25,43,0.7906976744186046,0.1215830273357813,0.5087719298245614,29,57
breast_cancer,5,1,0.9883040935672516,171,0.912280701754386,0.0503816525041862,confidence,0.4,69,0.8840579710144928,0.0282227307398931,0.6428571428571429,54,84
breast_cancer,5,1,0.9883040935672516,171,0.912280701754386,0.0503816525041862,segment_crossing,0.4,69,0.8405797101449275,0.0717009916094584,0.6428571428571429,54,84
breast_cancer,5,2,0.9883040935672516,171,0.9298245614035088,0.0455019775019269,confidence,0.1,18,0.7222222222222222,0.2076023391812865,0.7142857142857143,15,21
breast_cancer,5,2,0.9883040935672516,171,0.9298245614035088,0.0455019775019269,segment_crossing,0.1,18,0.7222222222222222,0.2076023391812865,0.7142857142857143,15,21
breast_cancer,5,2,0.9883040935672516,171,0.9298245614035088,0.0455019775019269,confidence,0.2,35,0.8571428571428571,0.0726817042606516,0.5555555555555556,25,45
breast_cancer,5,2,0.9883040935672516,171,0.9298245614035088,0.0455019775019269,segment_crossing,0.2,35,0.8285714285714286,0.1012531328320801,0.5555555555555556,25,45
breast_cancer,5,2,0.9883040935672516,171,0.9298245614035088,0.0455019775019269,confidence,0.25,43,0.8604651162790697,0.069359445124439,0.5087719298245614,29,57
breast_cancer,5,2,0.9883040935672516,171,0.9298245614035088,0.0455019775019269,segment_crossing,0.25,43,0.8372093023255814,0.0926152590779273,0.5087719298245614,29,57
breast_cancer,5,2,0.9883040935672516,171,0.9298245614035088,0.0455019775019269,confidence,0.4,69,0.8840579710144928,0.0457665903890159,0.6428571428571429,54,84
breast_cancer,5,2,0.9883040935672516,171,0.9298245614035088,0.0455019775019269,segment_crossing,0.4,69,0.8840579710144928,0.0457665903890159,0.6428571428571429,54,84
breast_cancer,5,3,0.9883040935672516,171,0.935672514619883,0.0242414918984131,confidence,0.1,18,0.7222222222222222,0.2134502923976607,0.7142857142857143,15,21
breast_cancer,5,3,0.9883040935672516,171,0.935672514619883,0.0242414918984131,segment_crossing,0.1,18,0.7222222222222222,0.2134502923976607,0.7142857142857143,15,21
breast_cancer,5,3,0.9883040935672516,171,0.935672514619883,0.0242414918984131,confidence,0.2,35,0.8571428571428571,0.0785296574770259,0.5555555555555556,25,45
breast_cancer,5,3,0.9883040935672516,171,0.935672514619883,0.0242414918984131,segment_crossing,0.2,35,0.8285714285714286,0.1071010860484543,0.5555555555555556,25,45
breast_cancer,5,3,0.9883040935672516,171,0.935672514619883,0.0242414918984131,confidence,0.25,43,0.8604651162790697,0.0752073983408132,0.5087719298245614,29,57
breast_cancer,5,3,0.9883040935672516,171,0.935672514619883,0.0242414918984131,segment_crossing,0.25,43,0.8372093023255814,0.0984632122943015,0.5087719298245614,29,57
breast_cancer,5,3,0.9883040935672516,171,0.935672514619883,0.0242414918984131,confidence,0.4,69,0.8840579710144928,0.0516145436053901,0.6428571428571429,54,84
breast_cancer,5,3,0.9883040935672516,171,0.935672514619883,0.0242414918984131,segment_crossing,0.4,69,0.8840579710144928,0.0516145436053901,0.6428571428571429,54,84
breast_cancer,5,5,0.9883040935672516,171,0.9473684210526316,0.0094088833512162,confidence,0.1,18,0.7222222222222222,0.2251461988304093,0.7142857142857143,15,21
breast_cancer,5,5,0.9883040935672516,171,0.9473684210526316,0.0094088833512162,segment_crossing,0.1,18,0.7222222222222222,0.2251461988304093,0.7142857142857143,15,21
breast_cancer,5,5,0.9883040935672516,171,0.9473684210526316,0.0094088833512162,confidence,0.2,35,0.8571428571428571,0.0902255639097744,0.5555555555555556,25,45
breast_cancer,5,5,0.9883040935672516,171,0.9473684210526316,0.0094088833512162,segment_crossing,0.2,35,0.8571428571428571,0.0902255639097744,0.5555555555555556,25,45
breast_cancer,5,5,0.9883040935672516,171,0.9473684210526316,0.0094088833512162,confidence,0.25,43,0.8372093023255814,0.11015911872705,0.5087719298245614,29,57
breast_cancer,5,5,0.9883040935672516,171,0.9473684210526316,0.0094088833512162,segment_crossing,0.25,43,0.8604651162790697,0.0869033047735617,0.5087719298245614,29,57
breast_cancer,5,5,0.9883040935672516,171,0.9473684210526316,0.0094088833512162,confidence,0.4,69,0.8695652173913043,0.0778032036613272,0.6428571428571429,54,84
breast_cancer,5,5,0.9883040935672516,171,0.9473684210526316,0.0094088833512162,segment_crossing,0.4,69,0.8840579710144928,0.0633104500381387,0.6428571428571429,54,84
breast_cancer,5,7,0.9883040935672516,171,0.935672514619883,0.0083310188023018,confidence,0.1,18,0.6666666666666666,0.2690058479532163,0.7142857142857143,15,21
breast_cancer,5,7,0.9883040935672516,171,0.935672514619883,0.0083310188023018,segment_crossing,0.1,18,0.6666666666666666,0.2690058479532163,0.7142857142857143,15,21
breast_cancer,5,7,0.9883040935672516,171,0.935672514619883,0.0083310188023018,confidence,0.2,35,0.7714285714285715,0.1642439431913115,0.5555555555555556,25,45
breast_cancer,5,7,0.9883040935672516,171,0.935672514619883,0.0083310188023018,segment_crossing,0.2,35,0.8,0.1356725146198829,0.5555555555555556,25,45
breast_cancer,5,7,0.9883040935672516,171,0.935672514619883,0.0083310188023018,confidence,0.25,43,0.7674418604651163,0.1682306541547666,0.5087719298245614,29,57
breast_cancer,5,7,0.9883040935672516,171,0.935672514619883,0.0083310188023018,segment_crossing,0.25,43,0.813953488372093,0.1217190262477899,0.5087719298245614,29,57
breast_cancer,5,7,0.9883040935672516,171,0.935672514619883,0.0083310188023018,confidence,0.4,69,0.8405797101449275,0.0950928044749555,0.6428571428571429,54,84
breast_cancer,5,7,0.9883040935672516,171,0.935672514619883,0.0083310188023018,segment_crossing,0.4,69,0.855072463768116,0.080600050851767,0.6428571428571429,54,84
breast_cancer,5,10,0.9883040935672516,171,0.9415204678362572,0.011266740544916,confidence,0.1,18,0.7777777777777778,0.1637426900584795,0.7142857142857143,15,21
breast_cancer,5,10,0.9883040935672516,171,0.9415204678362572,0.011266740544916,segment_crossing,0.1,18,0.7222222222222222,0.2192982456140351,0.7142857142857143,15,21
breast_cancer,5,10,0.9883040935672516,171,0.9415204678362572,0.011266740544916,confidence,0.2,35,0.8,0.1415204678362572,0.5555555555555556,25,45
breast_cancer,5,10,0.9883040935672516,171,0.9415204678362572,0.011266740544916,segment_crossing,0.2,35,0.7714285714285715,0.1700918964076858,0.5555555555555556,25,45
breast_cancer,5,10,0.9883040935672516,171,0.9415204678362572,0.011266740544916,confidence,0.25,43,0.813953488372093,0.1275669794641643,0.5087719298245614,29,57
breast_cancer,5,10,0.9883040935672516,171,0.9415204678362572,0.011266740544916,segment_crossing,0.25,43,0.7906976744186046,0.1508227934176527,0.5087719298245614,29,57
breast_cancer,5,10,0.9883040935672516,171,0.9415204678362572,0.011266740544916,confidence,0.4,69,0.8695652173913043,0.0719552504449529,0.6428571428571429,54,84
breast_cancer,5,10,0.9883040935672516,171,0.9415204678362572,0.011266740544916,segment_crossing,0.4,69,0.855072463768116,0.0864480040681413,0.6428571428571429,54,84
breast_cancer,6,1,0.9766081871345028,171,0.935672514619883,0.0448415291833306,confidence,0.1,18,0.7222222222222222,0.2134502923976607,0.6363636363636364,14,22
breast_cancer,6,1,0.9766081871345028,171,0.935672514619883,0.0448415291833306,segment_crossing,0.1,18,0.7777777777777778,0.1578947368421052,0.6363636363636364,14,22
breast_cancer,6,1,0.9766081871345028,171,0.935672514619883,0.0448415291833306,confidence,0.2,35,0.8571428571428571,0.0785296574770259,0.4583333333333333,22,48
breast_cancer,6,1,0.9766081871345028,171,0.935672514619883,0.0448415291833306,segment_crossing,0.2,35,0.8571428571428571,0.0785296574770259,0.4583333333333333,22,48
breast_cancer,6,1,0.9766081871345028,171,0.935672514619883,0.0448415291833306,confidence,0.25,43,0.8837209302325582,0.0519515843873248,0.5087719298245614,29,57
breast_cancer,6,1,0.9766081871345028,171,0.935672514619883,0.0448415291833306,segment_crossing,0.25,43,0.8372093023255814,0.0984632122943015,0.5087719298245614,29,57
breast_cancer,6,1,0.9766081871345028,171,0.935672514619883,0.0448415291833306,confidence,0.4,69,0.927536231884058,0.008136282735825,0.6428571428571429,54,84
breast_cancer,6,1,0.9766081871345028,171,0.935672514619883,0.0448415291833306,segment_crossing,0.4,69,0.855072463768116,0.080600050851767,0.6428571428571429,54,84
breast_cancer,6,2,0.9766081871345028,171,0.95906432748538,0.0039930308147337,confidence,0.1,18,0.7222222222222222,0.2368421052631578,0.6363636363636364,14,22
breast_cancer,6,2,0.9766081871345028,171,0.95906432748538,0.0039930308147337,segment_crossing,0.1,18,0.6666666666666666,0.2923976608187134,0.6363636363636364,14,22
breast_cancer,6,2,0.9766081871345028,171,0.95906432748538,0.0039930308147337,confidence,0.2,35,0.8285714285714286,0.1304928989139514,0.4583333333333333,22,48
breast_cancer,6,2,0.9766081871345028,171,0.95906432748538,0.0039930308147337,segment_crossing,0.2,35,0.8285714285714286,0.1304928989139514,0.4583333333333333,22,48
breast_cancer,6,2,0.9766081871345028,171,0.95906432748538,0.0039930308147337,confidence,0.25,43,0.8372093023255814,0.1218550251597986,0.5087719298245614,29,57
breast_cancer,6,2,0.9766081871345028,171,0.95906432748538,0.0039930308147337,segment_crossing,0.25,43,0.8604651162790697,0.0985992112063103,0.5087719298245614,29,57
breast_cancer,6,2,0.9766081871345028,171,0.95906432748538,0.0039930308147337,confidence,0.4,69,0.8985507246376812,0.0605136028476989,0.6428571428571429,54,84
breast_cancer,6,2,0.9766081871345028,171,0.95906432748538,0.0039930308147337,segment_crossing,0.4,69,0.8985507246376812,0.0605136028476989,0.6428571428571429,54,84
breast_cancer,6,3,0.9766081871345028,171,0.953216374269006,0.0172388204187417,confidence,0.1,18,0.7222222222222222,0.2309941520467836,0.6363636363636364,14,22
breast_cancer,6,3,0.9766081871345028,171,0.953216374269006,0.0172388204187417,segment_crossing,0.1,18,0.7222222222222222,0.2309941520467836,0.6363636363636364,14,22
breast_cancer,6,3,0.9766081871345028,171,0.953216374269006,0.0172388204187417,confidence,0.2,35,0.8571428571428571,0.0960735171261487,0.4583333333333333,22,48
breast_cancer,6,3,0.9766081871345028,171,0.953216374269006,0.0172388204187417,segment_crossing,0.2,35,0.8571428571428571,0.0960735171261487,0.4583333333333333,22,48
breast_cancer,6,3,0.9766081871345028,171,0.953216374269006,0.0172388204187417,confidence,0.25,43,0.8604651162790697,0.0927512579899361,0.5087719298245614,29,57
breast_cancer,6,3,0.9766081871345028,171,0.953216374269006,0.0172388204187417,segment_crossing,0.25,43,0.8604651162790697,0.0927512579899361,0.5087719298245614,29,57
breast_cancer,6,3,0.9766081871345028,171,0.953216374269006,0.0172388204187417,confidence,0.4,69,0.9130434782608696,0.0401728960081363,0.6428571428571429,54,84
breast_cancer,6,3,0.9766081871345028,171,0.953216374269006,0.0172388204187417,segment_crossing,0.4,69,0.8840579710144928,0.069158403254513,0.6428571428571429,54,84
breast_cancer,6,5,0.9766081871345028,171,0.9649122807017544,0.0013080357440722,confidence,0.1,18,0.6666666666666666,0.2982456140350877,0.6363636363636364,14,22
breast_cancer,6,5,0.9766081871345028,171,0.9649122807017544,0.0013080357440722,segment_crossing,0.1,18,0.6666666666666666,0.2982456140350877,0.6363636363636364,14,22
breast_cancer,6,5,0.9766081871345028,171,0.9649122807017544,0.0013080357440722,confidence,0.2,35,0.8285714285714286,0.1363408521303257,0.4583333333333333,22,48
breast_cancer,6,5,0.9766081871345028,171,0.9649122807017544,0.0013080357440722,segment_crossing,0.2,35,0.8285714285714286,0.1363408521303257,0.4583333333333333,22,48
breast_cancer,6,5,0.9766081871345028,171,0.9649122807017544,0.0013080357440722,confidence,0.25,43,0.8604651162790697,0.1044471644226846,0.5087719298245614,29,57
breast_cancer,6,5,0.9766081871345028,171,0.9649122807017544,0.0013080357440722,segment_crossing,0.25,43,0.8604651162790697,0.1044471644226846,0.5087719298245614,29,57
breast_cancer,6,5,0.9766081871345028,171,0.9649122807017544,0.0013080357440722,confidence,0.4,69,0.9130434782608696,0.0518688024408848,0.6428571428571429,54,84
breast_cancer,6,5,0.9766081871345028,171,0.9649122807017544,0.0013080357440722,segment_crossing,0.4,69,0.9130434782608696,0.0518688024408848,0.6428571428571429,54,84
breast_cancer,6,7,0.9766081871345028,171,0.9649122807017544,0.0013080357440722,confidence,0.1,18,0.6666666666666666,0.2982456140350877,0.6363636363636364,14,22
breast_cancer,6,7,0.9766081871345028,171,0.9649122807017544,0.0013080357440722,segment_crossing,0.1,18,0.6666666666666666,0.2982456140350877,0.6363636363636364,14,22
breast_cancer,6,7,0.9766081871345028,171,0.9649122807017544,0.0013080357440722,confidence,0.2,35,0.8285714285714286,0.1363408521303257,0.4583333333333333,22,48
breast_cancer,6,7,0.9766081871345028,171,0.9649122807017544,0.0013080357440722,segment_crossing,0.2,35,0.8285714285714286,0.1363408521303257,0.4583333333333333,22,48
breast_cancer,6,7,0.9766081871345028,171,0.9649122807017544,0.0013080357440722,confidence,0.25,43,0.8604651162790697,0.1044471644226846,0.5087719298245614,29,57
breast_cancer,6,7,0.9766081871345028,171,0.9649122807017544,0.0013080357440722,segment_crossing,0.25,43,0.8604651162790697,0.1044471644226846,0.5087719298245614,29,57
breast_cancer,6,7,0.9766081871345028,171,0.9649122807017544,0.0013080357440722,confidence,0.4,69,0.9130434782608696,0.0518688024408848,0.6428571428571429,54,84
breast_cancer,6,7,0.9766081871345028,171,0.9649122807017544,0.0013080357440722,segment_crossing,0.4,69,0.9130434782608696,0.0518688024408848,0.6428571428571429,54,84
breast_cancer,6,10,0.9766081871345028,171,0.9649122807017544,0.0013080357440722,confidence,0.1,18,0.6666666666666666,0.2982456140350877,0.6363636363636364,14,22
breast_cancer,6,10,0.9766081871345028,171,0.9649122807017544,0.0013080357440722,segment_crossing,0.1,18,0.6666666666666666,0.2982456140350877,0.6363636363636364,14,22
breast_cancer,6,10,0.9766081871345028,171,0.9649122807017544,0.0013080357440722,confidence,0.2,35,0.8285714285714286,0.1363408521303257,0.4583333333333333,22,48
breast_cancer,6,10,0.9766081871345028,171,0.9649122807017544,0.0013080357440722,segment_crossing,0.2,35,0.8285714285714286,0.1363408521303257,0.4583333333333333,22,48
breast_cancer,6,10,0.9766081871345028,171,0.9649122807017544,0.0013080357440722,confidence,0.25,43,0.8604651162790697,0.1044471644226846,0.5087719298245614,29,57
breast_cancer,6,10,0.9766081871345028,171,0.9649122807017544,0.0013080357440722,segment_crossing,0.25,43,0.8604651162790697,0.1044471644226846,0.5087719298245614,29,57
breast_cancer,6,10,0.9766081871345028,171,0.9649122807017544,0.0013080357440722,confidence,0.4,69,0.9130434782608696,0.0518688024408848,0.6428571428571429,54,84
breast_cancer,6,10,0.9766081871345028,171,0.9649122807017544,0.0013080357440722,segment_crossing,0.4,69,0.9130434782608696,0.0518688024408848,0.6428571428571429,54,84
breast_cancer,7,1,0.9824561403508772,171,0.9239766081871345,0.0225454180343582,confidence,0.1,18,0.6666666666666666,0.2573099415204678,0.5652173913043478,13,23
breast_cancer,7,1,0.9824561403508772,171,0.9239766081871345,0.0225454180343582,segment_crossing,0.1,18,0.6666666666666666,0.2573099415204678,0.5652173913043478,13,23
breast_cancer,7,1,0.9824561403508772,171,0.9239766081871345,0.0225454180343582,confidence,0.2,35,0.7714285714285715,0.152548036758563,0.4,20,50
breast_cancer,7,1,0.9824561403508772,171,0.9239766081871345,0.0225454180343582,segment_crossing,0.2,35,0.7714285714285715,0.152548036758563,0.4,20,50
breast_cancer,7,1,0.9824561403508772,171,0.9239766081871345,0.0225454180343582,confidence,0.25,43,0.7674418604651163,0.1565347477220181,0.4576271186440678,27,59
breast_cancer,7,1,0.9824561403508772,171,0.9239766081871345,0.0225454180343582,segment_crossing,0.25,43,0.7906976744186046,0.1332789337685298,0.4576271186440678,27,59
breast_cancer,7,1,0.9824561403508772,171,0.9239766081871345,0.0225454180343582,confidence,0.4,69,0.8405797101449275,0.0833968980422069,0.5681818181818182,50,88
breast_cancer,7,1,0.9824561403508772,171,0.9239766081871345,0.0225454180343582,segment_crossing,0.4,69,0.855072463768116,0.0689041444190184,0.5681818181818182,50,88
breast_cancer,7,2,0.9824561403508772,171,0.9298245614035088,0.0783059204852063,confidence,0.1,18,0.7777777777777778,0.1520467836257309,0.5652173913043478,13,23
breast_cancer,7,2,0.9824561403508772,171,0.9298245614035088,0.0783059204852063,segment_crossing,0.1,18,0.7222222222222222,0.2076023391812865,0.5652173913043478,13,23
breast_cancer,7,2,0.9824561403508772,171,0.9298245614035088,0.0783059204852063,confidence,0.2,35,0.8571428571428571,0.0726817042606516,0.4,20,50
breast_cancer,7,2,0.9824561403508772,171,0.9298245614035088,0.0783059204852063,segment_crossing,0.2,35,0.8285714285714286,0.1012531328320801,0.4,20,50
breast_cancer,7,2,0.9824561403508772,171,0.9298245614035088,0.0783059204852063,confidence,0.25,43,0.8604651162790697,0.069359445124439,0.4576271186440678,27,59
breast_cancer,7,2,0.9824561403508772,171,0.9298245614035088,0.0783059204852063,segment_crossing,0.25,43,0.8604651162790697,0.069359445124439,0.4576271186440678,27,59
breast_cancer,7,2,0.9824561403508772,171,0.9298245614035088,0.0783059204852063,confidence,0.4,69,0.8985507246376812,0.0312738367658276,0.5681818181818182,50,88
breast_cancer,7,2,0.9824561403508772,171,0.9298245614035088,0.0783059204852063,segment_crossing,0.4,69,0.9130434782608696,0.0167810831426392,0.5681818181818182,50,88
breast_cancer,7,3,0.9824561403508772,171,0.9298245614035088,0.033803044097857,confidence,0.1,18,0.7222222222222222,0.2076023391812865,0.5652173913043478,13,23
breast_cancer,7,3,0.9824561403508772,171,0.9298245614035088,0.033803044097857,segment_crossing,0.1,18,0.7222222222222222,0.2076023391812865,0.5652173913043478,13,23
breast_cancer,7,3,0.9824561403508772,171,0.9298245614035088,0.033803044097857,confidence,0.2,35,0.8,0.1298245614035087,0.4,20,50
breast_cancer,7,3,0.9824561403508772,171,0.9298245614035088,0.033803044097857,segment_crossing,0.2,35,0.7428571428571429,0.1869674185463659,0.4,20,50
breast_cancer,7,3,0.9824561403508772,171,0.9298245614035088,0.033803044097857,confidence,0.25,43,0.8372093023255814,0.0926152590779273,0.4576271186440678,27,59
breast_cancer,7,3,0.9824561403508772,171,0.9298245614035088,0.033803044097857,segment_crossing,0.25,43,0.7906976744186046,0.1391268869849041,0.4576271186440678,27,59
breast_cancer,7,3,0.9824561403508772,171,0.9298245614035088,0.033803044097857,confidence,0.4,69,0.8985507246376812,0.0312738367658276,0.5681818181818182,50,88
breast_cancer,7,3,0.9824561403508772,171,0.9298245614035088,0.033803044097857,segment_crossing,0.4,69,0.855072463768116,0.0747520976353928,0.5681818181818182,50,88
breast_cancer,7,5,0.9824561403508772,171,0.953216374269006,0.0118459410391981,confidence,0.1,18,0.8333333333333334,0.1198830409356724,0.5652173913043478,13,23
breast_cancer,7,5,0.9824561403508772,171,0.953216374269006,0.0118459410391981,segment_crossing,0.1,18,0.7777777777777778,0.175438596491228,0.5652173913043478,13,23
breast_cancer,7,5,0.9824561403508772,171,0.953216374269006,0.0118459410391981,confidence,0.2,35,0.8571428571428571,0.0960735171261487,0.4,20,50
breast_cancer,7,5,0.9824561403508772,171,0.953216374269006,0.0118459410391981,segment_crossing,0.2,35,0.8571428571428571,0.0960735171261487,0.4,20,50
breast_cancer,7,5,0.9824561403508772,171,0.953216374269006,0.0118459410391981,confidence,0.25,43,0.8604651162790697,0.0927512579899361,0.4576271186440678,27,59
breast_cancer,7,5,0.9824561403508772,171,0.953216374269006,0.0118459410391981,segment_crossing,0.25,43,0.8837209302325582,0.0694954440364477,0.4576271186440678,27,59
breast_cancer,7,5,0.9824561403508772,171,0.953216374269006,0.0118459410391981,confidence,0.4,69,0.8985507246376812,0.0546656496313247,0.5681818181818182,50,88
breast_cancer,7,5,0.9824561403508772,171,0.953216374269006,0.0118459410391981,segment_crossing,0.4,69,0.927536231884058,0.0256801423849478,0.5681818181818182,50,88
breast_cancer,7,7,0.9824561403508772,171,0.9473684210526316,0.0120018702451464,confidence,0.1,18,0.7777777777777778,0.1695906432748537,0.5652173913043478,13,23
breast_cancer,7,7,0.9824561403508772,171,0.9473684210526316,0.0120018702451464,segment_crossing,0.1,18,0.7222222222222222,0.2251461988304093,0.5652173913043478,13,23
breast_cancer,7,7,0.9824561403508772,171,0.9473684210526316,0.0120018702451464,confidence,0.2,35,0.8285714285714286,0.1187969924812029,0.4,20,50
breast_cancer,7,7,0.9824561403508772,171,0.9473684210526316,0.0120018702451464,segment_crossing,0.2,35,0.8285714285714286,0.1187969924812029,0.4,20,50
breast_cancer,7,7,0.9824561403508772,171,0.9473684210526316,0.0120018702451464,confidence,0.25,43,0.8372093023255814,0.11015911872705,0.4576271186440678,27,59
breast_cancer,7,7,0.9824561403508772,171,0.9473684210526316,0.0120018702451464,segment_crossing,0.25,43,0.8604651162790697,0.0869033047735617,0.4576271186440678,27,59
breast_cancer,7,7,0.9824561403508772,171,0.9473684210526316,0.0120018702451464,confidence,0.4,69,0.8840579710144928,0.0633104500381387,0.5681818181818182,50,88
breast_cancer,7,7,0.9824561403508772,171,0.9473684210526316,0.0120018702451464,segment_crossing,0.4,69,0.9130434782608696,0.034324942791762,0.5681818181818182,50,88
breast_cancer,7,10,0.9824561403508772,171,0.9473684210526316,0.0120018702451464,confidence,0.1,18,0.7777777777777778,0.1695906432748537,0.5652173913043478,13,23
breast_cancer,7,10,0.9824561403508772,171,0.9473684210526316,0.0120018702451464,segment_crossing,0.1,18,0.7222222222222222,0.2251461988304093,0.5652173913043478,13,23
breast_cancer,7,10,0.9824561403508772,171,0.9473684210526316,0.0120018702451464,confidence,0.2,35,0.8285714285714286,0.1187969924812029,0.4,20,50
breast_cancer,7,10,0.9824561403508772,171,0.9473684210526316,0.0120018702451464,segment_crossing,0.2,35,0.8285714285714286,0.1187969924812029,0.4,20,50
breast_cancer,7,10,0.9824561403508772,171,0.9473684210526316,0.0120018702451464,confidence,0.25,43,0.8372093023255814,0.11015911872705,0.4576271186440678,27,59
breast_cancer,7,10,0.9824561403508772,171,0.9473684210526316,0.0120018702451464,segment_crossing,0.25,43,0.8604651162790697,0.0869033047735617,0.4576271186440678,27,59
breast_cancer,7,10,0.9824561403508772,171,0.9473684210526316,0.0120018702451464,confidence,0.4,69,0.8840579710144928,0.0633104500381387,0.5681818181818182,50,88
breast_cancer,7,10,0.9824561403508772,171,0.9473684210526316,0.0120018702451464,segment_crossing,0.4,69,0.9130434782608696,0.034324942791762,0.5681818181818182,50,88
breast_cancer,8,1,0.9473684210526316,171,0.8888888888888888,0.0567203395267232,confidence,0.1,18,0.5555555555555556,0.3333333333333332,0.5652173913043478,13,23
breast_cancer,8,1,0.9473684210526316,171,0.8888888888888888,0.0567203395267232,segment_crossing,0.1,18,0.5,0.3888888888888888,0.5652173913043478,13,23
breast_cancer,8,1,0.9473684210526316,171,0.8888888888888888,0.0567203395267232,confidence,0.2,35,0.6571428571428571,0.2317460317460317,0.7073170731707317,29,41
breast_cancer,8,1,0.9473684210526316,171,0.8888888888888888,0.0567203395267232,segment_crossing,0.2,35,0.6285714285714286,0.2603174603174603,0.7073170731707317,29,41
breast_cancer,8,1,0.9473684210526316,171,0.8888888888888888,0.0567203395267232,confidence,0.25,43,0.7209302325581395,0.1679586563307493,0.6538461538461539,34,52
breast_cancer,8,1,0.9473684210526316,171,0.8888888888888888,0.0567203395267232,segment_crossing,0.25,43,0.6976744186046512,0.1912144702842376,0.6538461538461539,34,52
breast_cancer,8,1,0.9473684210526316,171,0.8888888888888888,0.0567203395267232,confidence,0.4,69,0.8115942028985508,0.077294685990338,0.7468354430379747,59,79
breast_cancer,8,1,0.9473684210526316,171,0.8888888888888888,0.0567203395267232,segment_crossing,0.4,69,0.8115942028985508,0.077294685990338,0.7468354430379747,59,79
breast_cancer,8,2,0.9473684210526316,171,0.912280701754386,0.0258492915806249,confidence,0.1,18,0.6111111111111112,0.3011695906432747,0.5652173913043478,13,23
breast_cancer,8,2,0.9473684210526316,171,0.912280701754386,0.0258492915806249,segment_crossing,0.1,18,0.5555555555555556,0.3567251461988303,0.5652173913043478,13,23
breast_cancer,8,2,0.9473684210526316,171,0.912280701754386,0.0258492915806249,confidence,0.2,35,0.7142857142857143,0.1979949874686716,0.7073170731707317,29,41
breast_cancer,8,2,0.9473684210526316,171,0.912280701754386,0.0258492915806249,segment_crossing,0.2,35,0.6571428571428571,0.2551378446115288,0.7073170731707317,29,41
breast_cancer,8,2,0.9473684210526316,171,0.912280701754386,0.0258492915806249,confidence,0.25,43,0.7674418604651163,0.1448388412892696,0.6538461538461539,34,52
breast_cancer,8,2,0.9473684210526316,171,0.912280701754386,0.0258492915806249,segment_crossing,0.25,43,0.7209302325581395,0.1913504691962464,0.6538461538461539,34,52
breast_cancer,8,2,0.9473684210526316,171,0.912280701754386,0.0258492915806249,confidence,0.4,69,0.8115942028985508,0.1006864988558351,0.7468354430379747,59,79
breast_cancer,8,2,0.9473684210526316,171,0.912280701754386,0.0258492915806249,segment_crossing,0.4,69,0.8115942028985508,0.1006864988558351,0.7468354430379747,59,79
breast_cancer,8,3,0.9473684210526316,171,0.9181286549707602,0.0230497797787695,confidence,0.1,18,0.6111111111111112,0.3070175438596491,0.5652173913043478,13,23
breast_cancer,8,3,0.9473684210526316,171,0.9181286549707602,0.0230497797787695,segment_crossing,0.1,18,0.5555555555555556,0.3625730994152046,0.5652173913043478,13,23
breast_cancer,8,3,0.9473684210526316,171,0.9181286549707602,0.0230497797787695,confidence,0.2,35,0.7142857142857143,0.2038429406850459,0.7073170731707317,29,41
breast_cancer,8,3,0.9473684210526316,171,0.9181286549707602,0.0230497797787695,segment_crossing,0.2,35,0.6857142857142857,0.2324143692564745,0.7073170731707317,29,41
breast_cancer,8,3,0.9473684210526316,171,0.9181286549707602,0.0230497797787695,confidence,0.25,43,0.7674418604651163,0.1506867945056439,0.6538461538461539,34,52
breast_cancer,8,3,0.9473684210526316,171,0.9181286549707602,0.0230497797787695,segment_crossing,0.25,43,0.7441860465116279,0.1739426084591323,0.6538461538461539,34,52
breast_cancer,8,3,0.9473684210526316,171,0.9181286549707602,0.0230497797787695,confidence,0.4,69,0.8260869565217391,0.0920416984490211,0.7468354430379747,59,79
breast_cancer,8,3,0.9473684210526316,171,0.9181286549707602,0.0230497797787695,segment_crossing,0.4,69,0.8260869565217391,0.0920416984490211,0.7468354430379747,59,79
breast_cancer,8,5,0.9473684210526316,171,0.912280701754386,0.0222973577446177,confidence,0.1,18,0.5,0.4122807017543859,0.5652173913043478,13,23
breast_cancer,8,5,0.9473684210526316,171,0.912280701754386,0.0222973577446177,segment_crossing,0.1,18,0.5555555555555556,0.3567251461988303,0.5652173913043478,13,23
breast_cancer,8,5,0.9473684210526316,171,0.912280701754386,0.0222973577446177,confidence,0.2,35,0.6857142857142857,0.2265664160401002,0.7073170731707317,29,41
breast_cancer,8,5,0.9473684210526316,171,0.912280701754386,0.0222973577446177,segment_crossing,0.2,35,0.6857142857142857,0.2265664160401002,0.7073170731707317,29,41
breast_cancer,8,5,0.9473684210526316,171,0.912280701754386,0.0222973577446177,confidence,0.25,43,0.7441860465116279,0.168094655242758,0.6538461538461539,34,52
breast_cancer,8,5,0.9473684210526316,171,0.912280701754386,0.0222973577446177,segment_crossing,0.25,43,0.7441860465116279,0.168094655242758,0.6538461538461539,34,52
breast_cancer,8,5,0.9473684210526316,171,0.912280701754386,0.0222973577446177,confidence,0.4,69,0.8115942028985508,0.1006864988558351,0.7468354430379747,59,79
breast_cancer,8,5,0.9473684210526316,171,0.912280701754386,0.0222973577446177,segment_crossing,0.4,69,0.8260869565217391,0.0861937452326467,0.7468354430379747,59,79
breast_cancer,8,7,0.9473684210526316,171,0.9239766081871345,0.0223738552174562,confidence,0.1,18,0.6666666666666666,0.2573099415204678,0.5652173913043478,13,23
breast_cancer,8,7,0.9473684210526316,171,0.9239766081871345,0.0223738552174562,segment_crossing,0.1,18,0.6111111111111112,0.3128654970760233,0.5652173913043478,13,23
breast_cancer,8,7,0.9473684210526316,171,0.9239766081871345,0.0223738552174562,confidence,0.2,35,0.7428571428571429,0.1811194653299915,0.7073170731707317,29,41
breast_cancer,8,7,0.9473684210526316,171,0.9239766081871345,0.0223738552174562,segment_crossing,0.2,35,0.7428571428571429,0.1811194653299915,0.7073170731707317,29,41
breast_cancer,8,7,0.9473684210526316,171,0.9239766081871345,0.0223738552174562,confidence,0.25,43,0.7906976744186046,0.1332789337685298,0.6538461538461539,34,52
breast_cancer,8,7,0.9473684210526316,171,0.9239766081871345,0.0223738552174562,segment_crossing,0.25,43,0.7906976744186046,0.1332789337685298,0.6538461538461539,34,52
breast_cancer,8,7,0.9473684210526316,171,0.9239766081871345,0.0223738552174562,confidence,0.4,69,0.8405797101449275,0.0833968980422069,0.7468354430379747,59,79
breast_cancer,8,7,0.9473684210526316,171,0.9239766081871345,0.0223738552174562,segment_crossing,0.4,69,0.855072463768116,0.0689041444190184,0.7468354430379747,59,79
breast_cancer,8,10,0.9473684210526316,171,0.9239766081871345,0.0223738552174562,confidence,0.1,18,0.6666666666666666,0.2573099415204678,0.5652173913043478,13,23
breast_cancer,8,10,0.9473684210526316,171,0.9239766081871345,0.0223738552174562,segment_crossing,0.1,18,0.6111111111111112,0.3128654970760233,0.5652173913043478,13,23
breast_cancer,8,10,0.9473684210526316,171,0.9239766081871345,0.0223738552174562,confidence,0.2,35,0.7428571428571429,0.1811194653299915,0.7073170731707317,29,41
breast_cancer,8,10,0.9473684210526316,171,0.9239766081871345,0.0223738552174562,segment_crossing,0.2,35,0.7428571428571429,0.1811194653299915,0.7073170731707317,29,41
breast_cancer,8,10,0.9473684210526316,171,0.9239766081871345,0.0223738552174562,confidence,0.25,43,0.7906976744186046,0.1332789337685298,0.6538461538461539,34,52
breast_cancer,8,10,0.9473684210526316,171,0.9239766081871345,0.0223738552174562,segment_crossing,0.25,43,0.7906976744186046,0.1332789337685298,0.6538461538461539,34,52
breast_cancer,8,10,0.9473684210526316,171,0.9239766081871345,0.0223738552174562,confidence,0.4,69,0.8405797101449275,0.0833968980422069,0.7468354430379747,59,79
breast_cancer,8,10,0.9473684210526316,171,0.9239766081871345,0.0223738552174562,segment_crossing,0.4,69,0.855072463768116,0.0689041444190184,0.7468354430379747,59,79
breast_cancer,9,1,0.9883040935672516,171,0.9005847953216374,0.0312406180545572,confidence,0.1,18,0.7222222222222222,0.1783625730994151,0.7142857142857143,15,21
breast_cancer,9,1,0.9883040935672516,171,0.9005847953216374,0.0312406180545572,segment_crossing,0.1,18,0.6666666666666666,0.2339181286549707,0.7142857142857143,15,21
breast_cancer,9,1,0.9883040935672516,171,0.9005847953216374,0.0312406180545572,confidence,0.2,35,0.7428571428571429,0.1577276524644945,0.5555555555555556,25,45
breast_cancer,9,1,0.9883040935672516,171,0.9005847953216374,0.0312406180545572,segment_crossing,0.2,35,0.6857142857142857,0.2148705096073516,0.5555555555555556,25,45
breast_cancer,9,1,0.9883040935672516,171,0.9005847953216374,0.0312406180545572,confidence,0.25,43,0.7441860465116279,0.1563987488100094,0.6226415094339622,33,53
breast_cancer,9,1,0.9883040935672516,171,0.9005847953216374,0.0312406180545572,segment_crossing,0.25,43,0.7209302325581395,0.1796545627634979,0.6226415094339622,33,53
breast_cancer,9,1,0.9883040935672516,171,0.9005847953216374,0.0312406180545572,confidence,0.4,69,0.8260869565217391,0.0744978387998982,0.6428571428571429,54,84
breast_cancer,9,1,0.9883040935672516,171,0.9005847953216374,0.0312406180545572,segment_crossing,0.4,69,0.782608695652174,0.1179760996694634,0.6428571428571429,54,84
breast_cancer,9,2,0.9883040935672516,171,0.9181286549707602,0.0345735027145516,confidence,0.1,18,0.7777777777777778,0.1403508771929824,0.7142857142857143,15,21
breast_cancer,9,2,0.9883040935672516,171,0.9181286549707602,0.0345735027145516,segment_crossing,0.1,18,0.7777777777777778,0.1403508771929824,0.7142857142857143,15,21
breast_cancer,9,2,0.9883040935672516,171,0.9181286549707602,0.0345735027145516,confidence,0.2,35,0.8,0.1181286549707602,0.5555555555555556,25,45
breast_cancer,9,2,0.9883040935672516,171,0.9181286549707602,0.0345735027145516,segment_crossing,0.2,35,0.7428571428571429,0.1752715121136173,0.5555555555555556,25,45
breast_cancer,9,2,0.9883040935672516,171,0.9181286549707602,0.0345735027145516,confidence,0.25,43,0.7906976744186046,0.1274309805521556,0.6226415094339622,33,53
breast_cancer,9,2,0.9883040935672516,171,0.9181286549707602,0.0345735027145516,segment_crossing,0.25,43,0.7906976744186046,0.1274309805521556,0.6226415094339622,33,53
breast_cancer,9,2,0.9883040935672516,171,0.9181286549707602,0.0345735027145516,confidence,0.4,69,0.855072463768116,0.0630561912026442,0.6428571428571429,54,84
breast_cancer,9,2,0.9883040935672516,171,0.9181286549707602,0.0345735027145516,segment_crossing,0.4,69,0.855072463768116,0.0630561912026442,0.6428571428571429,54,84
breast_cancer,9,3,0.9883040935672516,171,0.9239766081871345,0.0161306989118079,confidence,0.1,18,0.7222222222222222,0.2017543859649122,0.7142857142857143,15,21
breast_cancer,9,3,0.9883040935672516,171,0.9239766081871345,0.0161306989118079,segment_crossing,0.1,18,0.7222222222222222,0.2017543859649122,0.7142857142857143,15,21
breast_cancer,9,3,0.9883040935672516,171,0.9239766081871345,0.0161306989118079,confidence,0.2,35,0.7714285714285715,0.152548036758563,0.5555555555555556,25,45
breast_cancer,9,3,0.9883040935672516,171,0.9239766081871345,0.0161306989118079,segment_crossing,0.2,35,0.7142857142857143,0.2096908939014201,0.5555555555555556,25,45
breast_cancer,9,3,0.9883040935672516,171,0.9239766081871345,0.0161306989118079,confidence,0.25,43,0.7674418604651163,0.1565347477220181,0.6226415094339622,33,53
breast_cancer,9,3,0.9883040935672516,171,0.9239766081871345,0.0161306989118079,segment_crossing,0.25,43,0.7674418604651163,0.1565347477220181,0.6226415094339622,33,53
breast_cancer,9,3,0.9883040935672516,171,0.9239766081871345,0.0161306989118079,confidence,0.4,69,0.8405797101449275,0.0833968980422069,0.6428571428571429,54,84
breast_cancer,9,3,0.9883040935672516,171,0.9239766081871345,0.0161306989118079,segment_crossing,0.4,69,0.8405797101449275,0.0833968980422069,0.6428571428571429,54,84
breast_cancer,9,5,0.9883040935672516,171,0.9298245614035088,0.0236405176558408,confidence,0.1,18,0.7777777777777778,0.1520467836257309,0.7142857142857143,15,21
breast_cancer,9,5,0.9883040935672516,171,0.9298245614035088,0.0236405176558408,segment_crossing,0.1,18,0.7222222222222222,0.2076023391812865,0.7142857142857143,15,21
breast_cancer,9,5,0.9883040935672516,171,0.9298245614035088,0.0236405176558408,confidence,0.2,35,0.8,0.1298245614035087,0.5555555555555556,25,45
breast_cancer,9,5,0.9883040935672516,171,0.9298245614035088,0.0236405176558408,segment_crossing,0.2,35,0.7714285714285715,0.1583959899749373,0.5555555555555556,25,45
breast_cancer,9,5,0.9883040935672516,171,0.9298245614035088,0.0236405176558408,confidence,0.25,43,0.813953488372093,0.1158710730314157,0.6226415094339622,33,53
breast_cancer,9,5,0.9883040935672516,171,0.9298245614035088,0.0236405176558408,segment_crossing,0.25,43,0.7906976744186046,0.1391268869849041,0.6226415094339622,33,53
breast_cancer,9,5,0.9883040935672516,171,0.9298245614035088,0.0236405176558408,confidence,0.4,69,0.8695652173913043,0.0602593440122044,0.6428571428571429,54,84
breast_cancer,9,5,0.9883040935672516,171,0.9298245614035088,0.0236405176558408,segment_crossing,0.4,69,0.8695652173913043,0.0602593440122044,0.6428571428571429,54,84
breast_cancer,9,7,0.9883040935672516,171,0.9239766081871345,0.0175571281593232,confidence,0.1,18,0.6666666666666666,0.2573099415204678,0.7142857142857143,15,21
breast_cancer,9,7,0.9883040935672516,171,0.9239766081871345,0.0175571281593232,segment_crossing,0.1,18,0.6111111111111112,0.3128654970760233,0.7142857142857143,15,21
breast_cancer,9,7,0.9883040935672516,171,0.9239766081871345,0.0175571281593232,confidence,0.2,35,0.7142857142857143,0.2096908939014201,0.5555555555555556,25,45
breast_cancer,9,7,0.9883040935672516,171,0.9239766081871345,0.0175571281593232,segment_crossing,0.2,35,0.7142857142857143,0.2096908939014201,0.5555555555555556,25,45
breast_cancer,9,7,0.9883040935672516,171,0.9239766081871345,0.0175571281593232,confidence,0.25,43,0.7441860465116279,0.1797905616755065,0.6226415094339622,33,53
breast_cancer,9,7,0.9883040935672516,171,0.9239766081871345,0.0175571281593232,segment_crossing,0.25,43,0.7674418604651163,0.1565347477220181,0.6226415094339622,33,53
breast_cancer,9,7,0.9883040935672516,171,0.9239766081871345,0.0175571281593232,confidence,0.4,69,0.8260869565217391,0.0978896516653953,0.6428571428571429,54,84
breast_cancer,9,7,0.9883040935672516,171,0.9239766081871345,0.0175571281593232,segment_crossing,0.4,69,0.8405797101449275,0.0833968980422069,0.6428571428571429,54,84
breast_cancer,9,10,0.9883040935672516,171,0.9239766081871345,0.0175571281593232,confidence,0.1,18,0.6666666666666666,0.2573099415204678,0.7142857142857143,15,21
breast_cancer,9,10,0.9883040935672516,171,0.9239766081871345,0.0175571281593232,segment_crossing,0.1,18,0.6111111111111112,0.3128654970760233,0.7142857142857143,15,21
breast_cancer,9,10,0.9883040935672516,171,0.9239766081871345,0.0175571281593232,confidence,0.2,35,0.7142857142857143,0.2096908939014201,0.5555555555555556,25,45
breast_cancer,9,10,0.9883040935672516,171,0.9239766081871345,0.0175571281593232,segment_crossing,0.2,35,0.7142857142857143,0.2096908939014201,0.5555555555555556,25,45
breast_cancer,9,10,0.9883040935672516,171,0.9239766081871345,0.0175571281593232,confidence,0.25,43,0.7441860465116279,0.1797905616755065,0.6226415094339622,33,53
breast_cancer,9,10,0.9883040935672516,171,0.9239766081871345,0.0175571281593232,segment_crossing,0.25,43,0.7674418604651163,0.1565347477220181,0.6226415094339622,33,53
breast_cancer,9,10,0.9883040935672516,171,0.9239766081871345,0.0175571281593232,confidence,0.4,69,0.8260869565217391,0.0978896516653953,0.6428571428571429,54,84
breast_cancer,9,10,0.9883040935672516,171,0.9239766081871345,0.0175571281593232,segment_crossing,0.4,69,0.8405797101449275,0.0833968980422069,0.6428571428571429,54,84
diabetes,0,1,0.6917293233082706,133,0.6992481203007519,0.1919210889042415,confidence,0.1,14,0.5714285714285714,0.1278195488721805,0.6470588235294118,11,17
diabetes,0,1,0.6917293233082706,133,0.6992481203007519,0.1919210889042415,segment_crossing,0.1,14,0.7142857142857143,-0.0150375939849624,0.6470588235294118,11,17
diabetes,0,1,0.6917293233082706,133,0.6992481203007519,0.1919210889042415,confidence,0.2,27,0.6296296296296297,0.0696184906711222,0.6875,22,32
diabetes,0,1,0.6917293233082706,133,0.6992481203007519,0.1919210889042415,segment_crossing,0.2,27,0.7037037037037037,-0.0044555834029518,0.6875,22,32
diabetes,0,1,0.6917293233082706,133,0.6992481203007519,0.1919210889042415,confidence,0.25,34,0.6764705882352942,0.0227775320654577,0.6190476190476191,26,42
diabetes,0,1,0.6917293233082706,133,0.6992481203007519,0.1919210889042415,segment_crossing,0.25,34,0.7058823529411765,-0.0066342326404246,0.6190476190476191,26,42
diabetes,0,1,0.6917293233082706,133,0.6992481203007519,0.1919210889042415,confidence,0.4,54,0.6111111111111112,0.0881370091896407,0.6363636363636364,42,66
diabetes,0,1,0.6917293233082706,133,0.6992481203007519,0.1919210889042415,segment_crossing,0.4,54,0.6296296296296297,0.0696184906711222,0.6363636363636364,42,66
diabetes,0,2,0.6917293233082706,133,0.7218045112781954,0.171648901089767,confidence,0.1,14,0.4285714285714285,0.2932330827067669,0.6470588235294118,11,17
diabetes,0,2,0.6917293233082706,133,0.7218045112781954,0.171648901089767,segment_crossing,0.1,14,0.5714285714285714,0.150375939849624,0.6470588235294118,11,17
diabetes,0,2,0.6917293233082706,133,0.7218045112781954,0.171648901089767,confidence,0.2,27,0.5555555555555556,0.1662489557226398,0.6875,22,32
diabetes,0,2,0.6917293233082706,133,0.7218045112781954,0.171648901089767,segment_crossing,0.2,27,0.6666666666666666,0.0551378446115288,0.6875,22,32
diabetes,0,2,0.6917293233082706,133,0.7218045112781954,0.171648901089767,confidence,0.25,34,0.5882352941176471,0.1335692171605483,0.6190476190476191,26,42
diabetes,0,2,0.6917293233082706,133,0.7218045112781954,0.171648901089767,segment_crossing,0.25,34,0.6470588235294118,0.0747456877487836,0.6190476190476191,26,42
diabetes,0,2,0.6917293233082706,133,0.7218045112781954,0.171648901089767,confidence,0.4,54,0.6111111111111112,0.1106934001670842,0.6363636363636364,42,66
diabetes,0,2,0.6917293233082706,133,0.7218045112781954,0.171648901089767,segment_crossing,0.4,54,0.6296296296296297,0.0921748816485658,0.6363636363636364,42,66
diabetes,0,3,0.6917293233082706,133,0.6766917293233082,0.178862687753031,confidence,0.1,14,0.5,0.1766917293233082,0.6470588235294118,11,17
diabetes,0,3,0.6917293233082706,133,0.6766917293233082,0.178862687753031,segment_crossing,0.1,14,0.6428571428571429,0.0338345864661653,0.6470588235294118,11,17
diabetes,0,3,0.6917293233082706,133,0.6766917293233082,0.178862687753031,confidence,0.2,27,0.5185185185185185,0.1581732108047897,0.6875,22,32
diabetes,0,3,0.6917293233082706,133,0.6766917293233082,0.178862687753031,segment_crossing,0.2,27,0.6296296296296297,0.0470620996936785,0.6875,22,32
diabetes,0,3,0.6917293233082706,133,0.6766917293233082,0.178862687753031,confidence,0.25,34,0.5588235294117647,0.1178681999115435,0.6190476190476191,26,42
diabetes,0,3,0.6917293233082706,133,0.6766917293233082,0.178862687753031,segment_crossing,0.25,34,0.6470588235294118,0.0296329057938964,0.6190476190476191,26,42
diabetes,0,3,0.6917293233082706,133,0.6766917293233082,0.178862687753031,confidence,0.4,54,0.5185185185185185,0.1581732108047897,0.6363636363636364,42,66
diabetes,0,3,0.6917293233082706,133,0.6766917293233082,0.178862687753031,segment_crossing,0.4,54,0.5925925925925926,0.0840991367307156,0.6363636363636364,42,66
diabetes,0,5,0.6917293233082706,133,0.7142857142857143,0.1678498507424591,confidence,0.1,14,0.4285714285714285,0.2857142857142857,0.6470588235294118,11,17
diabetes,0,5,0.6917293233082706,133,0.7142857142857143,0.1678498507424591,segment_crossing,0.1,14,0.5714285714285714,0.1428571428571429,0.6470588235294118,11,17
diabetes,0,5,0.6917293233082706,133,0.7142857142857143,0.1678498507424591,confidence,0.2,27,0.5925925925925926,0.1216931216931217,0.6875,22,32
diabetes,0,5,0.6917293233082706,133,0.7142857142857143,0.1678498507424591,segment_crossing,0.2,27,0.6296296296296297,0.0846560846560846,0.6875,22,32
diabetes,0,5,0.6917293233082706,133,0.7142857142857143,0.1678498507424591,confidence,0.25,34,0.5882352941176471,0.1260504201680672,0.6190476190476191,26,42
diabetes,0,5,0.6917293233082706,133,0.7142857142857143,0.1678498507424591,segment_crossing,0.25,34,0.6470588235294118,0.0672268907563025,0.6190476190476191,26,42
diabetes,0,5,0.6917293233082706,133,0.7142857142857143,0.1678498507424591,confidence,0.4,54,0.5925925925925926,0.1216931216931217,0.6363636363636364,42,66
diabetes,0,5,0.6917293233082706,133,0.7142857142857143,0.1678498507424591,segment_crossing,0.4,54,0.6111111111111112,0.1031746031746031,0.6363636363636364,42,66
diabetes,0,7,0.6917293233082706,133,0.7894736842105263,0.1103604486828229,confidence,0.1,14,0.5,0.2894736842105263,0.6470588235294118,11,17
diabetes,0,7,0.6917293233082706,133,0.7894736842105263,0.1103604486828229,segment_crossing,0.1,14,0.6428571428571429,0.1466165413533834,0.6470588235294118,11,17
diabetes,0,7,0.6917293233082706,133,0.7894736842105263,0.1103604486828229,confidence,0.2,27,0.6296296296296297,0.1598440545808966,0.6875,22,32
diabetes,0,7,0.6917293233082706,133,0.7894736842105263,0.1103604486828229,segment_crossing,0.2,27,0.6296296296296297,0.1598440545808966,0.6875,22,32
diabetes,0,7,0.6917293233082706,133,0.7894736842105263,0.1103604486828229,confidence,0.25,34,0.6470588235294118,0.1424148606811145,0.6190476190476191,26,42
diabetes,0,7,0.6917293233082706,133,0.7894736842105263,0.1103604486828229,segment_crossing,0.25,34,0.6764705882352942,0.1130030959752321,0.6190476190476191,26,42
diabetes,0,7,0.6917293233082706,133,0.7894736842105263,0.1103604486828229,confidence,0.4,54,0.6666666666666666,0.1228070175438597,0.6363636363636364,42,66
diabetes,0,7,0.6917293233082706,133,0.7894736842105263,0.1103604486828229,segment_crossing,0.4,54,0.6851851851851852,0.1042884990253411,0.6363636363636364,42,66
diabetes,0,10,0.6917293233082706,133,0.7218045112781954,0.1480293303532035,confidence,0.1,14,0.5,0.2218045112781954,0.6470588235294118,11,17
diabetes,0,10,0.6917293233082706,133,0.7218045112781954,0.1480293303532035,segment_crossing,0.1,14,0.6428571428571429,0.0789473684210525,0.6470588235294118,11,17
diabetes,0,10,0.6917293233082706,133,0.7218045112781954,0.1480293303532035,confidence,0.2,27,0.5925925925925926,0.1292119186856029,0.6875,22,32
diabetes,0,10,0.6917293233082706,133,0.7218045112781954,0.1480293303532035,segment_crossing,0.2,27,0.6296296296296297,0.0921748816485658,0.6875,22,32
diabetes,0,10,0.6917293233082706,133,0.7218045112781954,0.1480293303532035,confidence,0.25,34,0.5882352941176471,0.1335692171605483,0.6190476190476191,26,42
diabetes,0,10,0.6917293233082706,133,0.7218045112781954,0.1480293303532035,segment_crossing,0.25,34,0.6176470588235294,0.104157452454666,0.6190476190476191,26,42
diabetes,0,10,0.6917293233082706,133,0.7218045112781954,0.1480293303532035,confidence,0.4,54,0.5925925925925926,0.1292119186856029,0.6363636363636364,42,66
diabetes,0,10,0.6917293233082706,133,0.7218045112781954,0.1480293303532035,segment_crossing,0.4,54,0.6111111111111112,0.1106934001670842,0.6363636363636364,42,66
diabetes,1,1,0.7518796992481203,133,0.7368421052631579,0.1442469882670755,confidence,0.1,14,0.5,0.2368421052631578,0.2727272727272727,6,22
diabetes,1,1,0.7518796992481203,133,0.7368421052631579,0.1442469882670755,segment_crossing,0.1,14,0.4285714285714285,0.3082706766917293,0.2727272727272727,6,22
diabetes,1,1,0.7518796992481203,133,0.7368421052631579,0.1442469882670755,confidence,0.2,27,0.4814814814814814,0.2553606237816764,0.5428571428571428,19,35
diabetes,1,1,0.7518796992481203,133,0.7368421052631579,0.1442469882670755,segment_crossing,0.2,27,0.5185185185185185,0.2183235867446393,0.5428571428571428,19,35
diabetes,1,1,0.7518796992481203,133,0.7368421052631579,0.1442469882670755,confidence,0.25,34,0.5,0.2368421052631578,0.6585365853658537,27,41
diabetes,1,1,0.7518796992481203,133,0.7368421052631579,0.1442469882670755,segment_crossing,0.25,34,0.5294117647058824,0.2074303405572755,0.6585365853658537,27,41
diabetes,1,1,0.7518796992481203,133,0.7368421052631579,0.1442469882670755,confidence,0.4,54,0.5740740740740741,0.1627680311890837,0.6875,44,64
diabetes,1,1,0.7518796992481203,133,0.7368421052631579,0.1442469882670755,segment_crossing,0.4,54,0.5555555555555556,0.1812865497076022,0.6875,44,64
diabetes,1,2,0.7518796992481203,133,0.7368421052631579,0.1287325513969577,confidence,0.1,14,0.4285714285714285,0.3082706766917293,0.2727272727272727,6,22
diabetes,1,2,0.7518796992481203,133,0.7368421052631579,0.1287325513969577,segment_crossing,0.1,14,0.5,0.2368421052631578,0.2727272727272727,6,22
diabetes,1,2,0.7518796992481203,133,0.7368421052631579,0.1287325513969577,confidence,0.2,27,0.4814814814814814,0.2553606237816764,0.5428571428571428,19,35
diabetes,1,2,0.7518796992481203,133,0.7368421052631579,0.1287325513969577,segment_crossing,0.2,27,0.5555555555555556,0.1812865497076022,0.5428571428571428,19,35
diabetes,1,2,0.7518796992481203,133,0.7368421052631579,0.1287325513969577,confidence,0.25,34,0.5,0.2368421052631578,0.6585365853658537,27,41
diabetes,1,2,0.7518796992481203,133,0.7368421052631579,0.1287325513969577,segment_crossing,0.25,34,0.5294117647058824,0.2074303405572755,0.6585365853658537,27,41
diabetes,1,2,0.7518796992481203,133,0.7368421052631579,0.1287325513969577,confidence,0.4,54,0.5370370370370371,0.1998050682261207,0.6875,44,64
diabetes,1,2,0.7518796992481203,133,0.7368421052631579,0.1287325513969577,segment_crossing,0.4,54,0.5370370370370371,0.1998050682261207,0.6875,44,64
diabetes,1,3,0.7518796992481203,133,0.7218045112781954,0.1660389978115732,confidence,0.1,14,0.5,0.2218045112781954,0.2727272727272727,6,22
diabetes,1,3,0.7518796992481203,133,0.7218045112781954,0.1660389978115732,segment_crossing,0.1,14,0.3571428571428571,0.3646616541353383,0.2727272727272727,6,22
diabetes,1,3,0.7518796992481203,133,0.7218045112781954,0.1660389978115732,confidence,0.2,27,0.4074074074074074,0.314397103870788,0.5428571428571428,19,35
diabetes,1,3,0.7518796992481203,133,0.7218045112781954,0.1660389978115732,segment_crossing,0.2,27,0.5185185185185185,0.2032859927596769,0.5428571428571428,19,35
diabetes,1,3,0.7518796992481203,133,0.7218045112781954,0.1660389978115732,confidence,0.25,34,0.4705882352941176,0.2512162759840778,0.6585365853658537,27,41
diabetes,1,3,0.7518796992481203,133,0.7218045112781954,0.1660389978115732,segment_crossing,0.25,34,0.5294117647058824,0.1923927465723131,0.6585365853658537,27,41
diabetes,1,3,0.7518796992481203,133,0.7218045112781954,0.1660389978115732,confidence,0.4,54,0.5555555555555556,0.1662489557226398,0.6875,44,64
diabetes,1,3,0.7518796992481203,133,0.7218045112781954,0.1660389978115732,segment_crossing,0.4,54,0.5740740740740741,0.1477304372041213,0.6875,44,64
diabetes,1,5,0.7518796992481203,133,0.706766917293233,0.1959562727020206,confidence,0.1,14,0.5,0.206766917293233,0.2727272727272727,6,22
diabetes,1,5,0.7518796992481203,133,0.706766917293233,0.1959562727020206,segment_crossing,0.1,14,0.4285714285714285,0.2781954887218045,0.2727272727272727,6,22
diabetes,1,5,0.7518796992481203,133,0.706766917293233,0.1959562727020206,confidence,0.2,27,0.4814814814814814,0.2252854358117516,0.5428571428571428,19,35
diabetes,1,5,0.7518796992481203,133,0.706766917293233,0.1959562727020206,segment_crossing,0.2,27,0.4814814814814814,0.2252854358117516,0.5428571428571428,19,35
diabetes,1,5,0.7518796992481203,133,0.706766917293233,0.1959562727020206,confidence,0.25,34,0.4705882352941176,0.2361786819991154,0.6585365853658537,27,41
diabetes,1,5,0.7518796992481203,133,0.706766917293233,0.1959562727020206,segment_crossing,0.25,34,0.4705882352941176,0.2361786819991154,0.6585365853658537,27,41
diabetes,1,5,0.7518796992481203,133,0.706766917293233,0.1959562727020206,confidence,0.4,54,0.5185185185185185,0.1882483987747145,0.6875,44,64
diabetes,1,5,0.7518796992481203,133,0.706766917293233,0.1959562727020206,segment_crossing,0.4,54,0.5185185185185185,0.1882483987747145,0.6875,44,64
diabetes,1,7,0.7518796992481203,133,0.7593984962406015,0.1740144570329371,confidence,0.1,14,0.5,0.2593984962406015,0.2727272727272727,6,22
diabetes,1,7,0.7518796992481203,133,0.7593984962406015,0.1740144570329371,segment_crossing,0.1,14,0.5,0.2593984962406015,0.2727272727272727,6,22
diabetes,1,7,0.7518796992481203,133,0.7593984962406015,0.1740144570329371,confidence,0.2,27,0.4444444444444444,0.3149540517961571,0.5428571428571428,19,35
diabetes,1,7,0.7518796992481203,133,0.7593984962406015,0.1740144570329371,segment_crossing,0.2,27,0.5185185185185185,0.240879977722083,0.5428571428571428,19,35
diabetes,1,7,0.7518796992481203,133,0.7593984962406015,0.1740144570329371,confidence,0.25,34,0.5,0.2593984962406015,0.6585365853658537,27,41
diabetes,1,7,0.7518796992481203,133,0.7593984962406015,0.1740144570329371,segment_crossing,0.25,34,0.5,0.2593984962406015,0.6585365853658537,27,41
diabetes,1,7,0.7518796992481203,133,0.7593984962406015,0.1740144570329371,confidence,0.4,54,0.5925925925925926,0.1668059036480089,0.6875,44,64
diabetes,1,7,0.7518796992481203,133,0.7593984962406015,0.1740144570329371,segment_crossing,0.4,54,0.6296296296296297,0.1297688666109718,0.6875,44,64
diabetes,1,10,0.7518796992481203,133,0.7368421052631579,0.1678000326501079,confidence,0.1,14,0.5,0.2368421052631578,0.2727272727272727,6,22
diabetes,1,10,0.7518796992481203,133,0.7368421052631579,0.1678000326501079,segment_crossing,0.1,14,0.5,0.2368421052631578,0.2727272727272727,6,22
diabetes,1,10,0.7518796992481203,133,0.7368421052631579,0.1678000326501079,confidence,0.2,27,0.4444444444444444,0.2923976608187134,0.5428571428571428,19,35
diabetes,1,10,0.7518796992481203,133,0.7368421052631579,0.1678000326501079,segment_crossing,0.2,27,0.4814814814814814,0.2553606237816764,0.5428571428571428,19,35
diabetes,1,10,0.7518796992481203,133,0.7368421052631579,0.1678000326501079,confidence,0.25,34,0.5,0.2368421052631578,0.6585365853658537,27,41
diabetes,1,10,0.7518796992481203,133,0.7368421052631579,0.1678000326501079,segment_crossing,0.25,34,0.4705882352941176,0.2662538699690402,0.6585365853658537,27,41
diabetes,1,10,0.7518796992481203,133,0.7368421052631579,0.1678000326501079,confidence,0.4,54,0.5555555555555556,0.1812865497076022,0.6875,44,64
diabetes,1,10,0.7518796992481203,133,0.7368421052631579,0.1678000326501079,segment_crossing,0.4,54,0.5925925925925926,0.1442495126705653,0.6875,44,64
diabetes,2,1,0.6842105263157895,133,0.7142857142857143,0.1445600985621511,confidence,0.1,14,0.5,0.2142857142857143,0.4,8,20
diabetes,2,1,0.6842105263157895,133,0.7142857142857143,0.1445600985621511,segment_crossing,0.1,14,0.5714285714285714,0.1428571428571429,0.4,8,20
diabetes,2,1,0.6842105263157895,133,0.7142857142857143,0.1445600985621511,confidence,0.2,27,0.5185185185185185,0.1957671957671958,0.4594594594594595,17,37
diabetes,2,1,0.6842105263157895,133,0.7142857142857143,0.1445600985621511,segment_crossing,0.2,27,0.5185185185185185,0.1957671957671958,0.4594594594594595,17,37
diabetes,2,1,0.6842105263157895,133,0.7142857142857143,0.1445600985621511,confidence,0.25,34,0.5882352941176471,0.1260504201680672,0.5454545454545454,24,44
diabetes,2,1,0.6842105263157895,133,0.7142857142857143,0.1445600985621511,segment_crossing,0.25,34,0.5294117647058824,0.1848739495798319,0.5454545454545454,24,44
diabetes,2,1,0.6842105263157895,133,0.7142857142857143,0.1445600985621511,confidence,0.4,54,0.5555555555555556,0.1587301587301587,0.5652173913043478,39,69
diabetes,2,1,0.6842105263157895,133,0.7142857142857143,0.1445600985621511,segment_crossing,0.4,54,0.6481481481481481,0.0661375661375661,0.5652173913043478,39,69
diabetes,2,2,0.6842105263157895,133,0.7293233082706767,0.151618724980088,confidence,0.1,14,0.5,0.2293233082706767,0.4,8,20
diabetes,2,2,0.6842105263157895,133,0.7293233082706767,0.151618724980088,segment_crossing,0.1,14,0.5714285714285714,0.1578947368421053,0.4,8,20
diabetes,2,2,0.6842105263157895,133,0.7293233082706767,0.151618724980088,confidence,0.2,27,0.5555555555555556,0.1737677527151211,0.4594594594594595,17,37
diabetes,2,2,0.6842105263157895,133,0.7293233082706767,0.151618724980088,segment_crossing,0.2,27,0.5555555555555556,0.1737677527151211,0.4594594594594595,17,37
diabetes,2,2,0.6842105263157895,133,0.7293233082706767,0.151618724980088,confidence,0.25,34,0.5882352941176471,0.1410880141530296,0.5454545454545454,24,44
diabetes,2,2,0.6842105263157895,133,0.7293233082706767,0.151618724980088,segment_crossing,0.25,34,0.5882352941176471,0.1410880141530296,0.5454545454545454,24,44
diabetes,2,2,0.6842105263157895,133,0.7293233082706767,0.151618724980088,confidence,0.4,54,0.5925925925925926,0.1367307156780841,0.5652173913043478,39,69
diabetes,2,2,0.6842105263157895,133,0.7293233082706767,0.151618724980088,segment_crossing,0.4,54,0.6666666666666666,0.06265664160401,0.5652173913043478,39,69
diabetes,2,3,0.6842105263157895,133,0.7293233082706767,0.1853450150065041,confidence,0.1,14,0.5714285714285714,0.1578947368421053,0.4,8,20
diabetes,2,3,0.6842105263157895,133,0.7293233082706767,0.1853450150065041,segment_crossing,0.1,14,0.5,0.2293233082706767,0.4,8,20
diabetes,2,3,0.6842105263157895,133,0.7293233082706767,0.1853450150065041,confidence,0.2,27,0.5925925925925926,0.1367307156780841,0.4594594594594595,17,37
diabetes,2,3,0.6842105263157895,133,0.7293233082706767,0.1853450150065041,segment_crossing,0.2,27,0.5185185185185185,0.2108047897521582,0.4594594594594595,17,37
diabetes,2,3,0.6842105263157895,133,0.7293233082706767,0.1853450150065041,confidence,0.25,34,0.6470588235294118,0.0822644847412649,0.5454545454545454,24,44
diabetes,2,3,0.6842105263157895,133,0.7293233082706767,0.1853450150065041,segment_crossing,0.25,34,0.5882352941176471,0.1410880141530296,0.5454545454545454,24,44
diabetes,2,3,0.6842105263157895,133,0.7293233082706767,0.1853450150065041,confidence,0.4,54,0.5925925925925926,0.1367307156780841,0.5652173913043478,39,69
diabetes,2,3,0.6842105263157895,133,0.7293233082706767,0.1853450150065041,segment_crossing,0.4,54,0.6666666666666666,0.06265664160401,0.5652173913043478,39,69
diabetes,2,5,0.6842105263157895,133,0.7218045112781954,0.1758461731448315,confidence,0.1,14,0.5714285714285714,0.150375939849624,0.4,8,20
diabetes,2,5,0.6842105263157895,133,0.7218045112781954,0.1758461731448315,segment_crossing,0.1,14,0.5,0.2218045112781954,0.4,8,20
diabetes,2,5,0.6842105263157895,133,0.7218045112781954,0.1758461731448315,confidence,0.2,27,0.5925925925925926,0.1292119186856029,0.4594594594594595,17,37
diabetes,2,5,0.6842105263157895,133,0.7218045112781954,0.1758461731448315,segment_crossing,0.2,27,0.5185185185185185,0.2032859927596769,0.4594594594594595,17,37
diabetes,2,5,0.6842105263157895,133,0.7218045112781954,0.1758461731448315,confidence,0.25,34,0.6176470588235294,0.104157452454666,0.5454545454545454,24,44
diabetes,2,5,0.6842105263157895,133,0.7218045112781954,0.1758461731448315,segment_crossing,0.25,34,0.5882352941176471,0.1335692171605483,0.5454545454545454,24,44
diabetes,2,5,0.6842105263157895,133,0.7218045112781954,0.1758461731448315,confidence,0.4,54,0.5740740740740741,0.1477304372041213,0.5652173913043478,39,69
diabetes,2,5,0.6842105263157895,133,0.7218045112781954,0.1758461731448315,segment_crossing,0.4,54,0.6666666666666666,0.0551378446115288,0.5652173913043478,39,69
diabetes,2,7,0.6842105263157895,133,0.7443609022556391,0.1544372908769907,confidence,0.1,14,0.5714285714285714,0.1729323308270677,0.4,8,20
diabetes,2,7,0.6842105263157895,133,0.7443609022556391,0.1544372908769907,segment_crossing,0.1,14,0.5,0.2443609022556391,0.4,8,20
diabetes,2,7,0.6842105263157895,133,0.7443609022556391,0.1544372908769907,confidence,0.2,27,0.5925925925925926,0.1517683096630465,0.4594594594594595,17,37
diabetes,2,7,0.6842105263157895,133,0.7443609022556391,0.1544372908769907,segment_crossing,0.2,27,0.4814814814814814,0.2628794207741576,0.4594594594594595,17,37
diabetes,2,7,0.6842105263157895,133,0.7443609022556391,0.1544372908769907,confidence,0.25,34,0.5882352941176471,0.156125608137992,0.5454545454545454,24,44
diabetes,2,7,0.6842105263157895,133,0.7443609022556391,0.1544372908769907,segment_crossing,0.25,34,0.5588235294117647,0.1855373728438744,0.5454545454545454,24,44
diabetes,2,7,0.6842105263157895,133,0.7443609022556391,0.1544372908769907,confidence,0.4,54,0.6111111111111112,0.1332497911445279,0.5652173913043478,39,69
diabetes,2,7,0.6842105263157895,133,0.7443609022556391,0.1544372908769907,segment_crossing,0.4,54,0.6666666666666666,0.0776942355889724,0.5652173913043478,39,69
diabetes,2,10,0.6842105263157895,133,0.7593984962406015,0.1774835442314816,confidence,0.1,14,0.5714285714285714,0.1879699248120301,0.4,8,20
diabetes,2,10,0.6842105263157895,133,0.7593984962406015,0.1774835442314816,segment_crossing,0.1,14,0.5,0.2593984962406015,0.4,8,20
diabetes,2,10,0.6842105263157895,133,0.7593984962406015,0.1774835442314816,confidence,0.2,27,0.5925925925925926,0.1668059036480089,0.4594594594594595,17,37
diabetes,2,10,0.6842105263157895,133,0.7593984962406015,0.1774835442314816,segment_crossing,0.2,27,0.5925925925925926,0.1668059036480089,0.4594594594594595,17,37
diabetes,2,10,0.6842105263157895,133,0.7593984962406015,0.1774835442314816,confidence,0.25,34,0.5882352941176471,0.1711632021229544,0.5454545454545454,24,44
diabetes,2,10,0.6842105263157895,133,0.7593984962406015,0.1774835442314816,segment_crossing,0.25,34,0.6470588235294118,0.1123396727111897,0.5454545454545454,24,44
diabetes,2,10,0.6842105263157895,133,0.7593984962406015,0.1774835442314816,confidence,0.4,54,0.6851851851851852,0.0742133110554162,0.5652173913043478,39,69
diabetes,2,10,0.6842105263157895,133,0.7593984962406015,0.1774835442314816,segment_crossing,0.4,54,0.7222222222222222,0.0371762740183793,0.5652173913043478,39,69
diabetes,3,1,0.6691729323308271,133,0.6842105263157895,0.1341480740622188,confidence,0.1,14,0.3571428571428571,0.3270676691729323,0.4736842105263157,9,19
diabetes,3,1,0.6691729323308271,133,0.6842105263157895,0.1341480740622188,segment_crossing,0.1,14,0.5,0.1842105263157895,0.4736842105263157,9,19
diabetes,3,1,0.6691729323308271,133,0.6842105263157895,0.1341480740622188,confidence,0.2,27,0.3703703703703703,0.3138401559454191,0.4210526315789473,16,38
diabetes,3,1,0.6691729323308271,133,0.6842105263157895,0.1341480740622188,segment_crossing,0.2,27,0.4074074074074074,0.2768031189083821,0.4210526315789473,16,38
diabetes,3,1,0.6691729323308271,133,0.6842105263157895,0.1341480740622188,confidence,0.25,34,0.4117647058823529,0.2724458204334365,0.5454545454545454,24,44
diabetes,3,1,0.6691729323308271,133,0.6842105263157895,0.1341480740622188,segment_crossing,0.25,34,0.4117647058823529,0.2724458204334365,0.5454545454545454,24,44
diabetes,3,1,0.6691729323308271,133,0.6842105263157895,0.1341480740622188,confidence,0.4,54,0.4074074074074074,0.2768031189083821,0.5428571428571428,38,70
diabetes,3,1,0.6691729323308271,133,0.6842105263157895,0.1341480740622188,segment_crossing,0.4,54,0.4814814814814814,0.202729044834308,0.5428571428571428,38,70
diabetes,3,2,0.6691729323308271,133,0.6917293233082706,0.145080616657819,confidence,0.1,14,0.3571428571428571,0.3345864661654135,0.4736842105263157,9,19
diabetes,3,2,0.6691729323308271,133,0.6917293233082706,0.145080616657819,segment_crossing,0.1,14,0.4285714285714285,0.2631578947368421,0.4736842105263157,9,19
diabetes,3,2,0.6691729323308271,133,0.6917293233082706,0.145080616657819,confidence,0.2,27,0.4444444444444444,0.2472848788638262,0.4210526315789473,16,38
diabetes,3,2,0.6691729323308271,133,0.6917293233082706,0.145080616657819,segment_crossing,0.2,27,0.4814814814814814,0.2102478418267891,0.4210526315789473,16,38
diabetes,3,2,0.6691729323308271,133,0.6917293233082706,0.145080616657819,confidence,0.25,34,0.4117647058823529,0.2799646174259177,0.5454545454545454,24,44
diabetes,3,2,0.6691729323308271,133,0.6917293233082706,0.145080616657819,segment_crossing,0.25,34,0.4705882352941176,0.221141088014153,0.5454545454545454,24,44
diabetes,3,2,0.6691729323308271,133,0.6917293233082706,0.145080616657819,confidence,0.4,54,0.4259259259259259,0.2658033973823447,0.5428571428571428,38,70
diabetes,3,2,0.6691729323308271,133,0.6917293233082706,0.145080616657819,segment_crossing,0.4,54,0.6111111111111112,0.0806182121971594,0.5428571428571428,38,70
diabetes,3,3,0.6691729323308271,133,0.6842105263157895,0.1482874202805028,confidence,0.1,14,0.2857142857142857,0.3984962406015038,0.4736842105263157,9,19
diabetes,3,3,0.6691729323308271,133,0.6842105263157895,0.1482874202805028,segment_crossing,0.1,14,0.4285714285714285,0.2556390977443609,0.4736842105263157,9,19
diabetes,3,3,0.6691729323308271,133,0.6842105263157895,0.1482874202805028,confidence,0.2,27,0.4074074074074074,0.2768031189083821,0.4210526315789473,16,38
diabetes,3,3,0.6691729323308271,133,0.6842105263157895,0.1482874202805028,segment_crossing,0.2,27,0.4444444444444444,0.239766081871345,0.4210526315789473,16,38
diabetes,3,3,0.6691729323308271,133,0.6842105263157895,0.1482874202805028,confidence,0.25,34,0.4117647058823529,0.2724458204334365,0.5454545454545454,24,44
diabetes,3,3,0.6691729323308271,133,0.6842105263157895,0.1482874202805028,segment_crossing,0.25,34,0.4705882352941176,0.2136222910216718,0.5454545454545454,24,44
diabetes,3,3,0.6691729323308271,133,0.6842105263157895,0.1482874202805028,confidence,0.4,54,0.4259259259259259,0.2582846003898635,0.5428571428571428,38,70
diabetes,3,3,0.6691729323308271,133,0.6842105263157895,0.1482874202805028,segment_crossing,0.4,54,0.6111111111111112,0.0730994152046783,0.5428571428571428,38,70
diabetes,3,5,0.6691729323308271,133,0.706766917293233,0.1721567256159346,confidence,0.1,14,0.4285714285714285,0.2781954887218045,0.4736842105263157,9,19
diabetes,3,5,0.6691729323308271,133,0.706766917293233,0.1721567256159346,segment_crossing,0.1,14,0.5714285714285714,0.1353383458646616,0.4736842105263157,9,19
diabetes,3,5,0.6691729323308271,133,0.706766917293233,0.1721567256159346,confidence,0.2,27,0.4814814814814814,0.2252854358117516,0.4210526315789473,16,38
diabetes,3,5,0.6691729323308271,133,0.706766917293233,0.1721567256159346,segment_crossing,0.2,27,0.5925925925925926,0.1141743247006404,0.4210526315789473,16,38
diabetes,3,5,0.6691729323308271,133,0.706766917293233,0.1721567256159346,confidence,0.25,34,0.4411764705882353,0.2655904467049977,0.5454545454545454,24,44
diabetes,3,5,0.6691729323308271,133,0.706766917293233,0.1721567256159346,segment_crossing,0.25,34,0.5588235294117647,0.1479433878814683,0.5454545454545454,24,44
diabetes,3,5,0.6691729323308271,133,0.706766917293233,0.1721567256159346,confidence,0.4,54,0.5185185185185185,0.1882483987747145,0.5428571428571428,38,70
diabetes,3,5,0.6691729323308271,133,0.706766917293233,0.1721567256159346,segment_crossing,0.4,54,0.6481481481481481,0.0586187691450849,0.5428571428571428,38,70
diabetes,3,7,0.6691729323308271,133,0.706766917293233,0.1674535177467925,confidence,0.1,14,0.3571428571428571,0.3496240601503759,0.4736842105263157,9,19
diabetes,3,7,0.6691729323308271,133,0.706766917293233,0.1674535177467925,segment_crossing,0.1,14,0.4285714285714285,0.2781954887218045,0.4736842105263157,9,19
diabetes,3,7,0.6691729323308271,133,0.706766917293233,0.1674535177467925,confidence,0.2,27,0.4814814814814814,0.2252854358117516,0.4210526315789473,16,38
diabetes,3,7,0.6691729323308271,133,0.706766917293233,0.1674535177467925,segment_crossing,0.2,27,0.5925925925925926,0.1141743247006404,0.4210526315789473,16,38
diabetes,3,7,0.6691729323308271,133,0.706766917293233,0.1674535177467925,confidence,0.25,34,0.4705882352941176,0.2361786819991154,0.5454545454545454,24,44
diabetes,3,7,0.6691729323308271,133,0.706766917293233,0.1674535177467925,segment_crossing,0.25,34,0.5882352941176471,0.1185316231755859,0.5454545454545454,24,44
diabetes,3,7,0.6691729323308271,133,0.706766917293233,0.1674535177467925,confidence,0.4,54,0.5185185185185185,0.1882483987747145,0.5428571428571428,38,70
diabetes,3,7,0.6691729323308271,133,0.706766917293233,0.1674535177467925,segment_crossing,0.4,54,0.6481481481481481,0.0586187691450849,0.5428571428571428,38,70
diabetes,3,10,0.6691729323308271,133,0.6992481203007519,0.1665109090593581,confidence,0.1,14,0.3571428571428571,0.3421052631578947,0.4736842105263157,9,19
diabetes,3,10,0.6691729323308271,133,0.6992481203007519,0.1665109090593581,segment_crossing,0.1,14,0.5,0.1992481203007519,0.4736842105263157,9,19
diabetes,3,10,0.6691729323308271,133,0.6992481203007519,0.1665109090593581,confidence,0.2,27,0.4444444444444444,0.2548036758563075,0.4210526315789473,16,38
diabetes,3,10,0.6691729323308271,133,0.6992481203007519,0.1665109090593581,segment_crossing,0.2,27,0.5925925925925926,0.1066555277081593,0.4210526315789473,16,38
diabetes,3,10,0.6691729323308271,133,0.6992481203007519,0.1665109090593581,confidence,0.25,34,0.4705882352941176,0.2286598850066342,0.5454545454545454,24,44
diabetes,3,10,0.6691729323308271,133,0.6992481203007519,0.1665109090593581,segment_crossing,0.25,34,0.5882352941176471,0.1110128261831048,0.5454545454545454,24,44
diabetes,3,10,0.6691729323308271,133,0.6992481203007519,0.1665109090593581,confidence,0.4,54,0.4814814814814814,0.2177666388192704,0.5428571428571428,38,70
diabetes,3,10,0.6691729323308271,133,0.6992481203007519,0.1665109090593581,segment_crossing,0.4,54,0.6481481481481481,0.0510999721526037,0.5428571428571428,38,70
diabetes,4,1,0.6992481203007519,133,0.7593984962406015,0.1069908597633156,confidence,0.1,14,0.4285714285714285,0.3308270676691729,0.3333333333333333,7,21
diabetes,4,1,0.6992481203007519,133,0.7593984962406015,0.1069908597633156,segment_crossing,0.1,14,0.4285714285714285,0.3308270676691729,0.3333333333333333,7,21
diabetes,4,1,0.6992481203007519,133,0.7593984962406015,0.1069908597633156,confidence,0.2,27,0.4814814814814814,0.27791701475912,0.4594594594594595,17,37
diabetes,4,1,0.6992481203007519,133,0.7593984962406015,0.1069908597633156,segment_crossing,0.2,27,0.5185185185185185,0.240879977722083,0.4594594594594595,17,37
diabetes,4,1,0.6992481203007519,133,0.7593984962406015,0.1069908597633156,confidence,0.25,34,0.5,0.2593984962406015,0.4468085106382978,21,47
diabetes,4,1,0.6992481203007519,133,0.7593984962406015,0.1069908597633156,segment_crossing,0.25,34,0.5588235294117647,0.2005749668288368,0.4468085106382978,21,47
diabetes,4,1,0.6992481203007519,133,0.7593984962406015,0.1069908597633156,confidence,0.4,54,0.6111111111111112,0.1482873851294903,0.5652173913043478,39,69
diabetes,4,1,0.6992481203007519,133,0.7593984962406015,0.1069908597633156,segment_crossing,0.4,54,0.6666666666666666,0.0927318295739348,0.5652173913043478,39,69
diabetes,4,2,0.6992481203007519,133,0.7593984962406015,0.0902643552481737,confidence,0.1,14,0.3571428571428571,0.4022556390977443,0.3333333333333333,7,21
diabetes,4,2,0.6992481203007519,133,0.7593984962406015,0.0902643552481737,segment_crossing,0.1,14,0.2857142857142857,0.4736842105263158,0.3333333333333333,7,21
diabetes,4,2,0.6992481203007519,133,0.7593984962406015,0.0902643552481737,confidence,0.2,27,0.4444444444444444,0.3149540517961571,0.4594594594594595,17,37
diabetes,4,2,0.6992481203007519,133,0.7593984962406015,0.0902643552481737,segment_crossing,0.2,27,0.4074074074074074,0.3519910888331941,0.4594594594594595,17,37
diabetes,4,2,0.6992481203007519,133,0.7593984962406015,0.0902643552481737,confidence,0.25,34,0.4705882352941176,0.2888102609464839,0.4468085106382978,21,47
diabetes,4,2,0.6992481203007519,133,0.7593984962406015,0.0902643552481737,segment_crossing,0.25,34,0.4705882352941176,0.2888102609464839,0.4468085106382978,21,47
diabetes,4,2,0.6992481203007519,133,0.7593984962406015,0.0902643552481737,confidence,0.4,54,0.5740740740740741,0.1853244221665274,0.5652173913043478,39,69
diabetes,4,2,0.6992481203007519,133,0.7593984962406015,0.0902643552481737,segment_crossing,0.4,54,0.5740740740740741,0.1853244221665274,0.5652173913043478,39,69
diabetes,4,3,0.6992481203007519,133,0.7593984962406015,0.1075118793737779,confidence,0.1,14,0.3571428571428571,0.4022556390977443,0.3333333333333333,7,21
diabetes,4,3,0.6992481203007519,133,0.7593984962406015,0.1075118793737779,segment_crossing,0.1,14,0.3571428571428571,0.4022556390977443,0.3333333333333333,7,21
diabetes,4,3,0.6992481203007519,133,0.7593984962406015,0.1075118793737779,confidence,0.2,27,0.5185185185185185,0.240879977722083,0.4594594594594595,17,37
diabetes,4,3,0.6992481203007519,133,0.7593984962406015,0.1075118793737779,segment_crossing,0.2,27,0.5185185185185185,0.240879977722083,0.4594594594594595,17,37
diabetes,4,3,0.6992481203007519,133,0.7593984962406015,0.1075118793737779,confidence,0.25,34,0.5,0.2593984962406015,0.4468085106382978,21,47
diabetes,4,3,0.6992481203007519,133,0.7593984962406015,0.1075118793737779,segment_crossing,0.25,34,0.5588235294117647,0.2005749668288368,0.4468085106382978,21,47
diabetes,4,3,0.6992481203007519,133,0.7593984962406015,0.1075118793737779,confidence,0.4,54,0.5740740740740741,0.1853244221665274,0.5652173913043478,39,69
diabetes,4,3,0.6992481203007519,133,0.7593984962406015,0.1075118793737779,segment_crossing,0.4,54,0.5740740740740741,0.1853244221665274,0.5652173913043478,39,69
diabetes,4,5,0.6992481203007519,133,0.7518796992481203,0.1042790814786205,confidence,0.1,14,0.4285714285714285,0.3233082706766917,0.3333333333333333,7,21
diabetes,4,5,0.6992481203007519,133,0.7518796992481203,0.1042790814786205,segment_crossing,0.1,14,0.2857142857142857,0.4661654135338345,0.3333333333333333,7,21
diabetes,4,5,0.6992481203007519,133,0.7518796992481203,0.1042790814786205,confidence,0.2,27,0.5185185185185185,0.2333611807296017,0.4594594594594595,17,37
diabetes,4,5,0.6992481203007519,133,0.7518796992481203,0.1042790814786205,segment_crossing,0.2,27,0.4814814814814814,0.2703982177666388,0.4594594594594595,17,37
diabetes,4,5,0.6992481203007519,133,0.7518796992481203,0.1042790814786205,confidence,0.25,34,0.4705882352941176,0.2812914639540026,0.4468085106382978,21,47
diabetes,4,5,0.6992481203007519,133,0.7518796992481203,0.1042790814786205,segment_crossing,0.25,34,0.5294117647058824,0.2224679345422379,0.4468085106382978,21,47
diabetes,4,5,0.6992481203007519,133,0.7518796992481203,0.1042790814786205,confidence,0.4,54,0.5370370370370371,0.2148426622110831,0.5652173913043478,39,69
diabetes,4,5,0.6992481203007519,133,0.7518796992481203,0.1042790814786205,segment_crossing,0.4,54,0.5925925925925926,0.1592871066555277,0.5652173913043478,39,69
diabetes,4,7,0.6992481203007519,133,0.7443609022556391,0.1378183789647054,confidence,0.1,14,0.4285714285714285,0.3157894736842105,0.3333333333333333,7,21
diabetes,4,7,0.6992481203007519,133,0.7443609022556391,0.1378183789647054,segment_crossing,0.1,14,0.2857142857142857,0.4586466165413534,0.3333333333333333,7,21
diabetes,4,7,0.6992481203007519,133,0.7443609022556391,0.1378183789647054,confidence,0.2,27,0.5555555555555556,0.1888053467000835,0.4594594594594595,17,37
diabetes,4,7,0.6992481203007519,133,0.7443609022556391,0.1378183789647054,segment_crossing,0.2,27,0.5185185185185185,0.2258423837371206,0.4594594594594595,17,37
diabetes,4,7,0.6992481203007519,133,0.7443609022556391,0.1378183789647054,confidence,0.25,34,0.5294117647058824,0.2149491375497567,0.4468085106382978,21,47
diabetes,4,7,0.6992481203007519,133,0.7443609022556391,0.1378183789647054,segment_crossing,0.25,34,0.5882352941176471,0.156125608137992,0.4468085106382978,21,47
diabetes,4,7,0.6992481203007519,133,0.7443609022556391,0.1378183789647054,confidence,0.4,54,0.5925925925925926,0.1517683096630465,0.5652173913043478,39,69
diabetes,4,7,0.6992481203007519,133,0.7443609022556391,0.1378183789647054,segment_crossing,0.4,54,0.5925925925925926,0.1517683096630465,0.5652173913043478,39,69
diabetes,4,10,0.6992481203007519,133,0.7218045112781954,0.1636569584156723,confidence,0.1,14,0.5,0.2218045112781954,0.3333333333333333,7,21
diabetes,4,10,0.6992481203007519,133,0.7218045112781954,0.1636569584156723,segment_crossing,0.1,14,0.2142857142857142,0.5075187969924811,0.3333333333333333,7,21
diabetes,4,10,0.6992481203007519,133,0.7218045112781954,0.1636569584156723,confidence,0.2,27,0.5555555555555556,0.1662489557226398,0.4594594594594595,17,37
diabetes,4,10,0.6992481203007519,133,0.7218045112781954,0.1636569584156723,segment_crossing,0.2,27,0.4814814814814814,0.240323029796714,0.4594594594594595,17,37
diabetes,4,10,0.6992481203007519,133,0.7218045112781954,0.1636569584156723,confidence,0.25,34,0.5,0.2218045112781954,0.4468085106382978,21,47
diabetes,4,10,0.6992481203007519,133,0.7218045112781954,0.1636569584156723,segment_crossing,0.25,34,0.5882352941176471,0.1335692171605483,0.4468085106382978,21,47
diabetes,4,10,0.6992481203007519,133,0.7218045112781954,0.1636569584156723,confidence,0.4,54,0.5925925925925926,0.1292119186856029,0.5652173913043478,39,69
diabetes,4,10,0.6992481203007519,133,0.7218045112781954,0.1636569584156723,segment_crossing,0.4,54,0.6481481481481481,0.0736563631300473,0.5652173913043478,39,69
diabetes,5,1,0.6766917293233082,133,0.7218045112781954,0.1225032815725735,confidence,0.1,14,0.5,0.2218045112781954,0.3333333333333333,7,21
diabetes,5,1,0.6766917293233082,133,0.7218045112781954,0.1225032815725735,segment_crossing,0.1,14,0.5714285714285714,0.150375939849624,0.3333333333333333,7,21
diabetes,5,1,0.6766917293233082,133,0.7218045112781954,0.1225032815725735,confidence,0.2,27,0.5185185185185185,0.2032859927596769,0.5,18,36
diabetes,5,1,0.6766917293233082,133,0.7218045112781954,0.1225032815725735,segment_crossing,0.2,27,0.3703703703703703,0.3514341409078251,0.5,18,36
diabetes,5,1,0.6766917293233082,133,0.7218045112781954,0.1225032815725735,confidence,0.25,34,0.5,0.2218045112781954,0.5111111111111111,23,45
diabetes,5,1,0.6766917293233082,133,0.7218045112781954,0.1225032815725735,segment_crossing,0.25,34,0.4411764705882353,0.2806280406899601,0.5111111111111111,23,45
diabetes,5,1,0.6766917293233082,133,0.7218045112781954,0.1225032815725735,confidence,0.4,54,0.5370370370370371,0.1847674742411583,0.6119402985074627,41,67
diabetes,5,1,0.6766917293233082,133,0.7218045112781954,0.1225032815725735,segment_crossing,0.4,54,0.5185185185185185,0.2032859927596769,0.6119402985074627,41,67
diabetes,5,2,0.6766917293233082,133,0.7142857142857143,0.158382689053825,confidence,0.1,14,0.5,0.2142857142857143,0.3333333333333333,7,21
diabetes,5,2,0.6766917293233082,133,0.7142857142857143,0.158382689053825,segment_crossing,0.1,14,0.6428571428571429,0.0714285714285714,0.3333333333333333,7,21
diabetes,5,2,0.6766917293233082,133,0.7142857142857143,0.158382689053825,confidence,0.2,27,0.5185185185185185,0.1957671957671958,0.5,18,36
diabetes,5,2,0.6766917293233082,133,0.7142857142857143,0.158382689053825,segment_crossing,0.2,27,0.6296296296296297,0.0846560846560846,0.5,18,36
diabetes,5,2,0.6766917293233082,133,0.7142857142857143,0.158382689053825,confidence,0.25,34,0.5588235294117647,0.1554621848739495,0.5111111111111111,23,45
diabetes,5,2,0.6766917293233082,133,0.7142857142857143,0.158382689053825,segment_crossing,0.25,34,0.6176470588235294,0.0966386554621848,0.5111111111111111,23,45
diabetes,5,2,0.6766917293233082,133,0.7142857142857143,0.158382689053825,confidence,0.4,54,0.5740740740740741,0.1402116402116402,0.6119402985074627,41,67
diabetes,5,2,0.6766917293233082,133,0.7142857142857143,0.158382689053825,segment_crossing,0.4,54,0.6111111111111112,0.1031746031746031,0.6119402985074627,41,67
diabetes,5,3,0.6766917293233082,133,0.7218045112781954,0.1581393229939447,confidence,0.1,14,0.5,0.2218045112781954,0.3333333333333333,7,21
diabetes,5,3,0.6766917293233082,133,0.7218045112781954,0.1581393229939447,segment_crossing,0.1,14,0.6428571428571429,0.0789473684210525,0.3333333333333333,7,21
diabetes,5,3,0.6766917293233082,133,0.7218045112781954,0.1581393229939447,confidence,0.2,27,0.5555555555555556,0.1662489557226398,0.5,18,36
diabetes,5,3,0.6766917293233082,133,0.7218045112781954,0.1581393229939447,segment_crossing,0.2,27,0.6296296296296297,0.0921748816485658,0.5,18,36
diabetes,5,3,0.6766917293233082,133,0.7218045112781954,0.1581393229939447,confidence,0.25,34,0.5882352941176471,0.1335692171605483,0.5111111111111111,23,45
diabetes,5,3,0.6766917293233082,133,0.7218045112781954,0.1581393229939447,segment_crossing,0.25,34,0.6470588235294118,0.0747456877487836,0.5111111111111111,23,45
diabetes,5,3,0.6766917293233082,133,0.7218045112781954,0.1581393229939447,confidence,0.4,54,0.5925925925925926,0.1292119186856029,0.6119402985074627,41,67
diabetes,5,3,0.6766917293233082,133,0.7218045112781954,0.1581393229939447,segment_crossing,0.4,54,0.6481481481481481,0.0736563631300473,0.6119402985074627,41,67
diabetes,5,5,0.6766917293233082,133,0.7593984962406015,0.1168946569464484,confidence,0.1,14,0.5714285714285714,0.1879699248120301,0.3333333333333333,7,21
diabetes,5,5,0.6766917293233082,133,0.7593984962406015,0.1168946569464484,segment_crossing,0.1,14,0.7142857142857143,0.0451127819548872,0.3333333333333333,7,21
diabetes,5,5,0.6766917293233082,133,0.7593984962406015,0.1168946569464484,confidence,0.2,27,0.6666666666666666,0.0927318295739348,0.5,18,36
diabetes,5,5,0.6766917293233082,133,0.7593984962406015,0.1168946569464484,segment_crossing,0.2,27,0.7407407407407407,0.0186577554998608,0.5,18,36
diabetes,5,5,0.6766917293233082,133,0.7593984962406015,0.1168946569464484,confidence,0.25,34,0.6470588235294118,0.1123396727111897,0.5111111111111111,23,45
diabetes,5,5,0.6766917293233082,133,0.7593984962406015,0.1168946569464484,segment_crossing,0.25,34,0.7647058823529411,-0.0053073861123396,0.5111111111111111,23,45
diabetes,5,5,0.6766917293233082,133,0.7593984962406015,0.1168946569464484,confidence,0.4,54,0.6296296296296297,0.1297688666109718,0.6119402985074627,41,67
diabetes,5,5,0.6766917293233082,133,0.7593984962406015,0.1168946569464484,segment_crossing,0.4,54,0.7037037037037037,0.0556947925368978,0.6119402985074627,41,67
diabetes,5,7,0.6766917293233082,133,0.7518796992481203,0.1014430658954624,confidence,0.1,14,0.5,0.2518796992481202,0.3333333333333333,7,21
diabetes,5,7,0.6766917293233082,133,0.7518796992481203,0.1014430658954624,segment_crossing,0.1,14,0.5714285714285714,0.1804511278195488,0.3333333333333333,7,21
diabetes,5,7,0.6766917293233082,133,0.7518796992481203,0.1014430658954624,confidence,0.2,27,0.4814814814814814,0.2703982177666388,0.5,18,36
diabetes,5,7,0.6766917293233082,133,0.7518796992481203,0.1014430658954624,segment_crossing,0.2,27,0.4814814814814814,0.2703982177666388,0.5,18,36
diabetes,5,7,0.6766917293233082,133,0.7518796992481203,0.1014430658954624,confidence,0.25,34,0.4705882352941176,0.2812914639540026,0.5111111111111111,23,45
diabetes,5,7,0.6766917293233082,133,0.7518796992481203,0.1014430658954624,segment_crossing,0.25,34,0.5882352941176471,0.1636444051304731,0.5111111111111111,23,45
diabetes,5,7,0.6766917293233082,133,0.7518796992481203,0.1014430658954624,confidence,0.4,54,0.5185185185185185,0.2333611807296017,0.6119402985074627,41,67
diabetes,5,7,0.6766917293233082,133,0.7518796992481203,0.1014430658954624,segment_crossing,0.4,54,0.5370370370370371,0.2148426622110831,0.6119402985074627,41,67
diabetes,5,10,0.6766917293233082,133,0.7293233082706767,0.116854973556518,confidence,0.1,14,0.3571428571428571,0.3721804511278195,0.3333333333333333,7,21
diabetes,5,10,0.6766917293233082,133,0.7293233082706767,0.116854973556518,segment_crossing,0.1,14,0.5714285714285714,0.1578947368421053,0.3333333333333333,7,21
diabetes,5,10,0.6766917293233082,133,0.7293233082706767,0.116854973556518,confidence,0.2,27,0.4814814814814814,0.2478418267891952,0.5,18,36
diabetes,5,10,0.6766917293233082,133,0.7293233082706767,0.116854973556518,segment_crossing,0.2,27,0.5925925925925926,0.1367307156780841,0.5,18,36
diabetes,5,10,0.6766917293233082,133,0.7293233082706767,0.116854973556518,confidence,0.25,34,0.4411764705882353,0.2881468376824414,0.5111111111111111,23,45
diabetes,5,10,0.6766917293233082,133,0.7293233082706767,0.116854973556518,segment_crossing,0.25,34,0.6764705882352942,0.0528527200353825,0.5111111111111111,23,45
diabetes,5,10,0.6766917293233082,133,0.7293233082706767,0.116854973556518,confidence,0.4,54,0.4814814814814814,0.2478418267891952,0.6119402985074627,41,67
diabetes,5,10,0.6766917293233082,133,0.7293233082706767,0.116854973556518,segment_crossing,0.4,54,0.5740740740740741,0.1552492341966026,0.6119402985074627,41,67
diabetes,6,1,0.7293233082706767,133,0.7894736842105263,0.1080278475908769,confidence,0.1,14,0.6428571428571429,0.1466165413533834,0.5555555555555556,10,18
diabetes,6,1,0.7293233082706767,133,0.7894736842105263,0.1080278475908769,segment_crossing,0.1,14,0.7142857142857143,0.075187969924812,0.5555555555555556,10,18
diabetes,6,1,0.7293233082706767,133,0.7894736842105263,0.1080278475908769,confidence,0.2,27,0.6666666666666666,0.1228070175438597,0.5428571428571428,19,35
diabetes,6,1,0.7293233082706767,133,0.7894736842105263,0.1080278475908769,segment_crossing,0.2,27,0.6296296296296297,0.1598440545808966,0.5428571428571428,19,35
diabetes,6,1,0.7293233082706767,133,0.7894736842105263,0.1080278475908769,confidence,0.25,34,0.6764705882352942,0.1130030959752321,0.5454545454545454,24,44
diabetes,6,1,0.7293233082706767,133,0.7894736842105263,0.1080278475908769,segment_crossing,0.25,34,0.6470588235294118,0.1424148606811145,0.5454545454545454,24,44
diabetes,6,1,0.7293233082706767,133,0.7894736842105263,0.1080278475908769,confidence,0.4,54,0.6296296296296297,0.1598440545808966,0.6119402985074627,41,67
diabetes,6,1,0.7293233082706767,133,0.7894736842105263,0.1080278475908769,segment_crossing,0.4,54,0.6296296296296297,0.1598440545808966,0.6119402985074627,41,67
diabetes,6,2,0.7293233082706767,133,0.7894736842105263,0.1080278475908769,confidence,0.1,14,0.6428571428571429,0.1466165413533834,0.5555555555555556,10,18
diabetes,6,2,0.7293233082706767,133,0.7894736842105263,0.1080278475908769,segment_crossing,0.1,14,0.7142857142857143,0.075187969924812,0.5555555555555556,10,18
diabetes,6,2,0.7293233082706767,133,0.7894736842105263,0.1080278475908769,confidence,0.2,27,0.6666666666666666,0.1228070175438597,0.5428571428571428,19,35
diabetes,6,2,0.7293233082706767,133,0.7894736842105263,0.1080278475908769,segment_crossing,0.2,27,0.6296296296296297,0.1598440545808966,0.5428571428571428,19,35
diabetes,6,2,0.7293233082706767,133,0.7894736842105263,0.1080278475908769,confidence,0.25,34,0.6764705882352942,0.1130030959752321,0.5454545454545454,24,44
diabetes,6,2,0.7293233082706767,133,0.7894736842105263,0.1080278475908769,segment_crossing,0.25,34,0.6470588235294118,0.1424148606811145,0.5454545454545454,24,44
diabetes,6,2,0.7293233082706767,133,0.7894736842105263,0.1080278475908769,confidence,0.4,54,0.6296296296296297,0.1598440545808966,0.6119402985074627,41,67
diabetes,6,2,0.7293233082706767,133,0.7894736842105263,0.1080278475908769,segment_crossing,0.4,54,0.6296296296296297,0.1598440545808966,0.6119402985074627,41,67
diabetes,6,3,0.7293233082706767,133,0.8120300751879699,0.0828698519242046,confidence,0.1,14,0.6428571428571429,0.1691729323308269,0.5555555555555556,10,18
diabetes,6,3,0.7293233082706767,133,0.8120300751879699,0.0828698519242046,segment_crossing,0.1,14,0.7142857142857143,0.0977443609022555,0.5555555555555556,10,18
diabetes,6,3,0.7293233082706767,133,0.8120300751879699,0.0828698519242046,confidence,0.2,27,0.6666666666666666,0.1453634085213032,0.5428571428571428,19,35
diabetes,6,3,0.7293233082706767,133,0.8120300751879699,0.0828698519242046,segment_crossing,0.2,27,0.6296296296296297,0.1824004455583402,0.5428571428571428,19,35
diabetes,6,3,0.7293233082706767,133,0.8120300751879699,0.0828698519242046,confidence,0.25,34,0.7058823529411765,0.1061477222467933,0.5454545454545454,24,44
diabetes,6,3,0.7293233082706767,133,0.8120300751879699,0.0828698519242046,segment_crossing,0.25,34,0.6764705882352942,0.1355594869526757,0.5454545454545454,24,44
diabetes,6,3,0.7293233082706767,133,0.8120300751879699,0.0828698519242046,confidence,0.4,54,0.6481481481481481,0.1638819270398217,0.6119402985074627,41,67
diabetes,6,3,0.7293233082706767,133,0.8120300751879699,0.0828698519242046,segment_crossing,0.4,54,0.6666666666666666,0.1453634085213032,0.6119402985074627,41,67
diabetes,6,5,0.7293233082706767,133,0.7744360902255639,0.1058296610459652,confidence,0.1,14,0.6428571428571429,0.131578947368421,0.5555555555555556,10,18
diabetes,6,5,0.7293233082706767,133,0.7744360902255639,0.1058296610459652,segment_crossing,0.1,14,0.5,0.2744360902255639,0.5555555555555556,10,18
diabetes,6,5,0.7293233082706767,133,0.7744360902255639,0.1058296610459652,confidence,0.2,27,0.5925925925925926,0.1818434976329713,0.5428571428571428,19,35
diabetes,6,5,0.7293233082706767,133,0.7744360902255639,0.1058296610459652,segment_crossing,0.2,27,0.5185185185185185,0.2559175717070454,0.5428571428571428,19,35
diabetes,6,5,0.7293233082706767,133,0.7744360902255639,0.1058296610459652,confidence,0.25,34,0.6176470588235294,0.1567890314020344,0.5454545454545454,24,44
diabetes,6,5,0.7293233082706767,133,0.7744360902255639,0.1058296610459652,segment_crossing,0.25,34,0.5588235294117647,0.2156125608137992,0.5454545454545454,24,44
diabetes,6,5,0.7293233082706767,133,0.7744360902255639,0.1058296610459652,confidence,0.4,54,0.5740740740740741,0.2003620161514898,0.6119402985074627,41,67
diabetes,6,5,0.7293233082706767,133,0.7744360902255639,0.1058296610459652,segment_crossing,0.4,54,0.6296296296296297,0.1448064605959342,0.6119402985074627,41,67
diabetes,6,7,0.7293233082706767,133,0.7669172932330827,0.1407143324049515,confidence,0.1,14,0.7857142857142857,-0.018796992481203,0.5555555555555556,10,18
diabetes,6,7,0.7293233082706767,133,0.7669172932330827,0.1407143324049515,segment_crossing,0.1,14,0.6428571428571429,0.1240601503759397,0.5555555555555556,10,18
diabetes,6,7,0.7293233082706767,133,0.7669172932330827,0.1407143324049515,confidence,0.2,27,0.5925925925925926,0.1743247006404901,0.5428571428571428,19,35
diabetes,6,7,0.7293233082706767,133,0.7669172932330827,0.1407143324049515,segment_crossing,0.2,27,0.5555555555555556,0.211361737677527,0.5428571428571428,19,35
diabetes,6,7,0.7293233082706767,133,0.7669172932330827,0.1407143324049515,confidence,0.25,34,0.6176470588235294,0.1492702344095532,0.5454545454545454,24,44
diabetes,6,7,0.7293233082706767,133,0.7669172932330827,0.1407143324049515,segment_crossing,0.25,34,0.5882352941176471,0.1786819991154355,0.5454545454545454,24,44
diabetes,6,7,0.7293233082706767,133,0.7669172932330827,0.1407143324049515,confidence,0.4,54,0.5925925925925926,0.1743247006404901,0.6119402985074627,41,67
diabetes,6,7,0.7293233082706767,133,0.7669172932330827,0.1407143324049515,segment_crossing,0.4,54,0.6296296296296297,0.137287663603453,0.6119402985074627,41,67
diabetes,6,10,0.7293233082706767,133,0.7819548872180451,0.1327595850307958,confidence,0.1,14,0.7857142857142857,-0.0037593984962406,0.5555555555555556,10,18
diabetes,6,10,0.7293233082706767,133,0.7819548872180451,0.1327595850307958,segment_crossing,0.1,14,0.5714285714285714,0.2105263157894736,0.5555555555555556,10,18
diabetes,6,10,0.7293233082706767,133,0.7819548872180451,0.1327595850307958,confidence,0.2,27,0.6296296296296297,0.1523252575884154,0.5428571428571428,19,35
diabetes,6,10,0.7293233082706767,133,0.7819548872180451,0.1327595850307958,segment_crossing,0.2,27,0.5555555555555556,0.2263993316624895,0.5428571428571428,19,35
diabetes,6,10,0.7293233082706767,133,0.7819548872180451,0.1327595850307958,confidence,0.25,34,0.6176470588235294,0.1643078283945156,0.5454545454545454,24,44
diabetes,6,10,0.7293233082706767,133,0.7819548872180451,0.1327595850307958,segment_crossing,0.25,34,0.5882352941176471,0.193719593100398,0.5454545454545454,24,44
diabetes,6,10,0.7293233082706767,133,0.7819548872180451,0.1327595850307958,confidence,0.4,54,0.6111111111111112,0.1708437761069339,0.6119402985074627,41,67
diabetes,6,10,0.7293233082706767,133,0.7819548872180451,0.1327595850307958,segment_crossing,0.4,54,0.6296296296296297,0.1523252575884154,0.6119402985074627,41,67
diabetes,7,1,0.7142857142857143,133,0.7744360902255639,0.100518868470025,confidence,0.1,14,0.5,0.2744360902255639,0.4736842105263157,9,19
diabetes,7,1,0.7142857142857143,133,0.7744360902255639,0.100518868470025,segment_crossing,0.1,14,0.7142857142857143,0.0601503759398496,0.4736842105263157,9,19
diabetes,7,1,0.7142857142857143,133,0.7744360902255639,0.100518868470025,confidence,0.2,27,0.4444444444444444,0.3299916457811195,0.4594594594594595,17,37
diabetes,7,1,0.7142857142857143,133,0.7744360902255639,0.100518868470025,segment_crossing,0.2,27,0.6296296296296297,0.1448064605959342,0.4594594594594595,17,37
diabetes,7,1,0.7142857142857143,133,0.7744360902255639,0.100518868470025,confidence,0.25,34,0.5294117647058824,0.2450243255196815,0.4468085106382978,21,47
diabetes,7,1,0.7142857142857143,133,0.7744360902255639,0.100518868470025,segment_crossing,0.25,34,0.6764705882352942,0.0979655019902697,0.4468085106382978,21,47
diabetes,7,1,0.7142857142857143,133,0.7744360902255639,0.100518868470025,confidence,0.4,54,0.6296296296296297,0.1448064605959342,0.5211267605633803,37,71
diabetes,7,1,0.7142857142857143,133,0.7744360902255639,0.100518868470025,segment_crossing,0.4,54,0.7407407407407407,0.0336953494848232,0.5211267605633803,37,71
diabetes,7,2,0.7142857142857143,133,0.8345864661654135,0.0765942338296448,confidence,0.1,14,0.5714285714285714,0.2631578947368421,0.4736842105263157,9,19
diabetes,7,2,0.7142857142857143,133,0.8345864661654135,0.0765942338296448,segment_crossing,0.1,14,0.5714285714285714,0.2631578947368421,0.4736842105263157,9,19
diabetes,7,2,0.7142857142857143,133,0.8345864661654135,0.0765942338296448,confidence,0.2,27,0.5925925925925926,0.2419938735728209,0.4594594594594595,17,37
diabetes,7,2,0.7142857142857143,133,0.8345864661654135,0.0765942338296448,segment_crossing,0.2,27,0.7037037037037037,0.1308827624617098,0.4594594594594595,17,37
diabetes,7,2,0.7142857142857143,133,0.8345864661654135,0.0765942338296448,confidence,0.25,34,0.6470588235294118,0.1875276426360017,0.4468085106382978,21,47
diabetes,7,2,0.7142857142857143,133,0.8345864661654135,0.0765942338296448,segment_crossing,0.25,34,0.7647058823529411,0.0698805838124724,0.4468085106382978,21,47
diabetes,7,2,0.7142857142857143,133,0.8345864661654135,0.0765942338296448,confidence,0.4,54,0.6851851851851852,0.1494012809802283,0.5211267605633803,37,71
diabetes,7,2,0.7142857142857143,133,0.8345864661654135,0.0765942338296448,segment_crossing,0.4,54,0.7222222222222222,0.1123642439431913,0.5211267605633803,37,71
diabetes,7,3,0.7142857142857143,133,0.8195488721804511,0.0896022335366557,confidence,0.1,14,0.5714285714285714,0.2481203007518797,0.4736842105263157,9,19
diabetes,7,3,0.7142857142857143,133,0.8195488721804511,0.0896022335366557,segment_crossing,0.1,14,0.7142857142857143,0.1052631578947368,0.4736842105263157,9,19
diabetes,7,3,0.7142857142857143,133,0.8195488721804511,0.0896022335366557,confidence,0.2,27,0.5555555555555556,0.2639933166248955,0.4594594594594595,17,37
diabetes,7,3,0.7142857142857143,133,0.8195488721804511,0.0896022335366557,segment_crossing,0.2,27,0.7037037037037037,0.1158451684767474,0.4594594594594595,17,37
diabetes,7,3,0.7142857142857143,133,0.8195488721804511,0.0896022335366557,confidence,0.25,34,0.6176470588235294,0.2019018133569217,0.4468085106382978,21,47
diabetes,7,3,0.7142857142857143,133,0.8195488721804511,0.0896022335366557,segment_crossing,0.25,34,0.7647058823529411,0.05484298982751,0.4468085106382978,21,47
diabetes,7,3,0.7142857142857143,133,0.8195488721804511,0.0896022335366557,confidence,0.4,54,0.6666666666666666,0.1528822055137845,0.5211267605633803,37,71
diabetes,7,3,0.7142857142857143,133,0.8195488721804511,0.0896022335366557,segment_crossing,0.4,54,0.7592592592592593,0.0602896129211918,0.5211267605633803,37,71
diabetes,7,5,0.7142857142857143,133,0.7819548872180451,0.115409591885443,confidence,0.1,14,0.4285714285714285,0.3533834586466165,0.4736842105263157,9,19
diabetes,7,5,0.7142857142857143,133,0.7819548872180451,0.115409591885443,segment_crossing,0.1,14,0.5,0.281954887218045,0.4736842105263157,9,19
diabetes,7,5,0.7142857142857143,133,0.7819548872180451,0.115409591885443,confidence,0.2,27,0.4814814814814814,0.3004734057365636,0.4594594594594595,17,37
diabetes,7,5,0.7142857142857143,133,0.7819548872180451,0.115409591885443,segment_crossing,0.2,27,0.5925925925925926,0.1893622946254525,0.4594594594594595,17,37
diabetes,7,5,0.7142857142857143,133,0.7819548872180451,0.115409591885443,confidence,0.25,34,0.5588235294117647,0.2231313578062803,0.4468085106382978,21,47
diabetes,7,5,0.7142857142857143,133,0.7819548872180451,0.115409591885443,segment_crossing,0.25,34,0.6470588235294118,0.1348960636886332,0.4468085106382978,21,47
diabetes,7,5,0.7142857142857143,133,0.7819548872180451,0.115409591885443,confidence,0.4,54,0.6111111111111112,0.1708437761069339,0.5211267605633803,37,71
diabetes,7,5,0.7142857142857143,133,0.7819548872180451,0.115409591885443,segment_crossing,0.4,54,0.6851851851851852,0.0967697020328598,0.5211267605633803,37,71
diabetes,7,7,0.7142857142857143,133,0.7218045112781954,0.1733847464962477,confidence,0.1,14,0.3571428571428571,0.3646616541353383,0.4736842105263157,9,19
diabetes,7,7,0.7142857142857143,133,0.7218045112781954,0.1733847464962477,segment_crossing,0.1,14,0.5,0.2218045112781954,0.4736842105263157,9,19
diabetes,7,7,0.7142857142857143,133,0.7218045112781954,0.1733847464962477,confidence,0.2,27,0.4074074074074074,0.314397103870788,0.4594594594594595,17,37
diabetes,7,7,0.7142857142857143,133,0.7218045112781954,0.1733847464962477,segment_crossing,0.2,27,0.4814814814814814,0.240323029796714,0.4594594594594595,17,37
diabetes,7,7,0.7142857142857143,133,0.7218045112781954,0.1733847464962477,confidence,0.25,34,0.4705882352941176,0.2512162759840778,0.4468085106382978,21,47
diabetes,7,7,0.7142857142857143,133,0.7218045112781954,0.1733847464962477,segment_crossing,0.25,34,0.5294117647058824,0.1923927465723131,0.4468085106382978,21,47
diabetes,7,7,0.7142857142857143,133,0.7218045112781954,0.1733847464962477,confidence,0.4,54,0.5555555555555556,0.1662489557226398,0.5211267605633803,37,71
diabetes,7,7,0.7142857142857143,133,0.7218045112781954,0.1733847464962477,segment_crossing,0.4,54,0.6111111111111112,0.1106934001670842,0.5211267605633803,37,71
diabetes,7,10,0.7142857142857143,133,0.7293233082706767,0.1787582401289931,confidence,0.1,14,0.5714285714285714,0.1578947368421053,0.4736842105263157,9,19
diabetes,7,10,0.7142857142857143,133,0.7293233082706767,0.1787582401289931,segment_crossing,0.1,14,0.7142857142857143,0.0150375939849624,0.4736842105263157,9,19
diabetes,7,10,0.7142857142857143,133,0.7293233082706767,0.1787582401289931,confidence,0.2,27,0.4814814814814814,0.2478418267891952,0.4594594594594595,17,37
diabetes,7,10,0.7142857142857143,133,0.7293233082706767,0.1787582401289931,segment_crossing,0.2,27,0.5555555555555556,0.1737677527151211,0.4594594594594595,17,37
diabetes,7,10,0.7142857142857143,133,0.7293233082706767,0.1787582401289931,confidence,0.25,34,0.5294117647058824,0.1999115435647943,0.4468085106382978,21,47
diabetes,7,10,0.7142857142857143,133,0.7293233082706767,0.1787582401289931,segment_crossing,0.25,34,0.5882352941176471,0.1410880141530296,0.4468085106382978,21,47
diabetes,7,10,0.7142857142857143,133,0.7293233082706767,0.1787582401289931,confidence,0.4,54,0.5925925925925926,0.1367307156780841,0.5211267605633803,37,71
diabetes,7,10,0.7142857142857143,133,0.7293233082706767,0.1787582401289931,segment_crossing,0.4,54,0.6111111111111112,0.1182121971595655,0.5211267605633803,37,71
diabetes,8,1,0.7142857142857143,133,0.6616541353383458,0.2031513249433086,confidence,0.1,14,0.2857142857142857,0.3759398496240601,0.5555555555555556,10,18
diabetes,8,1,0.7142857142857143,133,0.6616541353383458,0.2031513249433086,segment_crossing,0.1,14,0.3571428571428571,0.3045112781954887,0.5555555555555556,10,18
diabetes,8,1,0.7142857142857143,133,0.6616541353383458,0.2031513249433086,confidence,0.2,27,0.3703703703703703,0.2912837649679755,0.4594594594594595,17,37
diabetes,8,1,0.7142857142857143,133,0.6616541353383458,0.2031513249433086,segment_crossing,0.2,27,0.4074074074074074,0.2542467279309384,0.4594594594594595,17,37
diabetes,8,1,0.7142857142857143,133,0.6616541353383458,0.2031513249433086,confidence,0.25,34,0.4411764705882353,0.2204776647501105,0.4782608695652174,22,46
diabetes,8,1,0.7142857142857143,133,0.6616541353383458,0.2031513249433086,segment_crossing,0.25,34,0.4411764705882353,0.2204776647501105,0.4782608695652174,22,46
diabetes,8,1,0.7142857142857143,133,0.6616541353383458,0.2031513249433086,confidence,0.4,54,0.5185185185185185,0.1431356168198273,0.4794520547945205,35,73
diabetes,8,1,0.7142857142857143,133,0.6616541353383458,0.2031513249433086,segment_crossing,0.4,54,0.5740740740740741,0.0875800612642717,0.4794520547945205,35,73
diabetes,8,2,0.7142857142857143,133,0.7669172932330827,0.1104984199067042,confidence,0.1,14,0.5,0.2669172932330826,0.5555555555555556,10,18
diabetes,8,2,0.7142857142857143,133,0.7669172932330827,0.1104984199067042,segment_crossing,0.1,14,0.4285714285714285,0.3383458646616541,0.5555555555555556,10,18
diabetes,8,2,0.7142857142857143,133,0.7669172932330827,0.1104984199067042,confidence,0.2,27,0.4814814814814814,0.2854358117516012,0.4594594594594595,17,37
diabetes,8,2,0.7142857142857143,133,0.7669172932330827,0.1104984199067042,segment_crossing,0.2,27,0.5185185185185185,0.2483987747145641,0.4594594594594595,17,37
diabetes,8,2,0.7142857142857143,133,0.7669172932330827,0.1104984199067042,confidence,0.25,34,0.5588235294117647,0.2080937638213179,0.4782608695652174,22,46
diabetes,8,2,0.7142857142857143,133,0.7669172932330827,0.1104984199067042,segment_crossing,0.25,34,0.6176470588235294,0.1492702344095532,0.4782608695652174,22,46
diabetes,8,2,0.7142857142857143,133,0.7669172932330827,0.1104984199067042,confidence,0.4,54,0.6296296296296297,0.137287663603453,0.4794520547945205,35,73
diabetes,8,2,0.7142857142857143,133,0.7669172932330827,0.1104984199067042,segment_crossing,0.4,54,0.7037037037037037,0.0632135895293789,0.4794520547945205,35,73
diabetes,8,3,0.7142857142857143,133,0.7518796992481203,0.1043868599336854,confidence,0.1,14,0.3571428571428571,0.3947368421052631,0.5555555555555556,10,18
diabetes,8,3,0.7142857142857143,133,0.7518796992481203,0.1043868599336854,segment_crossing,0.1,14,0.2857142857142857,0.4661654135338345,0.5555555555555556,10,18
diabetes,8,3,0.7142857142857143,133,0.7518796992481203,0.1043868599336854,confidence,0.2,27,0.3703703703703703,0.3815093288777499,0.4594594594594595,17,37
diabetes,8,3,0.7142857142857143,133,0.7518796992481203,0.1043868599336854,segment_crossing,0.2,27,0.4444444444444444,0.3074352548036758,0.4594594594594595,17,37
diabetes,8,3,0.7142857142857143,133,0.7518796992481203,0.1043868599336854,confidence,0.25,34,0.4705882352941176,0.2812914639540026,0.4782608695652174,22,46
diabetes,8,3,0.7142857142857143,133,0.7518796992481203,0.1043868599336854,segment_crossing,0.25,34,0.5588235294117647,0.1930561698363555,0.4782608695652174,22,46
diabetes,8,3,0.7142857142857143,133,0.7518796992481203,0.1043868599336854,confidence,0.4,54,0.5555555555555556,0.1963241436925646,0.4794520547945205,35,73
diabetes,8,3,0.7142857142857143,133,0.7518796992481203,0.1043868599336854,segment_crossing,0.4,54,0.6666666666666666,0.0852130325814536,0.4794520547945205,35,73
diabetes,8,5,0.7142857142857143,133,0.7293233082706767,0.1490101028912936,confidence,0.1,14,0.4285714285714285,0.3007518796992481,0.5555555555555556,10,18
diabetes,8,5,0.7142857142857143,133,0.7293233082706767,0.1490101028912936,segment_crossing,0.1,14,0.4285714285714285,0.3007518796992481,0.5555555555555556,10,18
diabetes,8,5,0.7142857142857143,133,0.7293233082706767,0.1490101028912936,confidence,0.2,27,0.4444444444444444,0.2848788638262323,0.4594594594594595,17,37
diabetes,8,5,0.7142857142857143,133,0.7293233082706767,0.1490101028912936,segment_crossing,0.2,27,0.5185185185185185,0.2108047897521582,0.4594594594594595,17,37
diabetes,8,5,0.7142857142857143,133,0.7293233082706767,0.1490101028912936,confidence,0.25,34,0.5,0.2293233082706767,0.4782608695652174,22,46
diabetes,8,5,0.7142857142857143,133,0.7293233082706767,0.1490101028912936,segment_crossing,0.25,34,0.5882352941176471,0.1410880141530296,0.4782608695652174,22,46
diabetes,8,5,0.7142857142857143,133,0.7293233082706767,0.1490101028912936,confidence,0.4,54,0.5925925925925926,0.1367307156780841,0.4794520547945205,35,73
diabetes,8,5,0.7142857142857143,133,0.7293233082706767,0.1490101028912936,segment_crossing,0.4,54,0.6851851851851852,0.0441381230854914,0.4794520547945205,35,73
diabetes,8,7,0.7142857142857143,133,0.7218045112781954,0.1721723133068055,confidence,0.1,14,0.4285714285714285,0.2932330827067669,0.5555555555555556,10,18
diabetes,8,7,0.7142857142857143,133,0.7218045112781954,0.1721723133068055,segment_crossing,0.1,14,0.4285714285714285,0.2932330827067669,0.5555555555555556,10,18
diabetes,8,7,0.7142857142857143,133,0.7218045112781954,0.1721723133068055,confidence,0.2,27,0.5555555555555556,0.1662489557226398,0.4594594594594595,17,37
diabetes,8,7,0.7142857142857143,133,0.7218045112781954,0.1721723133068055,segment_crossing,0.2,27,0.5925925925925926,0.1292119186856029,0.4594594594594595,17,37
diabetes,8,7,0.7142857142857143,133,0.7218045112781954,0.1721723133068055,confidence,0.25,34,0.5882352941176471,0.1335692171605483,0.4782608695652174,22,46
diabetes,8,7,0.7142857142857143,133,0.7218045112781954,0.1721723133068055,segment_crossing,0.25,34,0.6470588235294118,0.0747456877487836,0.4782608695652174,22,46
diabetes,8,7,0.7142857142857143,133,0.7218045112781954,0.1721723133068055,confidence,0.4,54,0.6296296296296297,0.0921748816485658,0.4794520547945205,35,73
diabetes,8,7,0.7142857142857143,133,0.7218045112781954,0.1721723133068055,segment_crossing,0.4,54,0.6851851851851852,0.0366193260930102,0.4794520547945205,35,73
diabetes,8,10,0.7142857142857143,133,0.7142857142857143,0.1708134719577303,confidence,0.1,14,0.5,0.2142857142857143,0.5555555555555556,10,18
diabetes,8,10,0.7142857142857143,133,0.7142857142857143,0.1708134719577303,segment_crossing,0.1,14,0.4285714285714285,0.2857142857142857,0.5555555555555556,10,18
diabetes,8,10,0.7142857142857143,133,0.7142857142857143,0.1708134719577303,confidence,0.2,27,0.5185185185185185,0.1957671957671958,0.4594594594594595,17,37
diabetes,8,10,0.7142857142857143,133,0.7142857142857143,0.1708134719577303,segment_crossing,0.2,27,0.5925925925925926,0.1216931216931217,0.4594594594594595,17,37
diabetes,8,10,0.7142857142857143,133,0.7142857142857143,0.1708134719577303,confidence,0.25,34,0.5588235294117647,0.1554621848739495,0.4782608695652174,22,46
diabetes,8,10,0.7142857142857143,133,0.7142857142857143,0.1708134719577303,segment_crossing,0.25,34,0.6470588235294118,0.0672268907563025,0.4782608695652174,22,46
diabetes,8,10,0.7142857142857143,133,0.7142857142857143,0.1708134719577303,confidence,0.4,54,0.5740740740740741,0.1402116402116402,0.4794520547945205,35,73
diabetes,8,10,0.7142857142857143,133,0.7142857142857143,0.1708134719577303,segment_crossing,0.4,54,0.6666666666666666,0.0476190476190476,0.4794520547945205,35,73
diabetes,9,1,0.7593984962406015,133,0.706766917293233,0.2104884397046348,confidence,0.1,14,0.5,0.206766917293233,0.4,8,20
diabetes,9,1,0.7593984962406015,133,0.706766917293233,0.2104884397046348,segment_crossing,0.1,14,0.7857142857142857,-0.0789473684210526,0.4,8,20
diabetes,9,1,0.7593984962406015,133,0.706766917293233,0.2104884397046348,confidence,0.2,27,0.5925925925925926,0.1141743247006404,0.4210526315789473,16,38
diabetes,9,1,0.7593984962406015,133,0.706766917293233,0.2104884397046348,segment_crossing,0.2,27,0.7777777777777778,-0.0710108604845447,0.4210526315789473,16,38
diabetes,9,1,0.7593984962406015,133,0.706766917293233,0.2104884397046348,confidence,0.25,34,0.6764705882352942,0.0302963290579388,0.4782608695652174,22,46
diabetes,9,1,0.7593984962406015,133,0.706766917293233,0.2104884397046348,segment_crossing,0.25,34,0.7058823529411765,0.0008845643520565,0.4782608695652174,22,46
diabetes,9,1,0.7593984962406015,133,0.706766917293233,0.2104884397046348,confidence,0.4,54,0.6111111111111112,0.0956558061821218,0.4594594594594595,34,74
diabetes,9,1,0.7593984962406015,133,0.706766917293233,0.2104884397046348,segment_crossing,0.4,54,0.6666666666666666,0.0401002506265664,0.4594594594594595,34,74
diabetes,9,2,0.7593984962406015,133,0.7593984962406015,0.133398987271841,confidence,0.1,14,0.5,0.2593984962406015,0.4,8,20
diabetes,9,2,0.7593984962406015,133,0.7593984962406015,0.133398987271841,segment_crossing,0.1,14,0.6428571428571429,0.1165413533834586,0.4,8,20
diabetes,9,2,0.7593984962406015,133,0.7593984962406015,0.133398987271841,confidence,0.2,27,0.5925925925925926,0.1668059036480089,0.4210526315789473,16,38
diabetes,9,2,0.7593984962406015,133,0.7593984962406015,0.133398987271841,segment_crossing,0.2,27,0.5925925925925926,0.1668059036480089,0.4210526315789473,16,38
diabetes,9,2,0.7593984962406015,133,0.7593984962406015,0.133398987271841,confidence,0.25,34,0.6470588235294118,0.1123396727111897,0.4782608695652174,22,46
diabetes,9,2,0.7593984962406015,133,0.7593984962406015,0.133398987271841,segment_crossing,0.25,34,0.5588235294117647,0.2005749668288368,0.4782608695652174,22,46
diabetes,9,2,0.7593984962406015,133,0.7593984962406015,0.133398987271841,confidence,0.4,54,0.6481481481481481,0.1112503480924533,0.4594594594594595,34,74
diabetes,9,2,0.7593984962406015,133,0.7593984962406015,0.133398987271841,segment_crossing,0.4,54,0.6111111111111112,0.1482873851294903,0.4594594594594595,34,74
diabetes,9,3,0.7593984962406015,133,0.7368421052631579,0.1827089678027143,confidence,0.1,14,0.5,0.2368421052631578,0.4,8,20
diabetes,9,3,0.7593984962406015,133,0.7368421052631579,0.1827089678027143,segment_crossing,0.1,14,0.7142857142857143,0.0225563909774435,0.4,8,20
diabetes,9,3,0.7593984962406015,133,0.7368421052631579,0.1827089678027143,confidence,0.2,27,0.5555555555555556,0.1812865497076022,0.4210526315789473,16,38
diabetes,9,3,0.7593984962406015,133,0.7368421052631579,0.1827089678027143,segment_crossing,0.2,27,0.6666666666666666,0.0701754385964912,0.4210526315789473,16,38
diabetes,9,3,0.7593984962406015,133,0.7368421052631579,0.1827089678027143,confidence,0.25,34,0.5588235294117647,0.1780185758513931,0.4782608695652174,22,46
diabetes,9,3,0.7593984962406015,133,0.7368421052631579,0.1827089678027143,segment_crossing,0.25,34,0.5882352941176471,0.1486068111455107,0.4782608695652174,22,46
diabetes,9,3,0.7593984962406015,133,0.7368421052631579,0.1827089678027143,confidence,0.4,54,0.5925925925925926,0.1442495126705653,0.4594594594594595,34,74
diabetes,9,3,0.7593984962406015,133,0.7368421052631579,0.1827089678027143,segment_crossing,0.4,54,0.6666666666666666,0.0701754385964912,0.4594594594594595,34,74
diabetes,9,5,0.7593984962406015,133,0.7142857142857143,0.1879281408013039,confidence,0.1,14,0.6428571428571429,0.0714285714285714,0.4,8,20
diabetes,9,5,0.7593984962406015,133,0.7142857142857143,0.1879281408013039,segment_crossing,0.1,14,0.7857142857142857,-0.0714285714285714,0.4,8,20
diabetes,9,5,0.7593984962406015,133,0.7142857142857143,0.1879281408013039,confidence,0.2,27,0.5925925925925926,0.1216931216931217,0.4210526315789473,16,38
diabetes,9,5,0.7593984962406015,133,0.7142857142857143,0.1879281408013039,segment_crossing,0.2,27,0.7037037037037037,0.0105820105820105,0.4210526315789473,16,38
diabetes,9,5,0.7593984962406015,133,0.7142857142857143,0.1879281408013039,confidence,0.25,34,0.5882352941176471,0.1260504201680672,0.4782608695652174,22,46
diabetes,9,5,0.7593984962406015,133,0.7142857142857143,0.1879281408013039,segment_crossing,0.25,34,0.6176470588235294,0.0966386554621848,0.4782608695652174,22,46
diabetes,9,5,0.7593984962406015,133,0.7142857142857143,0.1879281408013039,confidence,0.4,54,0.5555555555555556,0.1587301587301587,0.4594594594594595,34,74
diabetes,9,5,0.7593984962406015,133,0.7142857142857143,0.1879281408013039,segment_crossing,0.4,54,0.6666666666666666,0.0476190476190476,0.4594594594594595,34,74
diabetes,9,7,0.7593984962406015,133,0.7218045112781954,0.1682215187523781,confidence,0.1,14,0.7142857142857143,0.0075187969924811,0.4,8,20
diabetes,9,7,0.7593984962406015,133,0.7218045112781954,0.1682215187523781,segment_crossing,0.1,14,0.8571428571428571,-0.1353383458646616,0.4,8,20
diabetes,9,7,0.7593984962406015,133,0.7218045112781954,0.1682215187523781,confidence,0.2,27,0.5925925925925926,0.1292119186856029,0.4210526315789473,16,38
diabetes,9,7,0.7593984962406015,133,0.7218045112781954,0.1682215187523781,segment_crossing,0.2,27,0.7407407407407407,-0.0189362294625452,0.4210526315789473,16,38
diabetes,9,7,0.7593984962406015,133,0.7218045112781954,0.1682215187523781,confidence,0.25,34,0.5588235294117647,0.1629809818664307,0.4782608695652174,22,46
diabetes,9,7,0.7593984962406015,133,0.7218045112781954,0.1682215187523781,segment_crossing,0.25,34,0.6470588235294118,0.0747456877487836,0.4782608695652174,22,46
diabetes,9,7,0.7593984962406015,133,0.7218045112781954,0.1682215187523781,confidence,0.4,54,0.5370370370370371,0.1847674742411583,0.4594594594594595,34,74
diabetes,9,7,0.7593984962406015,133,0.7218045112781954,0.1682215187523781,segment_crossing,0.4,54,0.6111111111111112,0.1106934001670842,0.4594594594594595,34,74
diabetes,9,10,0.7593984962406015,133,0.6466165413533834,0.2403244298875391,confidence,0.1,14,0.5,0.1466165413533834,0.4,8,20
diabetes,9,10,0.7593984962406015,133,0.6466165413533834,0.2403244298875391,segment_crossing,0.1,14,0.5714285714285714,0.075187969924812,0.4,8,20
diabetes,9,10,0.7593984962406015,133,0.6466165413533834,0.2403244298875391,confidence,0.2,27,0.4444444444444444,0.202172096908939,0.4210526315789473,16,38
diabetes,9,10,0.7593984962406015,133,0.6466165413533834,0.2403244298875391,segment_crossing,0.2,27,0.5555555555555556,0.0910609857978278,0.4210526315789473,16,38
diabetes,9,10,0.7593984962406015,133,0.6466165413533834,0.2403244298875391,confidence,0.25,34,0.4705882352941176,0.1760283060592657,0.4782608695652174,22,46
diabetes,9,10,0.7593984962406015,133,0.6466165413533834,0.2403244298875391,segment_crossing,0.25,34,0.4705882352941176,0.1760283060592657,0.4782608695652174,22,46
diabetes,9,10,0.7593984962406015,133,0.6466165413533834,0.2403244298875391,confidence,0.4,54,0.4444444444444444,0.202172096908939,0.4594594594594595,34,74
diabetes,9,10,0.7593984962406015,133,0.6466165413533834,0.2403244298875391,segment_crossing,0.4,54,0.5,0.1466165413533834,0.4594594594594595,34,74
iris,0,1,1.0,45,1.0,0.0,confidence,0.1,5,1.0,0.0,0.4285714285714285,3,7
iris,0,1,1.0,45,1.0,0.0,segment_crossing,0.1,5,1.0,0.0,0.4285714285714285,3,7
iris,0,1,1.0,45,1.0,0.0,confidence,0.2,9,1.0,0.0,0.8,8,10
iris,0,1,1.0,45,1.0,0.0,segment_crossing,0.2,9,1.0,0.0,0.8,8,10
iris,0,1,1.0,45,1.0,0.0,confidence,0.25,12,1.0,0.0,1.0,12,12
iris,0,1,1.0,45,1.0,0.0,segment_crossing,0.25,12,1.0,0.0,1.0,12,12
iris,0,1,1.0,45,1.0,0.0,confidence,0.4,18,1.0,0.0,0.8,16,20
iris,0,1,1.0,45,1.0,0.0,segment_crossing,0.4,18,1.0,0.0,0.8,16,20
iris,0,2,1.0,45,1.0,0.0,confidence,0.1,5,1.0,0.0,0.4285714285714285,3,7
iris,0,2,1.0,45,1.0,0.0,segment_crossing,0.1,5,1.0,0.0,0.4285714285714285,3,7
iris,0,2,1.0,45,1.0,0.0,confidence,0.2,9,1.0,0.0,0.8,8,10
iris,0,2,1.0,45,1.0,0.0,segment_crossing,0.2,9,1.0,0.0,0.8,8,10
iris,0,2,1.0,45,1.0,0.0,confidence,0.25,12,1.0,0.0,1.0,12,12
iris,0,2,1.0,45,1.0,0.0,segment_crossing,0.25,12,1.0,0.0,1.0,12,12
iris,0,2,1.0,45,1.0,0.0,confidence,0.4,18,1.0,0.0,0.8,16,20
iris,0,2,1.0,45,1.0,0.0,segment_crossing,0.4,18,1.0,0.0,0.8,16,20
iris,0,3,1.0,45,1.0,0.0,confidence,0.1,5,1.0,0.0,0.4285714285714285,3,7
iris,0,3,1.0,45,1.0,0.0,segment_crossing,0.1,5,1.0,0.0,0.4285714285714285,3,7
iris,0,3,1.0,45,1.0,0.0,confidence,0.2,9,1.0,0.0,0.8,8,10
iris,0,3,1.0,45,1.0,0.0,segment_crossing,0.2,9,1.0,0.0,0.8,8,10
iris,0,3,1.0,45,1.0,0.0,confidence,0.25,12,1.0,0.0,1.0,12,12
iris,0,3,1.0,45,1.0,0.0,segment_crossing,0.25,12,1.0,0.0,1.0,12,12
iris,0,3,1.0,45,1.0,0.0,confidence,0.4,18,1.0,0.0,0.8,16,20
iris,0,3,1.0,45,1.0,0.0,segment_crossing,0.4,18,1.0,0.0,0.8,16,20
iris,0,5,1.0,45,1.0,0.0,confidence,0.1,5,1.0,0.0,0.4285714285714285,3,7
iris,0,5,1.0,45,1.0,0.0,segment_crossing,0.1,5,1.0,0.0,0.4285714285714285,3,7
iris,0,5,1.0,45,1.0,0.0,confidence,0.2,9,1.0,0.0,0.8,8,10
iris,0,5,1.0,45,1.0,0.0,segment_crossing,0.2,9,1.0,0.0,0.8,8,10
iris,0,5,1.0,45,1.0,0.0,confidence,0.25,12,1.0,0.0,1.0,12,12
iris,0,5,1.0,45,1.0,0.0,segment_crossing,0.25,12,1.0,0.0,1.0,12,12
iris,0,5,1.0,45,1.0,0.0,confidence,0.4,18,1.0,0.0,0.8,16,20
iris,0,5,1.0,45,1.0,0.0,segment_crossing,0.4,18,1.0,0.0,0.8,16,20
iris,0,7,1.0,45,1.0,0.0,confidence,0.1,5,1.0,0.0,0.4285714285714285,3,7
iris,0,7,1.0,45,1.0,0.0,segment_crossing,0.1,5,1.0,0.0,0.4285714285714285,3,7
iris,0,7,1.0,45,1.0,0.0,confidence,0.2,9,1.0,0.0,0.8,8,10
iris,0,7,1.0,45,1.0,0.0,segment_crossing,0.2,9,1.0,0.0,0.8,8,10
iris,0,7,1.0,45,1.0,0.0,confidence,0.25,12,1.0,0.0,1.0,12,12
iris,0,7,1.0,45,1.0,0.0,segment_crossing,0.25,12,1.0,0.0,1.0,12,12
iris,0,7,1.0,45,1.0,0.0,confidence,0.4,18,1.0,0.0,0.8,16,20
iris,0,7,1.0,45,1.0,0.0,segment_crossing,0.4,18,1.0,0.0,0.8,16,20
iris,0,10,1.0,45,1.0,0.0,confidence,0.1,5,1.0,0.0,0.4285714285714285,3,7
iris,0,10,1.0,45,1.0,0.0,segment_crossing,0.1,5,1.0,0.0,0.4285714285714285,3,7
iris,0,10,1.0,45,1.0,0.0,confidence,0.2,9,1.0,0.0,0.8,8,10
iris,0,10,1.0,45,1.0,0.0,segment_crossing,0.2,9,1.0,0.0,0.8,8,10
iris,0,10,1.0,45,1.0,0.0,confidence,0.25,12,1.0,0.0,1.0,12,12
iris,0,10,1.0,45,1.0,0.0,segment_crossing,0.25,12,1.0,0.0,1.0,12,12
iris,0,10,1.0,45,1.0,0.0,confidence,0.4,18,1.0,0.0,0.8,16,20
iris,0,10,1.0,45,1.0,0.0,segment_crossing,0.4,18,1.0,0.0,0.8,16,20
iris,1,1,1.0,45,1.0,0.0,confidence,0.1,5,1.0,0.0,0.6666666666666666,4,6
iris,1,1,1.0,45,1.0,0.0,segment_crossing,0.1,5,1.0,0.0,0.6666666666666666,4,6
iris,1,1,1.0,45,1.0,0.0,confidence,0.2,9,1.0,0.0,0.5,6,12
iris,1,1,1.0,45,1.0,0.0,segment_crossing,0.2,9,1.0,0.0,0.5,6,12
iris,1,1,1.0,45,1.0,0.0,confidence,0.25,12,1.0,0.0,0.5,8,16
iris,1,1,1.0,45,1.0,0.0,segment_crossing,0.25,12,1.0,0.0,0.5,8,16
iris,1,1,1.0,45,1.0,0.0,confidence,0.4,18,1.0,0.0,0.5652173913043478,13,23
iris,1,1,1.0,45,1.0,0.0,segment_crossing,0.4,18,1.0,0.0,0.5652173913043478,13,23
iris,1,2,1.0,45,1.0,0.0,confidence,0.1,5,1.0,0.0,0.6666666666666666,4,6
iris,1,2,1.0,45,1.0,0.0,segment_crossing,0.1,5,1.0,0.0,0.6666666666666666,4,6
iris,1,2,1.0,45,1.0,0.0,confidence,0.2,9,1.0,0.0,0.5,6,12
iris,1,2,1.0,45,1.0,0.0,segment_crossing,0.2,9,1.0,0.0,0.5,6,12
iris,1,2,1.0,45,1.0,0.0,confidence,0.25,12,1.0,0.0,0.5,8,16
iris,1,2,1.0,45,1.0,0.0,segment_crossing,0.25,12,1.0,0.0,0.5,8,16
iris,1,2,1.0,45,1.0,0.0,confidence,0.4,18,1.0,0.0,0.5652173913043478,13,23
iris,1,2,1.0,45,1.0,0.0,segment_crossing,0.4,18,1.0,0.0,0.5652173913043478,13,23
iris,1,3,1.0,45,1.0,0.0,confidence,0.1,5,1.0,0.0,0.6666666666666666,4,6
iris,1,3,1.0,45,1.0,0.0,segment_crossing,0.1,5,1.0,0.0,0.6666666666666666,4,6
iris,1,3,1.0,45,1.0,0.0,confidence,0.2,9,1.0,0.0,0.5,6,12
iris,1,3,1.0,45,1.0,0.0,segment_crossing,0.2,9,1.0,0.0,0.5,6,12
iris,1,3,1.0,45,1.0,0.0,confidence,0.25,12,1.0,0.0,0.5,8,16
iris,1,3,1.0,45,1.0,0.0,segment_crossing,0.25,12,1.0,0.0,0.5,8,16
iris,1,3,1.0,45,1.0,0.0,confidence,0.4,18,1.0,0.0,0.5652173913043478,13,23
iris,1,3,1.0,45,1.0,0.0,segment_crossing,0.4,18,1.0,0.0,0.5652173913043478,13,23
iris,1,5,1.0,45,1.0,0.0,confidence,0.1,5,1.0,0.0,0.6666666666666666,4,6
iris,1,5,1.0,45,1.0,0.0,segment_crossing,0.1,5,1.0,0.0,0.6666666666666666,4,6
iris,1,5,1.0,45,1.0,0.0,confidence,0.2,9,1.0,0.0,0.5,6,12
iris,1,5,1.0,45,1.0,0.0,segment_crossing,0.2,9,1.0,0.0,0.5,6,12
iris,1,5,1.0,45,1.0,0.0,confidence,0.25,12,1.0,0.0,0.5,8,16
iris,1,5,1.0,45,1.0,0.0,segment_crossing,0.25,12,1.0,0.0,0.5,8,16
iris,1,5,1.0,45,1.0,0.0,confidence,0.4,18,1.0,0.0,0.5652173913043478,13,23
iris,1,5,1.0,45,1.0,0.0,segment_crossing,0.4,18,1.0,0.0,0.5652173913043478,13,23
iris,1,7,1.0,45,1.0,0.0,confidence,0.1,5,1.0,0.0,0.6666666666666666,4,6
iris,1,7,1.0,45,1.0,0.0,segment_crossing,0.1,5,1.0,0.0,0.6666666666666666,4,6
iris,1,7,1.0,45,1.0,0.0,confidence,0.2,9,1.0,0.0,0.5,6,12
iris,1,7,1.0,45,1.0,0.0,segment_crossing,0.2,9,1.0,0.0,0.5,6,12
iris,1,7,1.0,45,1.0,0.0,confidence,0.25,12,1.0,0.0,0.5,8,16
iris,1,7,1.0,45,1.0,0.0,segment_crossing,0.25,12,1.0,0.0,0.5,8,16
iris,1,7,1.0,45,1.0,0.0,confidence,0.4,18,1.0,0.0,0.5652173913043478,13,23
iris,1,7,1.0,45,1.0,0.0,segment_crossing,0.4,18,1.0,0.0,0.5652173913043478,13,23
iris,1,10,1.0,45,1.0,0.0,confidence,0.1,5,1.0,0.0,0.6666666666666666,4,6
iris,1,10,1.0,45,1.0,0.0,segment_crossing,0.1,5,1.0,0.0,0.6666666666666666,4,6
iris,1,10,1.0,45,1.0,0.0,confidence,0.2,9,1.0,0.0,0.5,6,12
iris,1,10,1.0,45,1.0,0.0,segment_crossing,0.2,9,1.0,0.0,0.5,6,12
iris,1,10,1.0,45,1.0,0.0,confidence,0.25,12,1.0,0.0,0.5,8,16
iris,1,10,1.0,45,1.0,0.0,segment_crossing,0.25,12,1.0,0.0,0.5,8,16
iris,1,10,1.0,45,1.0,0.0,confidence,0.4,18,1.0,0.0,0.5652173913043478,13,23
iris,1,10,1.0,45,1.0,0.0,segment_crossing,0.4,18,1.0,0.0,0.5652173913043478,13,23
iris,2,1,1.0,45,1.0,0.0,confidence,0.1,5,1.0,0.0,0.6666666666666666,4,6
iris,2,1,1.0,45,1.0,0.0,segment_crossing,0.1,5,1.0,0.0,0.6666666666666666,4,6
iris,2,1,1.0,45,1.0,0.0,confidence,0.2,9,1.0,0.0,0.3846153846153846,5,13
iris,2,1,1.0,45,1.0,0.0,segment_crossing,0.2,9,1.0,0.0,0.3846153846153846,5,13
iris,2,1,1.0,45,1.0,0.0,confidence,0.25,12,1.0,0.0,0.4117647058823529,7,17
iris,2,1,1.0,45,1.0,0.0,segment_crossing,0.25,12,1.0,0.0,0.4117647058823529,7,17
iris,2,1,1.0,45,1.0,0.0,confidence,0.4,18,1.0,0.0,0.44,11,25
iris,2,1,1.0,45,1.0,0.0,segment_crossing,0.4,18,1.0,0.0,0.44,11,25
iris,2,2,1.0,45,1.0,0.0,confidence,0.1,5,1.0,0.0,0.6666666666666666,4,6
iris,2,2,1.0,45,1.0,0.0,segment_crossing,0.1,5,1.0,0.0,0.6666666666666666,4,6
iris,2,2,1.0,45,1.0,0.0,confidence,0.2,9,1.0,0.0,0.3846153846153846,5,13
iris,2,2,1.0,45,1.0,0.0,segment_crossing,0.2,9,1.0,0.0,0.3846153846153846,5,13
iris,2,2,1.0,45,1.0,0.0,confidence,0.25,12,1.0,0.0,0.4117647058823529,7,17
iris,2,2,1.0,45,1.0,0.0,segment_crossing,0.25,12,1.0,0.0,0.4117647058823529,7,17
iris,2,2,1.0,45,1.0,0.0,confidence,0.4,18,1.0,0.0,0.44,11,25
iris,2,2,1.0,45,1.0,0.0,segment_crossing,0.4,18,1.0,0.0,0.44,11,25
iris,2,3,1.0,45,1.0,0.0,confidence,0.1,5,1.0,0.0,0.6666666666666666,4,6
iris,2,3,1.0,45,1.0,0.0,segment_crossing,0.1,5,1.0,0.0,0.6666666666666666,4,6
iris,2,3,1.0,45,1.0,0.0,confidence,0.2,9,1.0,0.0,0.3846153846153846,5,13
iris,2,3,1.0,45,1.0,0.0,segment_crossing,0.2,9,1.0,0.0,0.3846153846153846,5,13
iris,2,3,1.0,45,1.0,0.0,confidence,0.25,12,1.0,0.0,0.4117647058823529,7,17
iris,2,3,1.0,45,1.0,0.0,segment_crossing,0.25,12,1.0,0.0,0.4117647058823529,7,17
iris,2,3,1.0,45,1.0,0.0,confidence,0.4,18,1.0,0.0,0.44,11,25
iris,2,3,1.0,45,1.0,0.0,segment_crossing,0.4,18,1.0,0.0,0.44,11,25
iris,2,5,1.0,45,1.0,0.0,confidence,0.1,5,1.0,0.0,0.6666666666666666,4,6
iris,2,5,1.0,45,1.0,0.0,segment_crossing,0.1,5,1.0,0.0,0.6666666666666666,4,6
iris,2,5,1.0,45,1.0,0.0,confidence,0.2,9,1.0,0.0,0.3846153846153846,5,13
iris,2,5,1.0,45,1.0,0.0,segment_crossing,0.2,9,1.0,0.0,0.3846153846153846,5,13
iris,2,5,1.0,45,1.0,0.0,confidence,0.25,12,1.0,0.0,0.4117647058823529,7,17
iris,2,5,1.0,45,1.0,0.0,segment_crossing,0.25,12,1.0,0.0,0.4117647058823529,7,17
iris,2,5,1.0,45,1.0,0.0,confidence,0.4,18,1.0,0.0,0.44,11,25
iris,2,5,1.0,45,1.0,0.0,segment_crossing,0.4,18,1.0,0.0,0.44,11,25
iris,2,7,1.0,45,1.0,0.0,confidence,0.1,5,1.0,0.0,0.6666666666666666,4,6
iris,2,7,1.0,45,1.0,0.0,segment_crossing,0.1,5,1.0,0.0,0.6666666666666666,4,6
iris,2,7,1.0,45,1.0,0.0,confidence,0.2,9,1.0,0.0,0.3846153846153846,5,13
iris,2,7,1.0,45,1.0,0.0,segment_crossing,0.2,9,1.0,0.0,0.3846153846153846,5,13
iris,2,7,1.0,45,1.0,0.0,confidence,0.25,12,1.0,0.0,0.4117647058823529,7,17
iris,2,7,1.0,45,1.0,0.0,segment_crossing,0.25,12,1.0,0.0,0.4117647058823529,7,17
iris,2,7,1.0,45,1.0,0.0,confidence,0.4,18,1.0,0.0,0.44,11,25
iris,2,7,1.0,45,1.0,0.0,segment_crossing,0.4,18,1.0,0.0,0.44,11,25
iris,2,10,1.0,45,1.0,0.0,confidence,0.1,5,1.0,0.0,0.6666666666666666,4,6
iris,2,10,1.0,45,1.0,0.0,segment_crossing,0.1,5,1.0,0.0,0.6666666666666666,4,6
iris,2,10,1.0,45,1.0,0.0,confidence,0.2,9,1.0,0.0,0.3846153846153846,5,13
iris,2,10,1.0,45,1.0,0.0,segment_crossing,0.2,9,1.0,0.0,0.3846153846153846,5,13
iris,2,10,1.0,45,1.0,0.0,confidence,0.25,12,1.0,0.0,0.4117647058823529,7,17
iris,2,10,1.0,45,1.0,0.0,segment_crossing,0.25,12,1.0,0.0,0.4117647058823529,7,17
iris,2,10,1.0,45,1.0,0.0,confidence,0.4,18,1.0,0.0,0.44,11,25
iris,2,10,1.0,45,1.0,0.0,segment_crossing,0.4,18,1.0,0.0,0.44,11,25
iris,3,1,0.9777777777777776,45,0.9777777777777776,0.0002469135802469,confidence,0.1,5,0.8,0.1777777777777777,0.4285714285714285,3,7
iris,3,1,0.9777777777777776,45,0.9777777777777776,0.0002469135802469,segment_crossing,0.1,5,0.8,0.1777777777777777,0.4285714285714285,3,7
iris,3,1,0.9777777777777776,45,0.9777777777777776,0.0002469135802469,confidence,0.2,9,0.8888888888888888,0.0888888888888889,0.6363636363636364,7,11
iris,3,1,0.9777777777777776,45,0.9777777777777776,0.0002469135802469,segment_crossing,0.2,9,0.8888888888888888,0.0888888888888889,0.6363636363636364,7,11
iris,3,1,0.9777777777777776,45,0.9777777777777776,0.0002469135802469,confidence,0.25,12,0.9166666666666666,0.0611111111111111,0.8461538461538461,11,13
iris,3,1,0.9777777777777776,45,0.9777777777777776,0.0002469135802469,segment_crossing,0.25,12,0.9166666666666666,0.0611111111111111,0.8461538461538461,11,13
iris,3,1,0.9777777777777776,45,0.9777777777777776,0.0002469135802469,confidence,0.4,18,0.9444444444444444,0.0333333333333333,0.7142857142857143,15,21
iris,3,1,0.9777777777777776,45,0.9777777777777776,0.0002469135802469,segment_crossing,0.4,18,0.9444444444444444,0.0333333333333333,0.7142857142857143,15,21
iris,3,2,0.9777777777777776,45,0.9777777777777776,0.0002469135802469,confidence,0.1,5,0.8,0.1777777777777777,0.4285714285714285,3,7
iris,3,2,0.9777777777777776,45,0.9777777777777776,0.0002469135802469,segment_crossing,0.1,5,0.8,0.1777777777777777,0.4285714285714285,3,7
iris,3,2,0.9777777777777776,45,0.9777777777777776,0.0002469135802469,confidence,0.2,9,0.8888888888888888,0.0888888888888889,0.6363636363636364,7,11
iris,3,2,0.9777777777777776,45,0.9777777777777776,0.0002469135802469,segment_crossing,0.2,9,0.8888888888888888,0.0888888888888889,0.6363636363636364,7,11
iris,3,2,0.9777777777777776,45,0.9777777777777776,0.0002469135802469,confidence,0.25,12,0.9166666666666666,0.0611111111111111,0.8461538461538461,11,13
iris,3,2,0.9777777777777776,45,0.9777777777777776,0.0002469135802469,segment_crossing,0.25,12,0.9166666666666666,0.0611111111111111,0.8461538461538461,11,13
iris,3,2,0.9777777777777776,45,0.9777777777777776,0.0002469135802469,confidence,0.4,18,0.9444444444444444,0.0333333333333333,0.7142857142857143,15,21
iris,3,2,0.9777777777777776,45,0.9777777777777776,0.0002469135802469,segment_crossing,0.4,18,0.9444444444444444,0.0333333333333333,0.7142857142857143,15,21
iris,3,3,0.9777777777777776,45,0.9777777777777776,0.0002469135802469,confidence,0.1,5,0.8,0.1777777777777777,0.4285714285714285,3,7
iris,3,3,0.9777777777777776,45,0.9777777777777776,0.0002469135802469,segment_crossing,0.1,5,0.8,0.1777777777777777,0.4285714285714285,3,7
iris,3,3,0.9777777777777776,45,0.9777777777777776,0.0002469135802469,confidence,0.2,9,0.8888888888888888,0.0888888888888889,0.6363636363636364,7,11
iris,3,3,0.9777777777777776,45,0.9777777777777776,0.0002469135802469,segment_crossing,0.2,9,0.8888888888888888,0.0888888888888889,0.6363636363636364,7,11
iris,3,3,0.9777777777777776,45,0.9777777777777776,0.0002469135802469,confidence,0.25,12,0.9166666666666666,0.0611111111111111,0.8461538461538461,11,13
iris,3,3,0.9777777777777776,45,0.9777777777777776,0.0002469135802469,segment_crossing,0.25,12,0.9166666666666666,0.0611111111111111,0.8461538461538461,11,13
iris,3,3,0.9777777777777776,45,0.9777777777777776,0.0002469135802469,confidence,0.4,18,0.9444444444444444,0.0333333333333333,0.7142857142857143,15,21
iris,3,3,0.9777777777777776,45,0.9777777777777776,0.0002469135802469,segment_crossing,0.4,18,0.9444444444444444,0.0333333333333333,0.7142857142857143,15,21
iris,3,5,0.9777777777777776,45,0.9777777777777776,0.0002469135802469,confidence,0.1,5,0.8,0.1777777777777777,0.4285714285714285,3,7
iris,3,5,0.9777777777777776,45,0.9777777777777776,0.0002469135802469,segment_crossing,0.1,5,0.8,0.1777777777777777,0.4285714285714285,3,7
iris,3,5,0.9777777777777776,45,0.9777777777777776,0.0002469135802469,confidence,0.2,9,0.8888888888888888,0.0888888888888889,0.6363636363636364,7,11
iris,3,5,0.9777777777777776,45,0.9777777777777776,0.0002469135802469,segment_crossing,0.2,9,0.8888888888888888,0.0888888888888889,0.6363636363636364,7,11
iris,3,5,0.9777777777777776,45,0.9777777777777776,0.0002469135802469,confidence,0.25,12,0.9166666666666666,0.0611111111111111,0.8461538461538461,11,13
iris,3,5,0.9777777777777776,45,0.9777777777777776,0.0002469135802469,segment_crossing,0.25,12,0.9166666666666666,0.0611111111111111,0.8461538461538461,11,13
iris,3,5,0.9777777777777776,45,0.9777777777777776,0.0002469135802469,confidence,0.4,18,0.9444444444444444,0.0333333333333333,0.7142857142857143,15,21
iris,3,5,0.9777777777777776,45,0.9777777777777776,0.0002469135802469,segment_crossing,0.4,18,0.9444444444444444,0.0333333333333333,0.7142857142857143,15,21
iris,3,7,0.9777777777777776,45,0.9777777777777776,0.0002469135802469,confidence,0.1,5,0.8,0.1777777777777777,0.4285714285714285,3,7
iris,3,7,0.9777777777777776,45,0.9777777777777776,0.0002469135802469,segment_crossing,0.1,5,0.8,0.1777777777777777,0.4285714285714285,3,7
iris,3,7,0.9777777777777776,45,0.9777777777777776,0.0002469135802469,confidence,0.2,9,0.8888888888888888,0.0888888888888889,0.6363636363636364,7,11
iris,3,7,0.9777777777777776,45,0.9777777777777776,0.0002469135802469,segment_crossing,0.2,9,0.8888888888888888,0.0888888888888889,0.6363636363636364,7,11
iris,3,7,0.9777777777777776,45,0.9777777777777776,0.0002469135802469,confidence,0.25,12,0.9166666666666666,0.0611111111111111,0.8461538461538461,11,13
iris,3,7,0.9777777777777776,45,0.9777777777777776,0.0002469135802469,segment_crossing,0.25,12,0.9166666666666666,0.0611111111111111,0.8461538461538461,11,13
iris,3,7,0.9777777777777776,45,0.9777777777777776,0.0002469135802469,confidence,0.4,18,0.9444444444444444,0.0333333333333333,0.7142857142857143,15,21
iris,3,7,0.9777777777777776,45,0.9777777777777776,0.0002469135802469,segment_crossing,0.4,18,0.9444444444444444,0.0333333333333333,0.7142857142857143,15,21
iris,3,10,0.9777777777777776,45,0.9777777777777776,0.0002469135802469,confidence,0.1,5,0.8,0.1777777777777777,0.4285714285714285,3,7
iris,3,10,0.9777777777777776,45,0.9777777777777776,0.0002469135802469,segment_crossing,0.1,5,0.8,0.1777777777777777,0.4285714285714285,3,7
iris,3,10,0.9777777777777776,45,0.9777777777777776,0.0002469135802469,confidence,0.2,9,0.8888888888888888,0.0888888888888889,0.6363636363636364,7,11
iris,3,10,0.9777777777777776,45,0.9777777777777776,0.0002469135802469,segment_crossing,0.2,9,0.8888888888888888,0.0888888888888889,0.6363636363636364,7,11
iris,3,10,0.9777777777777776,45,0.9777777777777776,0.0002469135802469,confidence,0.25,12,0.9166666666666666,0.0611111111111111,0.8461538461538461,11,13
iris,3,10,0.9777777777777776,45,0.9777777777777776,0.0002469135802469,segment_crossing,0.25,12,0.9166666666666666,0.0611111111111111,0.8461538461538461,11,13
iris,3,10,0.9777777777777776,45,0.9777777777777776,0.0002469135802469,confidence,0.4,18,0.9444444444444444,0.0333333333333333,0.7142857142857143,15,21
iris,3,10,0.9777777777777776,45,0.9777777777777776,0.0002469135802469,segment_crossing,0.4,18,0.9444444444444444,0.0333333333333333,0.7142857142857143,15,21
iris,4,1,1.0,45,1.0,0.0,confidence,0.1,5,1.0,0.0,0.6666666666666666,4,6
iris,4,1,1.0,45,1.0,0.0,segment_crossing,0.1,5,1.0,0.0,0.6666666666666666,4,6
iris,4,1,1.0,45,1.0,0.0,confidence,0.2,9,1.0,0.0,0.6363636363636364,7,11
iris,4,1,1.0,45,1.0,0.0,segment_crossing,0.2,9,1.0,0.0,0.6363636363636364,7,11
iris,4,1,1.0,45,1.0,0.0,confidence,0.25,12,1.0,0.0,0.4117647058823529,7,17
iris,4,1,1.0,45,1.0,0.0,segment_crossing,0.25,12,1.0,0.0,0.4117647058823529,7,17
iris,4,1,1.0,45,1.0,0.0,confidence,0.4,18,1.0,0.0,0.3846153846153846,10,26
iris,4,1,1.0,45,1.0,0.0,segment_crossing,0.4,18,1.0,0.0,0.3846153846153846,10,26
iris,4,2,1.0,45,1.0,0.0,confidence,0.1,5,1.0,0.0,0.6666666666666666,4,6
iris,4,2,1.0,45,1.0,0.0,segment_crossing,0.1,5,1.0,0.0,0.6666666666666666,4,6
iris,4,2,1.0,45,1.0,0.0,confidence,0.2,9,1.0,0.0,0.6363636363636364,7,11
iris,4,2,1.0,45,1.0,0.0,segment_crossing,0.2,9,1.0,0.0,0.6363636363636364,7,11
iris,4,2,1.0,45,1.0,0.0,confidence,0.25,12,1.0,0.0,0.4117647058823529,7,17
iris,4,2,1.0,45,1.0,0.0,segment_crossing,0.25,12,1.0,0.0,0.4117647058823529,7,17
iris,4,2,1.0,45,1.0,0.0,confidence,0.4,18,1.0,0.0,0.3846153846153846,10,26
iris,4,2,1.0,45,1.0,0.0,segment_crossing,0.4,18,1.0,0.0,0.3846153846153846,10,26
iris,4,3,1.0,45,1.0,0.0,confidence,0.1,5,1.0,0.0,0.6666666666666666,4,6
iris,4,3,1.0,45,1.0,0.0,segment_crossing,0.1,5,1.0,0.0,0.6666666666666666,4,6
iris,4,3,1.0,45,1.0,0.0,confidence,0.2,9,1.0,0.0,0.6363636363636364,7,11
iris,4,3,1.0,45,1.0,0.0,segment_crossing,0.2,9,1.0,0.0,0.6363636363636364,7,11
iris,4,3,1.0,45,1.0,0.0,confidence,0.25,12,1.0,0.0,0.4117647058823529,7,17
iris,4,3,1.0,45,1.0,0.0,segment_crossing,0.25,12,1.0,0.0,0.4117647058823529,7,17
iris,4,3,1.0,45,1.0,0.0,confidence,0.4,18,1.0,0.0,0.3846153846153846,10,26
iris,4,3,1.0,45,1.0,0.0,segment_crossing,0.4,18,1.0,0.0,0.3846153846153846,10,26
iris,4,5,1.0,45,1.0,0.0,confidence,0.1,5,1.0,0.0,0.6666666666666666,4,6
iris,4,5,1.0,45,1.0,0.0,segment_crossing,0.1,5,1.0,0.0,0.6666666666666666,4,6
iris,4,5,1.0,45,1.0,0.0,confidence,0.2,9,1.0,0.0,0.6363636363636364,7,11
iris,4,5,1.0,45,1.0,0.0,segment_crossing,0.2,9,1.0,0.0,0.6363636363636364,7,11
iris,4,5,1.0,45,1.0,0.0,confidence,0.25,12,1.0,0.0,0.4117647058823529,7,17
iris,4,5,1.0,45,1.0,0.0,segment_crossing,0.25,12,1.0,0.0,0.4117647058823529,7,17
iris,4,5,1.0,45,1.0,0.0,confidence,0.4,18,1.0,0.0,0.3846153846153846,10,26
iris,4,5,1.0,45,1.0,0.0,segment_crossing,0.4,18,1.0,0.0,0.3846153846153846,10,26
iris,4,7,1.0,45,1.0,0.0,confidence,0.1,5,1.0,0.0,0.6666666666666666,4,6
iris,4,7,1.0,45,1.0,0.0,segment_crossing,0.1,5,1.0,0.0,0.6666666666666666,4,6
iris,4,7,1.0,45,1.0,0.0,confidence,0.2,9,1.0,0.0,0.6363636363636364,7,11
iris,4,7,1.0,45,1.0,0.0,segment_crossing,0.2,9,1.0,0.0,0.6363636363636364,7,11
iris,4,7,1.0,45,1.0,0.0,confidence,0.25,12,1.0,0.0,0.4117647058823529,7,17
iris,4,7,1.0,45,1.0,0.0,segment_crossing,0.25,12,1.0,0.0,0.4117647058823529,7,17
iris,4,7,1.0,45,1.0,0.0,confidence,0.4,18,1.0,0.0,0.3846153846153846,10,26
iris,4,7,1.0,45,1.0,0.0,segment_crossing,0.4,18,1.0,0.0,0.3846153846153846,10,26
iris,4,10,1.0,45,1.0,0.0,confidence,0.1,5,1.0,0.0,0.6666666666666666,4,6
iris,4,10,1.0,45,1.0,0.0,segment_crossing,0.1,5,1.0,0.0,0.6666666666666666,4,6
iris,4,10,1.0,45,1.0,0.0,confidence,0.2,9,1.0,0.0,0.6363636363636364,7,11
iris,4,10,1.0,45,1.0,0.0,segment_crossing,0.2,9,1.0,0.0,0.6363636363636364,7,11
iris,4,10,1.0,45,1.0,0.0,confidence,0.25,12,1.0,0.0,0.4117647058823529,7,17
iris,4,10,1.0,45,1.0,0.0,segment_crossing,0.25,12,1.0,0.0,0.4117647058823529,7,17
iris,4,10,1.0,45,1.0,0.0,confidence,0.4,18,1.0,0.0,0.3846153846153846,10,26
iris,4,10,1.0,45,1.0,0.0,segment_crossing,0.4,18,1.0,0.0,0.3846153846153846,10,26
iris,5,1,1.0,45,1.0,0.0,confidence,0.1,5,1.0,0.0,0.6666666666666666,4,6
iris,5,1,1.0,45,1.0,0.0,segment_crossing,0.1,5,1.0,0.0,0.6666666666666666,4,6
iris,5,1,1.0,45,1.0,0.0,confidence,0.2,9,1.0,0.0,0.8,8,10
iris,5,1,1.0,45,1.0,0.0,segment_crossing,0.2,9,1.0,0.0,0.8,8,10
iris,5,1,1.0,45,1.0,0.0,confidence,0.25,12,1.0,0.0,0.7142857142857143,10,14
iris,5,1,1.0,45,1.0,0.0,segment_crossing,0.25,12,1.0,0.0,0.7142857142857143,10,14
iris,5,1,1.0,45,1.0,0.0,confidence,0.4,18,1.0,0.0,0.8,16,20
iris,5,1,1.0,45,1.0,0.0,segment_crossing,0.4,18,1.0,0.0,0.8,16,20
iris,5,2,1.0,45,1.0,0.0,confidence,0.1,5,1.0,0.0,0.6666666666666666,4,6
iris,5,2,1.0,45,1.0,0.0,segment_crossing,0.1,5,1.0,0.0,0.6666666666666666,4,6
iris,5,2,1.0,45,1.0,0.0,confidence,0.2,9,1.0,0.0,0.8,8,10
iris,5,2,1.0,45,1.0,0.0,segment_crossing,0.2,9,1.0,0.0,0.8,8,10
iris,5,2,1.0,45,1.0,0.0,confidence,0.25,12,1.0,0.0,0.7142857142857143,10,14
iris,5,2,1.0,45,1.0,0.0,segment_crossing,0.25,12,1.0,0.0,0.7142857142857143,10,14
iris,5,2,1.0,45,1.0,0.0,confidence,0.4,18,1.0,0.0,0.8,16,20
iris,5,2,1.0,45,1.0,0.0,segment_crossing,0.4,18,1.0,0.0,0.8,16,20
iris,5,3,1.0,45,1.0,0.0,confidence,0.1,5,1.0,0.0,0.6666666666666666,4,6
iris,5,3,1.0,45,1.0,0.0,segment_crossing,0.1,5,1.0,0.0,0.6666666666666666,4,6
iris,5,3,1.0,45,1.0,0.0,confidence,0.2,9,1.0,0.0,0.8,8,10
iris,5,3,1.0,45,1.0,0.0,segment_crossing,0.2,9,1.0,0.0,0.8,8,10
iris,5,3,1.0,45,1.0,0.0,confidence,0.25,12,1.0,0.0,0.7142857142857143,10,14
iris,5,3,1.0,45,1.0,0.0,segment_crossing,0.25,12,1.0,0.0,0.7142857142857143,10,14
iris,5,3,1.0,45,1.0,0.0,confidence,0.4,18,1.0,0.0,0.8,16,20
iris,5,3,1.0,45,1.0,0.0,segment_crossing,0.4,18,1.0,0.0,0.8,16,20
iris,5,5,1.0,45,1.0,0.0,confidence,0.1,5,1.0,0.0,0.6666666666666666,4,6
iris,5,5,1.0,45,1.0,0.0,segment_crossing,0.1,5,1.0,0.0,0.6666666666666666,4,6
iris,5,5,1.0,45,1.0,0.0,confidence,0.2,9,1.0,0.0,0.8,8,10
iris,5,5,1.0,45,1.0,0.0,segment_crossing,0.2,9,1.0,0.0,0.8,8,10
iris,5,5,1.0,45,1.0,0.0,confidence,0.25,12,1.0,0.0,0.7142857142857143,10,14
iris,5,5,1.0,45,1.0,0.0,segment_crossing,0.25,12,1.0,0.0,0.7142857142857143,10,14
iris,5,5,1.0,45,1.0,0.0,confidence,0.4,18,1.0,0.0,0.8,16,20
iris,5,5,1.0,45,1.0,0.0,segment_crossing,0.4,18,1.0,0.0,0.8,16,20
iris,5,7,1.0,45,1.0,0.0,confidence,0.1,5,1.0,0.0,0.6666666666666666,4,6
iris,5,7,1.0,45,1.0,0.0,segment_crossing,0.1,5,1.0,0.0,0.6666666666666666,4,6
iris,5,7,1.0,45,1.0,0.0,confidence,0.2,9,1.0,0.0,0.8,8,10
iris,5,7,1.0,45,1.0,0.0,segment_crossing,0.2,9,1.0,0.0,0.8,8,10
iris,5,7,1.0,45,1.0,0.0,confidence,0.25,12,1.0,0.0,0.7142857142857143,10,14
iris,5,7,1.0,45,1.0,0.0,segment_crossing,0.25,12,1.0,0.0,0.7142857142857143,10,14
iris,5,7,1.0,45,1.0,0.0,confidence,0.4,18,1.0,0.0,0.8,16,20
iris,5,7,1.0,45,1.0,0.0,segment_crossing,0.4,18,1.0,0.0,0.8,16,20
iris,5,10,1.0,45,1.0,0.0,confidence,0.1,5,1.0,0.0,0.6666666666666666,4,6
iris,5,10,1.0,45,1.0,0.0,segment_crossing,0.1,5,1.0,0.0,0.6666666666666666,4,6
iris,5,10,1.0,45,1.0,0.0,confidence,0.2,9,1.0,0.0,0.8,8,10
iris,5,10,1.0,45,1.0,0.0,segment_crossing,0.2,9,1.0,0.0,0.8,8,10
iris,5,10,1.0,45,1.0,0.0,confidence,0.25,12,1.0,0.0,0.7142857142857143,10,14
iris,5,10,1.0,45,1.0,0.0,segment_crossing,0.25,12,1.0,0.0,0.7142857142857143,10,14
iris,5,10,1.0,45,1.0,0.0,confidence,0.4,18,1.0,0.0,0.8,16,20
iris,5,10,1.0,45,1.0,0.0,segment_crossing,0.4,18,1.0,0.0,0.8,16,20
iris,6,1,1.0,45,1.0,0.0,confidence,0.1,5,1.0,0.0,0.6666666666666666,4,6
iris,6,1,1.0,45,1.0,0.0,segment_crossing,0.1,5,1.0,0.0,0.6666666666666666,4,6
iris,6,1,1.0,45,1.0,0.0,confidence,0.2,9,1.0,0.0,0.5,6,12
iris,6,1,1.0,45,1.0,0.0,segment_crossing,0.2,9,1.0,0.0,0.5,6,12
iris,6,1,1.0,45,1.0,0.0,confidence,0.25,12,1.0,0.0,0.4117647058823529,7,17
iris,6,1,1.0,45,1.0,0.0,segment_crossing,0.25,12,1.0,0.0,0.4117647058823529,7,17
iris,6,1,1.0,45,1.0,0.0,confidence,0.4,18,1.0,0.0,0.5,12,24
iris,6,1,1.0,45,1.0,0.0,segment_crossing,0.4,18,1.0,0.0,0.5,12,24
iris,6,2,1.0,45,1.0,0.0,confidence,0.1,5,1.0,0.0,0.6666666666666666,4,6
iris,6,2,1.0,45,1.0,0.0,segment_crossing,0.1,5,1.0,0.0,0.6666666666666666,4,6
iris,6,2,1.0,45,1.0,0.0,confidence,0.2,9,1.0,0.0,0.5,6,12
iris,6,2,1.0,45,1.0,0.0,segment_crossing,0.2,9,1.0,0.0,0.5,6,12
iris,6,2,1.0,45,1.0,0.0,confidence,0.25,12,1.0,0.0,0.4117647058823529,7,17
iris,6,2,1.0,45,1.0,0.0,segment_crossing,0.25,12,1.0,0.0,0.4117647058823529,7,17
iris,6,2,1.0,45,1.0,0.0,confidence,0.4,18,1.0,0.0,0.5,12,24
iris,6,2,1.0,45,1.0,0.0,segment_crossing,0.4,18,1.0,0.0,0.5,12,24
iris,6,3,1.0,45,1.0,0.0,confidence,0.1,5,1.0,0.0,0.6666666666666666,4,6
iris,6,3,1.0,45,1.0,0.0,segment_crossing,0.1,5,1.0,0.0,0.6666666666666666,4,6
iris,6,3,1.0,45,1.0,0.0,confidence,0.2,9,1.0,0.0,0.5,6,12
iris,6,3,1.0,45,1.0,0.0,segment_crossing,0.2,9,1.0,0.0,0.5,6,12
iris,6,3,1.0,45,1.0,0.0,confidence,0.25,12,1.0,0.0,0.4117647058823529,7,17
iris,6,3,1.0,45,1.0,0.0,segment_crossing,0.25,12,1.0,0.0,0.4117647058823529,7,17
iris,6,3,1.0,45,1.0,0.0,confidence,0.4,18,1.0,0.0,0.5,12,24
iris,6,3,1.0,45,1.0,0.0,segment_crossing,0.4,18,1.0,0.0,0.5,12,24
iris,6,5,1.0,45,1.0,0.0,confidence,0.1,5,1.0,0.0,0.6666666666666666,4,6
iris,6,5,1.0,45,1.0,0.0,segment_crossing,0.1,5,1.0,0.0,0.6666666666666666,4,6
iris,6,5,1.0,45,1.0,0.0,confidence,0.2,9,1.0,0.0,0.5,6,12
iris,6,5,1.0,45,1.0,0.0,segment_crossing,0.2,9,1.0,0.0,0.5,6,12
iris,6,5,1.0,45,1.0,0.0,confidence,0.25,12,1.0,0.0,0.4117647058823529,7,17
iris,6,5,1.0,45,1.0,0.0,segment_crossing,0.25,12,1.0,0.0,0.4117647058823529,7,17
iris,6,5,1.0,45,1.0,0.0,confidence,0.4,18,1.0,0.0,0.5,12,24
iris,6,5,1.0,45,1.0,0.0,segment_crossing,0.4,18,1.0,0.0,0.5,12,24
iris,6,7,1.0,45,1.0,0.0,confidence,0.1,5,1.0,0.0,0.6666666666666666,4,6
iris,6,7,1.0,45,1.0,0.0,segment_crossing,0.1,5,1.0,0.0,0.6666666666666666,4,6
iris,6,7,1.0,45,1.0,0.0,confidence,0.2,9,1.0,0.0,0.5,6,12
iris,6,7,1.0,45,1.0,0.0,segment_crossing,0.2,9,1.0,0.0,0.5,6,12
iris,6,7,1.0,45,1.0,0.0,confidence,0.25,12,1.0,0.0,0.4117647058823529,7,17
iris,6,7,1.0,45,1.0,0.0,segment_crossing,0.25,12,1.0,0.0,0.4117647058823529,7,17
iris,6,7,1.0,45,1.0,0.0,confidence,0.4,18,1.0,0.0,0.5,12,24
iris,6,7,1.0,45,1.0,0.0,segment_crossing,0.4,18,1.0,0.0,0.5,12,24
iris,6,10,1.0,45,1.0,0.0,confidence,0.1,5,1.0,0.0,0.6666666666666666,4,6
iris,6,10,1.0,45,1.0,0.0,segment_crossing,0.1,5,1.0,0.0,0.6666666666666666,4,6
iris,6,10,1.0,45,1.0,0.0,confidence,0.2,9,1.0,0.0,0.5,6,12
iris,6,10,1.0,45,1.0,0.0,segment_crossing,0.2,9,1.0,0.0,0.5,6,12
iris,6,10,1.0,45,1.0,0.0,confidence,0.25,12,1.0,0.0,0.4117647058823529,7,17
iris,6,10,1.0,45,1.0,0.0,segment_crossing,0.25,12,1.0,0.0,0.4117647058823529,7,17
iris,6,10,1.0,45,1.0,0.0,confidence,0.4,18,1.0,0.0,0.5,12,24
iris,6,10,1.0,45,1.0,0.0,segment_crossing,0.4,18,1.0,0.0,0.5,12,24
iris,7,1,1.0,45,1.0,0.0,confidence,0.1,5,1.0,0.0,0.25,2,8
iris,7,1,1.0,45,1.0,0.0,segment_crossing,0.1,5,1.0,0.0,0.25,2,8
iris,7,1,1.0,45,1.0,0.0,confidence,0.2,9,1.0,0.0,0.5,6,12
iris,7,1,1.0,45,1.0,0.0,segment_crossing,0.2,9,1.0,0.0,0.5,6,12
iris,7,1,1.0,45,1.0,0.0,confidence,0.25,12,1.0,0.0,0.6,9,15
iris,7,1,1.0,45,1.0,0.0,segment_crossing,0.25,12,1.0,0.0,0.6,9,15
iris,7,1,1.0,45,1.0,0.0,confidence,0.4,18,1.0,0.0,0.5652173913043478,13,23
iris,7,1,1.0,45,1.0,0.0,segment_crossing,0.4,18,1.0,0.0,0.5652173913043478,13,23
iris,7,2,1.0,45,1.0,0.0,confidence,0.1,5,1.0,0.0,0.25,2,8
iris,7,2,1.0,45,1.0,0.0,segment_crossing,0.1,5,1.0,0.0,0.25,2,8
iris,7,2,1.0,45,1.0,0.0,confidence,0.2,9,1.0,0.0,0.5,6,12
iris,7,2,1.0,45,1.0,0.0,segment_crossing,0.2,9,1.0,0.0,0.5,6,12
iris,7,2,1.0,45,1.0,0.0,confidence,0.25,12,1.0,0.0,0.6,9,15
iris,7,2,1.0,45,1.0,0.0,segment_crossing,0.25,12,1.0,0.0,0.6,9,15
iris,7,2,1.0,45,1.0,0.0,confidence,0.4,18,1.0,0.0,0.5652173913043478,13,23
iris,7,2,1.0,45,1.0,0.0,segment_crossing,0.4,18,1.0,0.0,0.5652173913043478,13,23
iris,7,3,1.0,45,1.0,0.0,confidence,0.1,5,1.0,0.0,0.25,2,8
iris,7,3,1.0,45,1.0,0.0,segment_crossing,0.1,5,1.0,0.0,0.25,2,8
iris,7,3,1.0,45,1.0,0.0,confidence,0.2,9,1.0,0.0,0.5,6,12
iris,7,3,1.0,45,1.0,0.0,segment_crossing,0.2,9,1.0,0.0,0.5,6,12
iris,7,3,1.0,45,1.0,0.0,confidence,0.25,12,1.0,0.0,0.6,9,15
iris,7,3,1.0,45,1.0,0.0,segment_crossing,0.25,12,1.0,0.0,0.6,9,15
iris,7,3,1.0,45,1.0,0.0,confidence,0.4,18,1.0,0.0,0.5652173913043478,13,23
iris,7,3,1.0,45,1.0,0.0,segment_crossing,0.4,18,1.0,0.0,0.5652173913043478,13,23
iris,7,5,1.0,45,1.0,0.0,confidence,0.1,5,1.0,0.0,0.25,2,8
iris,7,5,1.0,45,1.0,0.0,segment_crossing,0.1,5,1.0,0.0,0.25,2,8
iris,7,5,1.0,45,1.0,0.0,confidence,0.2,9,1.0,0.0,0.5,6,12
iris,7,5,1.0,45,1.0,0.0,segment_crossing,0.2,9,1.0,0.0,0.5,6,12
iris,7,5,1.0,45,1.0,0.0,confidence,0.25,12,1.0,0.0,0.6,9,15
iris,7,5,1.0,45,1.0,0.0,segment_crossing,0.25,12,1.0,0.0,0.6,9,15
iris,7,5,1.0,45,1.0,0.0,confidence,0.4,18,1.0,0.0,0.5652173913043478,13,23
iris,7,5,1.0,45,1.0,0.0,segment_crossing,0.4,18,1.0,0.0,0.5652173913043478,13,23
iris,7,7,1.0,45,1.0,0.0,confidence,0.1,5,1.0,0.0,0.25,2,8
iris,7,7,1.0,45,1.0,0.0,segment_crossing,0.1,5,1.0,0.0,0.25,2,8
iris,7,7,1.0,45,1.0,0.0,confidence,0.2,9,1.0,0.0,0.5,6,12
iris,7,7,1.0,45,1.0,0.0,segment_crossing,0.2,9,1.0,0.0,0.5,6,12
iris,7,7,1.0,45,1.0,0.0,confidence,0.25,12,1.0,0.0,0.6,9,15
iris,7,7,1.0,45,1.0,0.0,segment_crossing,0.25,12,1.0,0.0,0.6,9,15
iris,7,7,1.0,45,1.0,0.0,confidence,0.4,18,1.0,0.0,0.5652173913043478,13,23
iris,7,7,1.0,45,1.0,0.0,segment_crossing,0.4,18,1.0,0.0,0.5652173913043478,13,23
iris,7,10,1.0,45,1.0,0.0,confidence,0.1,5,1.0,0.0,0.25,2,8
iris,7,10,1.0,45,1.0,0.0,segment_crossing,0.1,5,1.0,0.0,0.25,2,8
iris,7,10,1.0,45,1.0,0.0,confidence,0.2,9,1.0,0.0,0.5,6,12
iris,7,10,1.0,45,1.0,0.0,segment_crossing,0.2,9,1.0,0.0,0.5,6,12
iris,7,10,1.0,45,1.0,0.0,confidence,0.25,12,1.0,0.0,0.6,9,15
iris,7,10,1.0,45,1.0,0.0,segment_crossing,0.25,12,1.0,0.0,0.6,9,15
iris,7,10,1.0,45,1.0,0.0,confidence,0.4,18,1.0,0.0,0.5652173913043478,13,23
iris,7,10,1.0,45,1.0,0.0,segment_crossing,0.4,18,1.0,0.0,0.5652173913043478,13,23
iris,8,1,0.9777777777777776,45,0.9777777777777776,0.0002469135802469,confidence,0.1,5,0.8,0.1777777777777777,1.0,5,5
iris,8,1,0.9777777777777776,45,0.9777777777777776,0.0002469135802469,segment_crossing,0.1,5,0.8,0.1777777777777777,1.0,5,5
iris,8,1,0.9777777777777776,45,0.9777777777777776,0.0002469135802469,confidence,0.2,9,0.8888888888888888,0.0888888888888889,1.0,9,9
iris,8,1,0.9777777777777776,45,0.9777777777777776,0.0002469135802469,segment_crossing,0.2,9,0.8888888888888888,0.0888888888888889,1.0,9,9
iris,8,1,0.9777777777777776,45,0.9777777777777776,0.0002469135802469,confidence,0.25,12,0.9166666666666666,0.0611111111111111,0.8461538461538461,11,13
iris,8,1,0.9777777777777776,45,0.9777777777777776,0.0002469135802469,segment_crossing,0.25,12,0.9166666666666666,0.0611111111111111,0.8461538461538461,11,13
iris,8,1,0.9777777777777776,45,0.9777777777777776,0.0002469135802469,confidence,0.4,18,0.9444444444444444,0.0333333333333333,0.8,16,20
iris,8,1,0.9777777777777776,45,0.9777777777777776,0.0002469135802469,segment_crossing,0.4,18,0.9444444444444444,0.0333333333333333,0.8,16,20
iris,8,2,0.9777777777777776,45,0.9777777777777776,0.0002469135802469,confidence,0.1,5,0.8,0.1777777777777777,1.0,5,5
iris,8,2,0.9777777777777776,45,0.9777777777777776,0.0002469135802469,segment_crossing,0.1,5,0.8,0.1777777777777777,1.0,5,5
iris,8,2,0.9777777777777776,45,0.9777777777777776,0.0002469135802469,confidence,0.2,9,0.8888888888888888,0.0888888888888889,1.0,9,9
iris,8,2,0.9777777777777776,45,0.9777777777777776,0.0002469135802469,segment_crossing,0.2,9,0.8888888888888888,0.0888888888888889,1.0,9,9
iris,8,2,0.9777777777777776,45,0.9777777777777776,0.0002469135802469,confidence,0.25,12,0.9166666666666666,0.0611111111111111,0.8461538461538461,11,13
iris,8,2,0.9777777777777776,45,0.9777777777777776,0.0002469135802469,segment_crossing,0.25,12,0.9166666666666666,0.0611111111111111,0.8461538461538461,11,13
iris,8,2,0.9777777777777776,45,0.9777777777777776,0.0002469135802469,confidence,0.4,18,0.9444444444444444,0.0333333333333333,0.8,16,20
iris,8,2,0.9777777777777776,45,0.9777777777777776,0.0002469135802469,segment_crossing,0.4,18,0.9444444444444444,0.0333333333333333,0.8,16,20
iris,8,3,0.9777777777777776,45,0.9777777777777776,0.0002469135802469,confidence,0.1,5,0.8,0.1777777777777777,1.0,5,5
iris,8,3,0.9777777777777776,45,0.9777777777777776,0.0002469135802469,segment_crossing,0.1,5,0.8,0.1777777777777777,1.0,5,5
iris,8,3,0.9777777777777776,45,0.9777777777777776,0.0002469135802469,confidence,0.2,9,0.8888888888888888,0.0888888888888889,1.0,9,9
iris,8,3,0.9777777777777776,45,0.9777777777777776,0.0002469135802469,segment_crossing,0.2,9,0.8888888888888888,0.0888888888888889,1.0,9,9
iris,8,3,0.9777777777777776,45,0.9777777777777776,0.0002469135802469,confidence,0.25,12,0.9166666666666666,0.0611111111111111,0.8461538461538461,11,13
iris,8,3,0.9777777777777776,45,0.9777777777777776,0.0002469135802469,segment_crossing,0.25,12,0.9166666666666666,0.0611111111111111,0.8461538461538461,11,13
iris,8,3,0.9777777777777776,45,0.9777777777777776,0.0002469135802469,confidence,0.4,18,0.9444444444444444,0.0333333333333333,0.8,16,20
iris,8,3,0.9777777777777776,45,0.9777777777777776,0.0002469135802469,segment_crossing,0.4,18,0.9444444444444444,0.0333333333333333,0.8,16,20
iris,8,5,0.9777777777777776,45,0.9777777777777776,0.0002469135802469,confidence,0.1,5,0.8,0.1777777777777777,1.0,5,5
iris,8,5,0.9777777777777776,45,0.9777777777777776,0.0002469135802469,segment_crossing,0.1,5,0.8,0.1777777777777777,1.0,5,5
iris,8,5,0.9777777777777776,45,0.9777777777777776,0.0002469135802469,confidence,0.2,9,0.8888888888888888,0.0888888888888889,1.0,9,9
iris,8,5,0.9777777777777776,45,0.9777777777777776,0.0002469135802469,segment_crossing,0.2,9,0.8888888888888888,0.0888888888888889,1.0,9,9
iris,8,5,0.9777777777777776,45,0.9777777777777776,0.0002469135802469,confidence,0.25,12,0.9166666666666666,0.0611111111111111,0.8461538461538461,11,13
iris,8,5,0.9777777777777776,45,0.9777777777777776,0.0002469135802469,segment_crossing,0.25,12,0.9166666666666666,0.0611111111111111,0.8461538461538461,11,13
iris,8,5,0.9777777777777776,45,0.9777777777777776,0.0002469135802469,confidence,0.4,18,0.9444444444444444,0.0333333333333333,0.8,16,20
iris,8,5,0.9777777777777776,45,0.9777777777777776,0.0002469135802469,segment_crossing,0.4,18,0.9444444444444444,0.0333333333333333,0.8,16,20
iris,8,7,0.9777777777777776,45,0.9777777777777776,0.0002469135802469,confidence,0.1,5,0.8,0.1777777777777777,1.0,5,5
iris,8,7,0.9777777777777776,45,0.9777777777777776,0.0002469135802469,segment_crossing,0.1,5,0.8,0.1777777777777777,1.0,5,5
iris,8,7,0.9777777777777776,45,0.9777777777777776,0.0002469135802469,confidence,0.2,9,0.8888888888888888,0.0888888888888889,1.0,9,9
iris,8,7,0.9777777777777776,45,0.9777777777777776,0.0002469135802469,segment_crossing,0.2,9,0.8888888888888888,0.0888888888888889,1.0,9,9
iris,8,7,0.9777777777777776,45,0.9777777777777776,0.0002469135802469,confidence,0.25,12,0.9166666666666666,0.0611111111111111,0.8461538461538461,11,13
iris,8,7,0.9777777777777776,45,0.9777777777777776,0.0002469135802469,segment_crossing,0.25,12,0.9166666666666666,0.0611111111111111,0.8461538461538461,11,13
iris,8,7,0.9777777777777776,45,0.9777777777777776,0.0002469135802469,confidence,0.4,18,0.9444444444444444,0.0333333333333333,0.8,16,20
iris,8,7,0.9777777777777776,45,0.9777777777777776,0.0002469135802469,segment_crossing,0.4,18,0.9444444444444444,0.0333333333333333,0.8,16,20
iris,8,10,0.9777777777777776,45,0.9777777777777776,0.0002469135802469,confidence,0.1,5,0.8,0.1777777777777777,1.0,5,5
iris,8,10,0.9777777777777776,45,0.9777777777777776,0.0002469135802469,segment_crossing,0.1,5,0.8,0.1777777777777777,1.0,5,5
iris,8,10,0.9777777777777776,45,0.9777777777777776,0.0002469135802469,confidence,0.2,9,0.8888888888888888,0.0888888888888889,1.0,9,9
iris,8,10,0.9777777777777776,45,0.9777777777777776,0.0002469135802469,segment_crossing,0.2,9,0.8888888888888888,0.0888888888888889,1.0,9,9
iris,8,10,0.9777777777777776,45,0.9777777777777776,0.0002469135802469,confidence,0.25,12,0.9166666666666666,0.0611111111111111,0.8461538461538461,11,13
iris,8,10,0.9777777777777776,45,0.9777777777777776,0.0002469135802469,segment_crossing,0.25,12,0.9166666666666666,0.0611111111111111,0.8461538461538461,11,13
iris,8,10,0.9777777777777776,45,0.9777777777777776,0.0002469135802469,confidence,0.4,18,0.9444444444444444,0.0333333333333333,0.8,16,20
iris,8,10,0.9777777777777776,45,0.9777777777777776,0.0002469135802469,segment_crossing,0.4,18,0.9444444444444444,0.0333333333333333,0.8,16,20
iris,9,1,1.0,45,1.0,0.0,confidence,0.1,5,1.0,0.0,0.6666666666666666,4,6
iris,9,1,1.0,45,1.0,0.0,segment_crossing,0.1,5,1.0,0.0,0.6666666666666666,4,6
iris,9,1,1.0,45,1.0,0.0,confidence,0.2,9,1.0,0.0,0.6363636363636364,7,11
iris,9,1,1.0,45,1.0,0.0,segment_crossing,0.2,9,1.0,0.0,0.6363636363636364,7,11
iris,9,1,1.0,45,1.0,0.0,confidence,0.25,12,1.0,0.0,0.7142857142857143,10,14
iris,9,1,1.0,45,1.0,0.0,segment_crossing,0.25,12,1.0,0.0,0.7142857142857143,10,14
iris,9,1,1.0,45,1.0,0.0,confidence,0.4,18,1.0,0.0,0.7142857142857143,15,21
iris,9,1,1.0,45,1.0,0.0,segment_crossing,0.4,18,1.0,0.0,0.7142857142857143,15,21
iris,9,2,1.0,45,1.0,0.0,confidence,0.1,5,1.0,0.0,0.6666666666666666,4,6
iris,9,2,1.0,45,1.0,0.0,segment_crossing,0.1,5,1.0,0.0,0.6666666666666666,4,6
iris,9,2,1.0,45,1.0,0.0,confidence,0.2,9,1.0,0.0,0.6363636363636364,7,11
iris,9,2,1.0,45,1.0,0.0,segment_crossing,0.2,9,1.0,0.0,0.6363636363636364,7,11
iris,9,2,1.0,45,1.0,0.0,confidence,0.25,12,1.0,0.0,0.7142857142857143,10,14
iris,9,2,1.0,45,1.0,0.0,segment_crossing,0.25,12,1.0,0.0,0.7142857142857143,10,14
iris,9,2,1.0,45,1.0,0.0,confidence,0.4,18,1.0,0.0,0.7142857142857143,15,21
iris,9,2,1.0,45,1.0,0.0,segment_crossing,0.4,18,1.0,0.0,0.7142857142857143,15,21
iris,9,3,1.0,45,1.0,0.0,confidence,0.1,5,1.0,0.0,0.6666666666666666,4,6
iris,9,3,1.0,45,1.0,0.0,segment_crossing,0.1,5,1.0,0.0,0.6666666666666666,4,6
iris,9,3,1.0,45,1.0,0.0,confidence,0.2,9,1.0,0.0,0.6363636363636364,7,11
iris,9,3,1.0,45,1.0,0.0,segment_crossing,0.2,9,1.0,0.0,0.6363636363636364,7,11
iris,9,3,1.0,45,1.0,0.0,confidence,0.25,12,1.0,0.0,0.7142857142857143,10,14
iris,9,3,1.0,45,1.0,0.0,segment_crossing,0.25,12,1.0,0.0,0.7142857142857143,10,14
iris,9,3,1.0,45,1.0,0.0,confidence,0.4,18,1.0,0.0,0.7142857142857143,15,21
iris,9,3,1.0,45,1.0,0.0,segment_crossing,0.4,18,1.0,0.0,0.7142857142857143,15,21
iris,9,5,1.0,45,1.0,0.0,confidence,0.1,5,1.0,0.0,0.6666666666666666,4,6
iris,9,5,1.0,45,1.0,0.0,segment_crossing,0.1,5,1.0,0.0,0.6666666666666666,4,6
iris,9,5,1.0,45,1.0,0.0,confidence,0.2,9,1.0,0.0,0.6363636363636364,7,11
iris,9,5,1.0,45,1.0,0.0,segment_crossing,0.2,9,1.0,0.0,0.6363636363636364,7,11
iris,9,5,1.0,45,1.0,0.0,confidence,0.25,12,1.0,0.0,0.7142857142857143,10,14
iris,9,5,1.0,45,1.0,0.0,segment_crossing,0.25,12,1.0,0.0,0.7142857142857143,10,14
iris,9,5,1.0,45,1.0,0.0,confidence,0.4,18,1.0,0.0,0.7142857142857143,15,21
iris,9,5,1.0,45,1.0,0.0,segment_crossing,0.4,18,1.0,0.0,0.7142857142857143,15,21
iris,9,7,1.0,45,1.0,0.0,confidence,0.1,5,1.0,0.0,0.6666666666666666,4,6
iris,9,7,1.0,45,1.0,0.0,segment_crossing,0.1,5,1.0,0.0,0.6666666666666666,4,6
iris,9,7,1.0,45,1.0,0.0,confidence,0.2,9,1.0,0.0,0.6363636363636364,7,11
iris,9,7,1.0,45,1.0,0.0,segment_crossing,0.2,9,1.0,0.0,0.6363636363636364,7,11
iris,9,7,1.0,45,1.0,0.0,confidence,0.25,12,1.0,0.0,0.7142857142857143,10,14
iris,9,7,1.0,45,1.0,0.0,segment_crossing,0.25,12,1.0,0.0,0.7142857142857143,10,14
iris,9,7,1.0,45,1.0,0.0,confidence,0.4,18,1.0,0.0,0.7142857142857143,15,21
iris,9,7,1.0,45,1.0,0.0,segment_crossing,0.4,18,1.0,0.0,0.7142857142857143,15,21
iris,9,10,1.0,45,1.0,0.0,confidence,0.1,5,1.0,0.0,0.6666666666666666,4,6
iris,9,10,1.0,45,1.0,0.0,segment_crossing,0.1,5,1.0,0.0,0.6666666666666666,4,6
iris,9,10,1.0,45,1.0,0.0,confidence,0.2,9,1.0,0.0,0.6363636363636364,7,11
iris,9,10,1.0,45,1.0,0.0,segment_crossing,0.2,9,1.0,0.0,0.6363636363636364,7,11
iris,9,10,1.0,45,1.0,0.0,confidence,0.25,12,1.0,0.0,0.7142857142857143,10,14
iris,9,10,1.0,45,1.0,0.0,segment_crossing,0.25,12,1.0,0.0,0.7142857142857143,10,14
iris,9,10,1.0,45,1.0,0.0,confidence,0.4,18,1.0,0.0,0.7142857142857143,15,21
iris,9,10,1.0,45,1.0,0.0,segment_crossing,0.4,18,1.0,0.0,0.7142857142857143,15,21
wine,0,1,1.0,54,0.9074074074074074,0.0335220654837708,confidence,0.1,6,0.6666666666666666,0.2407407407407408,0.7142857142857143,5,7
wine,0,1,1.0,54,0.9074074074074074,0.0335220654837708,segment_crossing,0.1,6,0.6666666666666666,0.2407407407407408,0.7142857142857143,5,7
wine,0,1,1.0,54,0.9074074074074074,0.0335220654837708,confidence,0.2,11,0.8181818181818182,0.0892255892255892,1.0,11,11
wine,0,1,1.0,54,0.9074074074074074,0.0335220654837708,segment_crossing,0.2,11,0.8181818181818182,0.0892255892255892,1.0,11,11
wine,0,1,1.0,54,0.9074074074074074,0.0335220654837708,confidence,0.25,14,0.8571428571428571,0.0502645502645503,0.6470588235294118,11,17
wine,0,1,1.0,54,0.9074074074074074,0.0335220654837708,segment_crossing,0.25,14,0.8571428571428571,0.0502645502645503,0.6470588235294118,11,17
wine,0,1,1.0,54,0.9074074074074074,0.0335220654837708,confidence,0.4,22,0.8636363636363636,0.0437710437710437,0.5714285714285714,16,28
wine,0,1,1.0,54,0.9074074074074074,0.0335220654837708,segment_crossing,0.4,22,0.8636363636363636,0.0437710437710437,0.5714285714285714,16,28
wine,0,2,1.0,54,0.9444444444444444,0.0022885742302439,confidence,0.1,6,0.5,0.4444444444444444,0.7142857142857143,5,7
wine,0,2,1.0,54,0.9444444444444444,0.0022885742302439,segment_crossing,0.1,6,0.5,0.4444444444444444,0.7142857142857143,5,7
wine,0,2,1.0,54,0.9444444444444444,0.0022885742302439,confidence,0.2,11,0.7272727272727273,0.2171717171717171,1.0,11,11
wine,0,2,1.0,54,0.9444444444444444,0.0022885742302439,segment_crossing,0.2,11,0.7272727272727273,0.2171717171717171,1.0,11,11
wine,0,2,1.0,54,0.9444444444444444,0.0022885742302439,confidence,0.25,14,0.7857142857142857,0.1587301587301587,0.6470588235294118,11,17
wine,0,2,1.0,54,0.9444444444444444,0.0022885742302439,segment_crossing,0.25,14,0.7857142857142857,0.1587301587301587,0.6470588235294118,11,17
wine,0,2,1.0,54,0.9444444444444444,0.0022885742302439,confidence,0.4,22,0.8636363636363636,0.0808080808080807,0.5714285714285714,16,28
wine,0,2,1.0,54,0.9444444444444444,0.0022885742302439,segment_crossing,0.4,22,0.8636363636363636,0.0808080808080807,0.5714285714285714,16,28
wine,0,3,1.0,54,0.9444444444444444,0.0022885742302439,confidence,0.1,6,0.5,0.4444444444444444,0.7142857142857143,5,7
wine,0,3,1.0,54,0.9444444444444444,0.0022885742302439,segment_crossing,0.1,6,0.5,0.4444444444444444,0.7142857142857143,5,7
wine,0,3,1.0,54,0.9444444444444444,0.0022885742302439,confidence,0.2,11,0.7272727272727273,0.2171717171717171,1.0,11,11
wine,0,3,1.0,54,0.9444444444444444,0.0022885742302439,segment_crossing,0.2,11,0.7272727272727273,0.2171717171717171,1.0,11,11
wine,0,3,1.0,54,0.9444444444444444,0.0022885742302439,confidence,0.25,14,0.7857142857142857,0.1587301587301587,0.6470588235294118,11,17
wine,0,3,1.0,54,0.9444444444444444,0.0022885742302439,segment_crossing,0.25,14,0.7857142857142857,0.1587301587301587,0.6470588235294118,11,17
wine,0,3,1.0,54,0.9444444444444444,0.0022885742302439,confidence,0.4,22,0.8636363636363636,0.0808080808080807,0.5714285714285714,16,28
wine,0,3,1.0,54,0.9444444444444444,0.0022885742302439,segment_crossing,0.4,22,0.8636363636363636,0.0808080808080807,0.5714285714285714,16,28
wine,0,5,1.0,54,0.9444444444444444,0.0022885742302439,confidence,0.1,6,0.5,0.4444444444444444,0.7142857142857143,5,7
wine,0,5,1.0,54,0.9444444444444444,0.0022885742302439,segment_crossing,0.1,6,0.5,0.4444444444444444,0.7142857142857143,5,7
wine,0,5,1.0,54,0.9444444444444444,0.0022885742302439,confidence,0.2,11,0.7272727272727273,0.2171717171717171,1.0,11,11
wine,0,5,1.0,54,0.9444444444444444,0.0022885742302439,segment_crossing,0.2,11,0.7272727272727273,0.2171717171717171,1.0,11,11
wine,0,5,1.0,54,0.9444444444444444,0.0022885742302439,confidence,0.25,14,0.7857142857142857,0.1587301587301587,0.6470588235294118,11,17
wine,0,5,1.0,54,0.9444444444444444,0.0022885742302439,segment_crossing,0.25,14,0.7857142857142857,0.1587301587301587,0.6470588235294118,11,17
wine,0,5,1.0,54,0.9444444444444444,0.0022885742302439,confidence,0.4,22,0.8636363636363636,0.0808080808080807,0.5714285714285714,16,28
wine,0,5,1.0,54,0.9444444444444444,0.0022885742302439,segment_crossing,0.4,22,0.8636363636363636,0.0808080808080807,0.5714285714285714,16,28
wine,0,7,1.0,54,0.9444444444444444,0.0022885742302439,confidence,0.1,6,0.5,0.4444444444444444,0.7142857142857143,5,7
wine,0,7,1.0,54,0.9444444444444444,0.0022885742302439,segment_crossing,0.1,6,0.5,0.4444444444444444,0.7142857142857143,5,7
wine,0,7,1.0,54,0.9444444444444444,0.0022885742302439,confidence,0.2,11,0.7272727272727273,0.2171717171717171,1.0,11,11
wine,0,7,1.0,54,0.9444444444444444,0.0022885742302439,segment_crossing,0.2,11,0.7272727272727273,0.2171717171717171,1.0,11,11
wine,0,7,1.0,54,0.9444444444444444,0.0022885742302439,confidence,0.25,14,0.7857142857142857,0.1587301587301587,0.6470588235294118,11,17
wine,0,7,1.0,54,0.9444444444444444,0.0022885742302439,segment_crossing,0.25,14,0.7857142857142857,0.1587301587301587,0.6470588235294118,11,17
wine,0,7,1.0,54,0.9444444444444444,0.0022885742302439,confidence,0.4,22,0.8636363636363636,0.0808080808080807,0.5714285714285714,16,28
wine,0,7,1.0,54,0.9444444444444444,0.0022885742302439,segment_crossing,0.4,22,0.8636363636363636,0.0808080808080807,0.5714285714285714,16,28
wine,0,10,1.0,54,0.9444444444444444,0.0022885742302439,confidence,0.1,6,0.5,0.4444444444444444,0.7142857142857143,5,7
wine,0,10,1.0,54,0.9444444444444444,0.0022885742302439,segment_crossing,0.1,6,0.5,0.4444444444444444,0.7142857142857143,5,7
wine,0,10,1.0,54,0.9444444444444444,0.0022885742302439,confidence,0.2,11,0.7272727272727273,0.2171717171717171,1.0,11,11
wine,0,10,1.0,54,0.9444444444444444,0.0022885742302439,segment_crossing,0.2,11,0.7272727272727273,0.2171717171717171,1.0,11,11
wine,0,10,1.0,54,0.9444444444444444,0.0022885742302439,confidence,0.25,14,0.7857142857142857,0.1587301587301587,0.6470588235294118,11,17
wine,0,10,1.0,54,0.9444444444444444,0.0022885742302439,segment_crossing,0.25,14,0.7857142857142857,0.1587301587301587,0.6470588235294118,11,17
wine,0,10,1.0,54,0.9444444444444444,0.0022885742302439,confidence,0.4,22,0.8636363636363636,0.0808080808080807,0.5714285714285714,16,28
wine,0,10,1.0,54,0.9444444444444444,0.0022885742302439,segment_crossing,0.4,22,0.8636363636363636,0.0808080808080807,0.5714285714285714,16,28
wine,1,1,0.9814814814814816,54,0.9444444444444444,0.0406836098160266,confidence,0.1,6,1.0,-0.0555555555555555,0.7142857142857143,5,7
wine,1,1,0.9814814814814816,54,0.9444444444444444,0.0406836098160266,segment_crossing,0.1,6,1.0,-0.0555555555555555,0.7142857142857143,5,7
wine,1,1,0.9814814814814816,54,0.9444444444444444,0.0406836098160266,confidence,0.2,11,0.9090909090909092,0.0353535353535353,0.5714285714285714,8,14
wine,1,1,0.9814814814814816,54,0.9444444444444444,0.0406836098160266,segment_crossing,0.2,11,1.0,-0.0555555555555555,0.5714285714285714,8,14
wine,1,1,0.9814814814814816,54,0.9444444444444444,0.0406836098160266,confidence,0.25,14,0.9285714285714286,0.0158730158730158,0.6470588235294118,11,17
wine,1,1,0.9814814814814816,54,0.9444444444444444,0.0406836098160266,segment_crossing,0.25,14,1.0,-0.0555555555555555,0.6470588235294118,11,17
wine,1,1,0.9814814814814816,54,0.9444444444444444,0.0406836098160266,confidence,0.4,22,0.9545454545454546,-0.0101010101010101,0.4666666666666667,14,30
wine,1,1,0.9814814814814816,54,0.9444444444444444,0.0406836098160266,segment_crossing,0.4,22,0.9090909090909092,0.0353535353535353,0.4666666666666667,14,30
wine,1,2,0.9814814814814816,54,0.9814814814814816,0.0027682201573871,confidence,0.1,6,1.0,-0.0185185185185184,0.7142857142857143,5,7
wine,1,2,0.9814814814814816,54,0.9814814814814816,0.0027682201573871,segment_crossing,0.1,6,1.0,-0.0185185185185184,0.7142857142857143,5,7
wine,1,2,0.9814814814814816,54,0.9814814814814816,0.0027682201573871,confidence,0.2,11,0.9090909090909092,0.0723905723905724,0.5714285714285714,8,14
wine,1,2,0.9814814814814816,54,0.9814814814814816,0.0027682201573871,segment_crossing,0.2,11,1.0,-0.0185185185185184,0.5714285714285714,8,14
wine,1,2,0.9814814814814816,54,0.9814814814814816,0.0027682201573871,confidence,0.25,14,0.9285714285714286,0.0529100529100529,0.6470588235294118,11,17
wine,1,2,0.9814814814814816,54,0.9814814814814816,0.0027682201573871,segment_crossing,0.25,14,1.0,-0.0185185185185184,0.6470588235294118,11,17
wine,1,2,0.9814814814814816,54,0.9814814814814816,0.0027682201573871,confidence,0.4,22,0.9545454545454546,0.0269360269360269,0.4666666666666667,14,30
wine,1,2,0.9814814814814816,54,0.9814814814814816,0.0027682201573871,segment_crossing,0.4,22,0.9545454545454546,0.0269360269360269,0.4666666666666667,14,30
wine,1,3,0.9814814814814816,54,0.9629629629629628,0.0069369239204485,confidence,0.1,6,0.8333333333333334,0.1296296296296295,0.7142857142857143,5,7
wine,1,3,0.9814814814814816,54,0.9629629629629628,0.0069369239204485,segment_crossing,0.1,6,0.8333333333333334,0.1296296296296295,0.7142857142857143,5,7
wine,1,3,0.9814814814814816,54,0.9629629629629628,0.0069369239204485,confidence,0.2,11,0.9090909090909092,0.0538720538720538,0.5714285714285714,8,14
wine,1,3,0.9814814814814816,54,0.9629629629629628,0.0069369239204485,segment_crossing,0.2,11,0.8181818181818182,0.1447811447811446,0.5714285714285714,8,14
wine,1,3,0.9814814814814816,54,0.9629629629629628,0.0069369239204485,confidence,0.25,14,0.8571428571428571,0.1058201058201058,0.6470588235294118,11,17
wine,1,3,0.9814814814814816,54,0.9629629629629628,0.0069369239204485,segment_crossing,0.25,14,0.8571428571428571,0.1058201058201058,0.6470588235294118,11,17
wine,1,3,0.9814814814814816,54,0.9629629629629628,0.0069369239204485,confidence,0.4,22,0.9090909090909092,0.0538720538720538,0.4666666666666667,14,30
wine,1,3,0.9814814814814816,54,0.9629629629629628,0.0069369239204485,segment_crossing,0.4,22,0.9090909090909092,0.0538720538720538,0.4666666666666667,14,30
wine,1,5,0.9814814814814816,54,0.9629629629629628,0.0069369239204485,confidence,0.1,6,0.8333333333333334,0.1296296296296295,0.7142857142857143,5,7
wine,1,5,0.9814814814814816,54,0.9629629629629628,0.0069369239204485,segment_crossing,0.1,6,0.8333333333333334,0.1296296296296295,0.7142857142857143,5,7
wine,1,5,0.9814814814814816,54,0.9629629629629628,0.0069369239204485,confidence,0.2,11,0.9090909090909092,0.0538720538720538,0.5714285714285714,8,14
wine,1,5,0.9814814814814816,54,0.9629629629629628,0.0069369239204485,segment_crossing,0.2,11,0.8181818181818182,0.1447811447811446,0.5714285714285714,8,14
wine,1,5,0.9814814814814816,54,0.9629629629629628,0.0069369239204485,confidence,0.25,14,0.8571428571428571,0.1058201058201058,0.6470588235294118,11,17
wine,1,5,0.9814814814814816,54,0.9629629629629628,0.0069369239204485,segment_crossing,0.25,14,0.8571428571428571,0.1058201058201058,0.6470588235294118,11,17
wine,1,5,0.9814814814814816,54,0.9629629629629628,0.0069369239204485,confidence,0.4,22,0.9090909090909092,0.0538720538720538,0.4666666666666667,14,30
wine,1,5,0.9814814814814816,54,0.9629629629629628,0.0069369239204485,segment_crossing,0.4,22,0.9090909090909092,0.0538720538720538,0.4666666666666667,14,30
wine,1,7,0.9814814814814816,54,0.9629629629629628,0.0069369239204485,confidence,0.1,6,0.8333333333333334,0.1296296296296295,0.7142857142857143,5,7
wine,1,7,0.9814814814814816,54,0.9629629629629628,0.0069369239204485,segment_crossing,0.1,6,0.8333333333333334,0.1296296296296295,0.7142857142857143,5,7
wine,1,7,0.9814814814814816,54,0.9629629629629628,0.0069369239204485,confidence,0.2,11,0.9090909090909092,0.0538720538720538,0.5714285714285714,8,14
wine,1,7,0.9814814814814816,54,0.9629629629629628,0.0069369239204485,segment_crossing,0.2,11,0.8181818181818182,0.1447811447811446,0.5714285714285714,8,14
wine,1,7,0.9814814814814816,54,0.9629629629629628,0.0069369239204485,confidence,0.25,14,0.8571428571428571,0.1058201058201058,0.6470588235294118,11,17
wine,1,7,0.9814814814814816,54,0.9629629629629628,0.0069369239204485,segment_crossing,0.25,14,0.8571428571428571,0.1058201058201058,0.6470588235294118,11,17
wine,1,7,0.9814814814814816,54,0.9629629629629628,0.0069369239204485,confidence,0.4,22,0.9090909090909092,0.0538720538720538,0.4666666666666667,14,30
wine,1,7,0.9814814814814816,54,0.9629629629629628,0.0069369239204485,segment_crossing,0.4,22,0.9090909090909092,0.0538720538720538,0.4666666666666667,14,30
wine,1,10,0.9814814814814816,54,0.9629629629629628,0.0069369239204485,confidence,0.1,6,0.8333333333333334,0.1296296296296295,0.7142857142857143,5,7
wine,1,10,0.9814814814814816,54,0.9629629629629628,0.0069369239204485,segment_crossing,0.1,6,0.8333333333333334,0.1296296296296295,0.7142857142857143,5,7
wine,1,10,0.9814814814814816,54,0.9629629629629628,0.0069369239204485,confidence,0.2,11,0.9090909090909092,0.0538720538720538,0.5714285714285714,8,14
wine,1,10,0.9814814814814816,54,0.9629629629629628,0.0069369239204485,segment_crossing,0.2,11,0.8181818181818182,0.1447811447811446,0.5714285714285714,8,14
wine,1,10,0.9814814814814816,54,0.9629629629629628,0.0069369239204485,confidence,0.25,14,0.8571428571428571,0.1058201058201058,0.6470588235294118,11,17
wine,1,10,0.9814814814814816,54,0.9629629629629628,0.0069369239204485,segment_crossing,0.25,14,0.8571428571428571,0.1058201058201058,0.6470588235294118,11,17
wine,1,10,0.9814814814814816,54,0.9629629629629628,0.0069369239204485,confidence,0.4,22,0.9090909090909092,0.0538720538720538,0.4666666666666667,14,30
wine,1,10,0.9814814814814816,54,0.9629629629629628,0.0069369239204485,segment_crossing,0.4,22,0.9090909090909092,0.0538720538720538,0.4666666666666667,14,30
wine,2,1,1.0,54,0.925925925925926,0.0155032922412392,confidence,0.1,6,0.6666666666666666,0.2592592592592593,0.7142857142857143,5,7
wine,2,1,1.0,54,0.925925925925926,0.0155032922412392,segment_crossing,0.1,6,0.6666666666666666,0.2592592592592593,0.7142857142857143,5,7
wine,2,1,1.0,54,0.925925925925926,0.0155032922412392,confidence,0.2,11,0.8181818181818182,0.1077441077441077,0.8333333333333334,10,12
wine,2,1,1.0,54,0.925925925925926,0.0155032922412392,segment_crossing,0.2,11,0.8181818181818182,0.1077441077441077,0.8333333333333334,10,12
wine,2,1,1.0,54,0.925925925925926,0.0155032922412392,confidence,0.25,14,0.8571428571428571,0.0687830687830688,0.8666666666666667,13,15
wine,2,1,1.0,54,0.925925925925926,0.0155032922412392,segment_crossing,0.25,14,0.8571428571428571,0.0687830687830688,0.8666666666666667,13,15
wine,2,1,1.0,54,0.925925925925926,0.0155032922412392,confidence,0.4,22,0.8181818181818182,0.1077441077441077,0.6296296296296297,17,27
wine,2,1,1.0,54,0.925925925925926,0.0155032922412392,segment_crossing,0.4,22,0.8636363636363636,0.0622895622895622,0.6296296296296297,17,27
wine,2,2,1.0,54,0.9629629629629628,0.0028654057859115,confidence,0.1,6,0.6666666666666666,0.2962962962962963,0.7142857142857143,5,7
wine,2,2,1.0,54,0.9629629629629628,0.0028654057859115,segment_crossing,0.1,6,0.8333333333333334,0.1296296296296295,0.7142857142857143,5,7
wine,2,2,1.0,54,0.9629629629629628,0.0028654057859115,confidence,0.2,11,0.8181818181818182,0.1447811447811446,0.8333333333333334,10,12
wine,2,2,1.0,54,0.9629629629629628,0.0028654057859115,segment_crossing,0.2,11,0.8181818181818182,0.1447811447811446,0.8333333333333334,10,12
wine,2,2,1.0,54,0.9629629629629628,0.0028654057859115,confidence,0.25,14,0.8571428571428571,0.1058201058201058,0.8666666666666667,13,15
wine,2,2,1.0,54,0.9629629629629628,0.0028654057859115,segment_crossing,0.25,14,0.8571428571428571,0.1058201058201058,0.8666666666666667,13,15
wine,2,2,1.0,54,0.9629629629629628,0.0028654057859115,confidence,0.4,22,0.9090909090909092,0.0538720538720538,0.6296296296296297,17,27
wine,2,2,1.0,54,0.9629629629629628,0.0028654057859115,segment_crossing,0.4,22,0.9090909090909092,0.0538720538720538,0.6296296296296297,17,27
wine,2,3,1.0,54,0.9629629629629628,0.0028654057859115,confidence,0.1,6,0.6666666666666666,0.2962962962962963,0.7142857142857143,5,7
wine,2,3,1.0,54,0.9629629629629628,0.0028654057859115,segment_crossing,0.1,6,0.8333333333333334,0.1296296296296295,0.7142857142857143,5,7
wine,2,3,1.0,54,0.9629629629629628,0.0028654057859115,confidence,0.2,11,0.8181818181818182,0.1447811447811446,0.8333333333333334,10,12
wine,2,3,1.0,54,0.9629629629629628,0.0028654057859115,segment_crossing,0.2,11,0.8181818181818182,0.1447811447811446,0.8333333333333334,10,12
wine,2,3,1.0,54,0.9629629629629628,0.0028654057859115,confidence,0.25,14,0.8571428571428571,0.1058201058201058,0.8666666666666667,13,15
wine,2,3,1.0,54,0.9629629629629628,0.0028654057859115,segment_crossing,0.25,14,0.8571428571428571,0.1058201058201058,0.8666666666666667,13,15
wine,2,3,1.0,54,0.9629629629629628,0.0028654057859115,confidence,0.4,22,0.9090909090909092,0.0538720538720538,0.6296296296296297,17,27
wine,2,3,1.0,54,0.9629629629629628,0.0028654057859115,segment_crossing,0.4,22,0.9090909090909092,0.0538720538720538,0.6296296296296297,17,27
wine,2,5,1.0,54,0.9629629629629628,0.0028654057859115,confidence,0.1,6,0.6666666666666666,0.2962962962962963,0.7142857142857143,5,7
wine,2,5,1.0,54,0.9629629629629628,0.0028654057859115,segment_crossing,0.1,6,0.8333333333333334,0.1296296296296295,0.7142857142857143,5,7
wine,2,5,1.0,54,0.9629629629629628,0.0028654057859115,confidence,0.2,11,0.8181818181818182,0.1447811447811446,0.8333333333333334,10,12
wine,2,5,1.0,54,0.9629629629629628,0.0028654057859115,segment_crossing,0.2,11,0.8181818181818182,0.1447811447811446,0.8333333333333334,10,12
wine,2,5,1.0,54,0.9629629629629628,0.0028654057859115,confidence,0.25,14,0.8571428571428571,0.1058201058201058,0.8666666666666667,13,15
wine,2,5,1.0,54,0.9629629629629628,0.0028654057859115,segment_crossing,0.25,14,0.8571428571428571,0.1058201058201058,0.8666666666666667,13,15
wine,2,5,1.0,54,0.9629629629629628,0.0028654057859115,confidence,0.4,22,0.9090909090909092,0.0538720538720538,0.6296296296296297,17,27
wine,2,5,1.0,54,0.9629629629629628,0.0028654057859115,segment_crossing,0.4,22,0.9090909090909092,0.0538720538720538,0.6296296296296297,17,27
wine,2,7,1.0,54,0.9629629629629628,0.0028654057859115,confidence,0.1,6,0.6666666666666666,0.2962962962962963,0.7142857142857143,5,7
wine,2,7,1.0,54,0.9629629629629628,0.0028654057859115,segment_crossing,0.1,6,0.8333333333333334,0.1296296296296295,0.7142857142857143,5,7
wine,2,7,1.0,54,0.9629629629629628,0.0028654057859115,confidence,0.2,11,0.8181818181818182,0.1447811447811446,0.8333333333333334,10,12
wine,2,7,1.0,54,0.9629629629629628,0.0028654057859115,segment_crossing,0.2,11,0.8181818181818182,0.1447811447811446,0.8333333333333334,10,12
wine,2,7,1.0,54,0.9629629629629628,0.0028654057859115,confidence,0.25,14,0.8571428571428571,0.1058201058201058,0.8666666666666667,13,15
wine,2,7,1.0,54,0.9629629629629628,0.0028654057859115,segment_crossing,0.25,14,0.8571428571428571,0.1058201058201058,0.8666666666666667,13,15
wine,2,7,1.0,54,0.9629629629629628,0.0028654057859115,confidence,0.4,22,0.9090909090909092,0.0538720538720538,0.6296296296296297,17,27
wine,2,7,1.0,54,0.9629629629629628,0.0028654057859115,segment_crossing,0.4,22,0.9090909090909092,0.0538720538720538,0.6296296296296297,17,27
wine,2,10,1.0,54,0.9629629629629628,0.0028654057859115,confidence,0.1,6,0.6666666666666666,0.2962962962962963,0.7142857142857143,5,7
wine,2,10,1.0,54,0.9629629629629628,0.0028654057859115,segment_crossing,0.1,6,0.8333333333333334,0.1296296296296295,0.7142857142857143,5,7
wine,2,10,1.0,54,0.9629629629629628,0.0028654057859115,confidence,0.2,11,0.8181818181818182,0.1447811447811446,0.8333333333333334,10,12
wine,2,10,1.0,54,0.9629629629629628,0.0028654057859115,segment_crossing,0.2,11,0.8181818181818182,0.1447811447811446,0.8333333333333334,10,12
wine,2,10,1.0,54,0.9629629629629628,0.0028654057859115,confidence,0.25,14,0.8571428571428571,0.1058201058201058,0.8666666666666667,13,15
wine,2,10,1.0,54,0.9629629629629628,0.0028654057859115,segment_crossing,0.25,14,0.8571428571428571,0.1058201058201058,0.8666666666666667,13,15
wine,2,10,1.0,54,0.9629629629629628,0.0028654057859115,confidence,0.4,22,0.9090909090909092,0.0538720538720538,0.6296296296296297,17,27
wine,2,10,1.0,54,0.9629629629629628,0.0028654057859115,segment_crossing,0.4,22,0.9090909090909092,0.0538720538720538,0.6296296296296297,17,27
wine,3,1,0.9814814814814816,54,0.8148148148148148,0.1250471542870048,confidence,0.1,6,0.3333333333333333,0.4814814814814814,0.7142857142857143,5,7
wine,3,1,0.9814814814814816,54,0.8148148148148148,0.1250471542870048,segment_crossing,0.1,6,0.3333333333333333,0.4814814814814814,0.7142857142857143,5,7
wine,3,1,0.9814814814814816,54,0.8148148148148148,0.1250471542870048,confidence,0.2,11,0.5454545454545454,0.2693602693602693,0.6923076923076923,9,13
wine,3,1,0.9814814814814816,54,0.8148148148148148,0.1250471542870048,segment_crossing,0.2,11,0.6363636363636364,0.1784511784511784,0.6923076923076923,9,13
wine,3,1,0.9814814814814816,54,0.8148148148148148,0.1250471542870048,confidence,0.25,14,0.6428571428571429,0.1719576719576718,0.5555555555555556,10,18
wine,3,1,0.9814814814814816,54,0.8148148148148148,0.1250471542870048,segment_crossing,0.25,14,0.6428571428571429,0.1719576719576718,0.5555555555555556,10,18
wine,3,1,0.9814814814814816,54,0.8148148148148148,0.1250471542870048,confidence,0.4,22,0.7272727272727273,0.0875420875420874,0.5714285714285714,16,28
wine,3,1,0.9814814814814816,54,0.8148148148148148,0.1250471542870048,segment_crossing,0.4,22,0.6363636363636364,0.1784511784511784,0.5714285714285714,16,28
wine,3,2,0.9814814814814816,54,0.9074074074074074,0.0074620225473515,confidence,0.1,6,0.3333333333333333,0.5740740740740742,0.7142857142857143,5,7
wine,3,2,0.9814814814814816,54,0.9074074074074074,0.0074620225473515,segment_crossing,0.1,6,0.5,0.4074074074074074,0.7142857142857143,5,7
wine,3,2,0.9814814814814816,54,0.9074074074074074,0.0074620225473515,confidence,0.2,11,0.5454545454545454,0.361952861952862,0.6923076923076923,9,13
wine,3,2,0.9814814814814816,54,0.9074074074074074,0.0074620225473515,segment_crossing,0.2,11,0.6363636363636364,0.2710437710437711,0.6923076923076923,9,13
wine,3,2,0.9814814814814816,54,0.9074074074074074,0.0074620225473515,confidence,0.25,14,0.6428571428571429,0.2645502645502645,0.5555555555555556,10,18
wine,3,2,0.9814814814814816,54,0.9074074074074074,0.0074620225473515,segment_crossing,0.25,14,0.7142857142857143,0.1931216931216931,0.5555555555555556,10,18
wine,3,2,0.9814814814814816,54,0.9074074074074074,0.0074620225473515,confidence,0.4,22,0.7727272727272727,0.1346801346801347,0.5714285714285714,16,28
wine,3,2,0.9814814814814816,54,0.9074074074074074,0.0074620225473515,segment_crossing,0.4,22,0.7727272727272727,0.1346801346801347,0.5714285714285714,16,28
wine,3,3,0.9814814814814816,54,0.9074074074074074,0.0074620225473515,confidence,0.1,6,0.3333333333333333,0.5740740740740742,0.7142857142857143,5,7
wine,3,3,0.9814814814814816,54,0.9074074074074074,0.0074620225473515,segment_crossing,0.1,6,0.5,0.4074074074074074,0.7142857142857143,5,7
wine,3,3,0.9814814814814816,54,0.9074074074074074,0.0074620225473515,confidence,0.2,11,0.5454545454545454,0.361952861952862,0.6923076923076923,9,13
wine,3,3,0.9814814814814816,54,0.9074074074074074,0.0074620225473515,segment_crossing,0.2,11,0.6363636363636364,0.2710437710437711,0.6923076923076923,9,13
wine,3,3,0.9814814814814816,54,0.9074074074074074,0.0074620225473515,confidence,0.25,14,0.6428571428571429,0.2645502645502645,0.5555555555555556,10,18
wine,3,3,0.9814814814814816,54,0.9074074074074074,0.0074620225473515,segment_crossing,0.25,14,0.7142857142857143,0.1931216931216931,0.5555555555555556,10,18
wine,3,3,0.9814814814814816,54,0.9074074074074074,0.0074620225473515,confidence,0.4,22,0.7727272727272727,0.1346801346801347,0.5714285714285714,16,28
wine,3,3,0.9814814814814816,54,0.9074074074074074,0.0074620225473515,segment_crossing,0.4,22,0.7727272727272727,0.1346801346801347,0.5714285714285714,16,28
wine,3,5,0.9814814814814816,54,0.9074074074074074,0.0074620225473515,confidence,0.1,6,0.3333333333333333,0.5740740740740742,0.7142857142857143,5,7
wine,3,5,0.9814814814814816,54,0.9074074074074074,0.0074620225473515,segment_crossing,0.1,6,0.5,0.4074074074074074,0.7142857142857143,5,7
wine,3,5,0.9814814814814816,54,0.9074074074074074,0.0074620225473515,confidence,0.2,11,0.5454545454545454,0.361952861952862,0.6923076923076923,9,13
wine,3,5,0.9814814814814816,54,0.9074074074074074,0.0074620225473515,segment_crossing,0.2,11,0.6363636363636364,0.2710437710437711,0.6923076923076923,9,13
wine,3,5,0.9814814814814816,54,0.9074074074074074,0.0074620225473515,confidence,0.25,14,0.6428571428571429,0.2645502645502645,0.5555555555555556,10,18
wine,3,5,0.9814814814814816,54,0.9074074074074074,0.0074620225473515,segment_crossing,0.25,14,0.7142857142857143,0.1931216931216931,0.5555555555555556,10,18
wine,3,5,0.9814814814814816,54,0.9074074074074074,0.0074620225473515,confidence,0.4,22,0.7727272727272727,0.1346801346801347,0.5714285714285714,16,28
wine,3,5,0.9814814814814816,54,0.9074074074074074,0.0074620225473515,segment_crossing,0.4,22,0.7727272727272727,0.1346801346801347,0.5714285714285714,16,28
wine,3,7,0.9814814814814816,54,0.9074074074074074,0.0074620225473515,confidence,0.1,6,0.3333333333333333,0.5740740740740742,0.7142857142857143,5,7
wine,3,7,0.9814814814814816,54,0.9074074074074074,0.0074620225473515,segment_crossing,0.1,6,0.5,0.4074074074074074,0.7142857142857143,5,7
wine,3,7,0.9814814814814816,54,0.9074074074074074,0.0074620225473515,confidence,0.2,11,0.5454545454545454,0.361952861952862,0.6923076923076923,9,13
wine,3,7,0.9814814814814816,54,0.9074074074074074,0.0074620225473515,segment_crossing,0.2,11,0.6363636363636364,0.2710437710437711,0.6923076923076923,9,13
wine,3,7,0.9814814814814816,54,0.9074074074074074,0.0074620225473515,confidence,0.25,14,0.6428571428571429,0.2645502645502645,0.5555555555555556,10,18
wine,3,7,0.9814814814814816,54,0.9074074074074074,0.0074620225473515,segment_crossing,0.25,14,0.7142857142857143,0.1931216931216931,0.5555555555555556,10,18
wine,3,7,0.9814814814814816,54,0.9074074074074074,0.0074620225473515,confidence,0.4,22,0.7727272727272727,0.1346801346801347,0.5714285714285714,16,28
wine,3,7,0.9814814814814816,54,0.9074074074074074,0.0074620225473515,segment_crossing,0.4,22,0.7727272727272727,0.1346801346801347,0.5714285714285714,16,28
wine,3,10,0.9814814814814816,54,0.9074074074074074,0.0074620225473515,confidence,0.1,6,0.3333333333333333,0.5740740740740742,0.7142857142857143,5,7
wine,3,10,0.9814814814814816,54,0.9074074074074074,0.0074620225473515,segment_crossing,0.1,6,0.5,0.4074074074074074,0.7142857142857143,5,7
wine,3,10,0.9814814814814816,54,0.9074074074074074,0.0074620225473515,confidence,0.2,11,0.5454545454545454,0.361952861952862,0.6923076923076923,9,13
wine,3,10,0.9814814814814816,54,0.9074074074074074,0.0074620225473515,segment_crossing,0.2,11,0.6363636363636364,0.2710437710437711,0.6923076923076923,9,13
wine,3,10,0.9814814814814816,54,0.9074074074074074,0.0074620225473515,confidence,0.25,14,0.6428571428571429,0.2645502645502645,0.5555555555555556,10,18
wine,3,10,0.9814814814814816,54,0.9074074074074074,0.0074620225473515,segment_crossing,0.25,14,0.7142857142857143,0.1931216931216931,0.5555555555555556,10,18
wine,3,10,0.9814814814814816,54,0.9074074074074074,0.0074620225473515,confidence,0.4,22,0.7727272727272727,0.1346801346801347,0.5714285714285714,16,28
wine,3,10,0.9814814814814816,54,0.9074074074074074,0.0074620225473515,segment_crossing,0.4,22,0.7727272727272727,0.1346801346801347,0.5714285714285714,16,28
wine,4,1,1.0,54,0.9444444444444444,0.0304486332303801,confidence,0.1,6,0.8333333333333334,0.111111111111111,0.7142857142857143,5,7
wine,4,1,1.0,54,0.9444444444444444,0.0304486332303801,segment_crossing,0.1,6,1.0,-0.0555555555555555,0.7142857142857143,5,7
wine,4,1,1.0,54,0.9444444444444444,0.0304486332303801,confidence,0.2,11,0.8181818181818182,0.1262626262626262,0.4666666666666667,7,15
wine,4,1,1.0,54,0.9444444444444444,0.0304486332303801,segment_crossing,0.2,11,0.9090909090909092,0.0353535353535353,0.4666666666666667,7,15
wine,4,1,1.0,54,0.9444444444444444,0.0304486332303801,confidence,0.25,14,0.8571428571428571,0.0873015873015873,0.3333333333333333,7,21
wine,4,1,1.0,54,0.9444444444444444,0.0304486332303801,segment_crossing,0.25,14,0.9285714285714286,0.0158730158730158,0.3333333333333333,7,21
wine,4,1,1.0,54,0.9444444444444444,0.0304486332303801,confidence,0.4,22,0.9090909090909092,0.0353535353535353,0.6923076923076923,18,26
wine,4,1,1.0,54,0.9444444444444444,0.0304486332303801,segment_crossing,0.4,22,0.9090909090909092,0.0353535353535353,0.6923076923076923,18,26
wine,4,2,1.0,54,0.9629629629629628,0.02727783658346,confidence,0.1,6,0.8333333333333334,0.1296296296296295,0.7142857142857143,5,7
wine,4,2,1.0,54,0.9629629629629628,0.02727783658346,segment_crossing,0.1,6,1.0,-0.037037037037037,0.7142857142857143,5,7
wine,4,2,1.0,54,0.9629629629629628,0.02727783658346,confidence,0.2,11,0.9090909090909092,0.0538720538720538,0.4666666666666667,7,15
wine,4,2,1.0,54,0.9629629629629628,0.02727783658346,segment_crossing,0.2,11,0.9090909090909092,0.0538720538720538,0.4666666666666667,7,15
wine,4,2,1.0,54,0.9629629629629628,0.02727783658346,confidence,0.25,14,0.9285714285714286,0.0343915343915343,0.3333333333333333,7,21
wine,4,2,1.0,54,0.9629629629629628,0.02727783658346,segment_crossing,0.25,14,0.9285714285714286,0.0343915343915343,0.3333333333333333,7,21
wine,4,2,1.0,54,0.9629629629629628,0.02727783658346,confidence,0.4,22,0.9545454545454546,0.0084175084175083,0.6923076923076923,18,26
wine,4,2,1.0,54,0.9629629629629628,0.02727783658346,segment_crossing,0.4,22,0.9545454545454546,0.0084175084175083,0.6923076923076923,18,26
wine,4,3,1.0,54,0.9814814814814816,0.025667358876875,confidence,0.1,6,1.0,-0.0185185185185184,0.7142857142857143,5,7
wine,4,3,1.0,54,0.9814814814814816,0.025667358876875,segment_crossing,0.1,6,1.0,-0.0185185185185184,0.7142857142857143,5,7
wine,4,3,1.0,54,0.9814814814814816,0.025667358876875,confidence,0.2,11,1.0,-0.0185185185185184,0.4666666666666667,7,15
wine,4,3,1.0,54,0.9814814814814816,0.025667358876875,segment_crossing,0.2,11,1.0,-0.0185185185185184,0.4666666666666667,7,15
wine,4,3,1.0,54,0.9814814814814816,0.025667358876875,confidence,0.25,14,1.0,-0.0185185185185184,0.3333333333333333,7,21
wine,4,3,1.0,54,0.9814814814814816,0.025667358876875,segment_crossing,0.25,14,1.0,-0.0185185185185184,0.3333333333333333,7,21
wine,4,3,1.0,54,0.9814814814814816,0.025667358876875,confidence,0.4,22,1.0,-0.0185185185185184,0.6923076923076923,18,26
wine,4,3,1.0,54,0.9814814814814816,0.025667358876875,segment_crossing,0.4,22,1.0,-0.0185185185185184,0.6923076923076923,18,26
wine,4,5,1.0,54,0.9629629629629628,0.0041746624656007,confidence,0.1,6,0.8333333333333334,0.1296296296296295,0.7142857142857143,5,7
wine,4,5,1.0,54,0.9629629629629628,0.0041746624656007,segment_crossing,0.1,6,0.8333333333333334,0.1296296296296295,0.7142857142857143,5,7
wine,4,5,1.0,54,0.9629629629629628,0.0041746624656007,confidence,0.2,11,0.8181818181818182,0.1447811447811446,0.4666666666666667,7,15
wine,4,5,1.0,54,0.9629629629629628,0.0041746624656007,segment_crossing,0.2,11,0.9090909090909092,0.0538720538720538,0.4666666666666667,7,15
wine,4,5,1.0,54,0.9629629629629628,0.0041746624656007,confidence,0.25,14,0.8571428571428571,0.1058201058201058,0.3333333333333333,7,21
wine,4,5,1.0,54,0.9629629629629628,0.0041746624656007,segment_crossing,0.25,14,0.9285714285714286,0.0343915343915343,0.3333333333333333,7,21
wine,4,5,1.0,54,0.9629629629629628,0.0041746624656007,confidence,0.4,22,0.9090909090909092,0.0538720538720538,0.6923076923076923,18,26
wine,4,5,1.0,54,0.9629629629629628,0.0041746624656007,segment_crossing,0.4,22,0.9545454545454546,0.0084175084175083,0.6923076923076923,18,26
wine,4,7,1.0,54,0.9629629629629628,0.0041746624656007,confidence,0.1,6,0.8333333333333334,0.1296296296296295,0.7142857142857143,5,7
wine,4,7,1.0,54,0.9629629629629628,0.0041746624656007,segment_crossing,0.1,6,0.8333333333333334,0.1296296296296295,0.7142857142857143,5,7
wine,4,7,1.0,54,0.9629629629629628,0.0041746624656007,confidence,0.2,11,0.8181818181818182,0.1447811447811446,0.4666666666666667,7,15
wine,4,7,1.0,54,0.9629629629629628,0.0041746624656007,segment_crossing,0.2,11,0.9090909090909092,0.0538720538720538,0.4666666666666667,7,15
wine,4,7,1.0,54,0.9629629629629628,0.0041746624656007,confidence,0.25,14,0.8571428571428571,0.1058201058201058,0.3333333333333333,7,21
wine,4,7,1.0,54,0.9629629629629628,0.0041746624656007,segment_crossing,0.25,14,0.9285714285714286,0.0343915343915343,0.3333333333333333,7,21
wine,4,7,1.0,54,0.9629629629629628,0.0041746624656007,confidence,0.4,22,0.9090909090909092,0.0538720538720538,0.6923076923076923,18,26
wine,4,7,1.0,54,0.9629629629629628,0.0041746624656007,segment_crossing,0.4,22,0.9545454545454546,0.0084175084175083,0.6923076923076923,18,26
wine,4,10,1.0,54,0.9629629629629628,0.0041746624656007,confidence,0.1,6,0.8333333333333334,0.1296296296296295,0.7142857142857143,5,7
wine,4,10,1.0,54,0.9629629629629628,0.0041746624656007,segment_crossing,0.1,6,0.8333333333333334,0.1296296296296295,0.7142857142857143,5,7
wine,4,10,1.0,54,0.9629629629629628,0.0041746624656007,confidence,0.2,11,0.8181818181818182,0.1447811447811446,0.4666666666666667,7,15
wine,4,10,1.0,54,0.9629629629629628,0.0041746624656007,segment_crossing,0.2,11,0.9090909090909092,0.0538720538720538,0.4666666666666667,7,15
wine,4,10,1.0,54,0.9629629629629628,0.0041746624656007,confidence,0.25,14,0.8571428571428571,0.1058201058201058,0.3333333333333333,7,21
wine,4,10,1.0,54,0.9629629629629628,0.0041746624656007,segment_crossing,0.25,14,0.9285714285714286,0.0343915343915343,0.3333333333333333,7,21
wine,4,10,1.0,54,0.9629629629629628,0.0041746624656007,confidence,0.4,22,0.9090909090909092,0.0538720538720538,0.6923076923076923,18,26
wine,4,10,1.0,54,0.9629629629629628,0.0041746624656007,segment_crossing,0.4,22,0.9545454545454546,0.0084175084175083,0.6923076923076923,18,26
wine,5,1,1.0,54,0.9074074074074074,0.0386486937035185,confidence,0.1,6,0.8333333333333334,0.074074074074074,0.5,4,8
wine,5,1,1.0,54,0.9074074074074074,0.0386486937035185,segment_crossing,0.1,6,0.8333333333333334,0.074074074074074,0.5,4,8
wine,5,1,1.0,54,0.9074074074074074,0.0386486937035185,confidence,0.2,11,0.8181818181818182,0.0892255892255892,0.6923076923076923,9,13
wine,5,1,1.0,54,0.9074074074074074,0.0386486937035185,segment_crossing,0.2,11,0.8181818181818182,0.0892255892255892,0.6923076923076923,9,13
wine,5,1,1.0,54,0.9074074074074074,0.0386486937035185,confidence,0.25,14,0.8571428571428571,0.0502645502645503,0.6470588235294118,11,17
wine,5,1,1.0,54,0.9074074074074074,0.0386486937035185,segment_crossing,0.25,14,0.8571428571428571,0.0502645502645503,0.6470588235294118,11,17
wine,5,1,1.0,54,0.9074074074074074,0.0386486937035185,confidence,0.4,22,0.8181818181818182,0.0892255892255892,0.6923076923076923,18,26
wine,5,1,1.0,54,0.9074074074074074,0.0386486937035185,segment_crossing,0.4,22,0.8636363636363636,0.0437710437710437,0.6923076923076923,18,26
wine,5,2,1.0,54,0.9814814814814816,0.0019884066559424,confidence,0.1,6,0.8333333333333334,0.1481481481481481,0.5,4,8
wine,5,2,1.0,54,0.9814814814814816,0.0019884066559424,segment_crossing,0.1,6,1.0,-0.0185185185185184,0.5,4,8
wine,5,2,1.0,54,0.9814814814814816,0.0019884066559424,confidence,0.2,11,0.9090909090909092,0.0723905723905724,0.6923076923076923,9,13
wine,5,2,1.0,54,0.9814814814814816,0.0019884066559424,segment_crossing,0.2,11,0.9090909090909092,0.0723905723905724,0.6923076923076923,9,13
wine,5,2,1.0,54,0.9814814814814816,0.0019884066559424,confidence,0.25,14,0.9285714285714286,0.0529100529100529,0.6470588235294118,11,17
wine,5,2,1.0,54,0.9814814814814816,0.0019884066559424,segment_crossing,0.25,14,0.9285714285714286,0.0529100529100529,0.6470588235294118,11,17
wine,5,2,1.0,54,0.9814814814814816,0.0019884066559424,confidence,0.4,22,0.9545454545454546,0.0269360269360269,0.6923076923076923,18,26
wine,5,2,1.0,54,0.9814814814814816,0.0019884066559424,segment_crossing,0.4,22,0.9545454545454546,0.0269360269360269,0.6923076923076923,18,26
wine,5,3,1.0,54,0.9444444444444444,0.0444854451683961,confidence,0.1,6,0.8333333333333334,0.111111111111111,0.5,4,8
wine,5,3,1.0,54,0.9444444444444444,0.0444854451683961,segment_crossing,0.1,6,1.0,-0.0555555555555555,0.5,4,8
wine,5,3,1.0,54,0.9444444444444444,0.0444854451683961,confidence,0.2,11,0.9090909090909092,0.0353535353535353,0.6923076923076923,9,13
wine,5,3,1.0,54,0.9444444444444444,0.0444854451683961,segment_crossing,0.2,11,0.9090909090909092,0.0353535353535353,0.6923076923076923,9,13
wine,5,3,1.0,54,0.9444444444444444,0.0444854451683961,confidence,0.25,14,0.9285714285714286,0.0158730158730158,0.6470588235294118,11,17
wine,5,3,1.0,54,0.9444444444444444,0.0444854451683961,segment_crossing,0.25,14,0.8571428571428571,0.0873015873015873,0.6470588235294118,11,17
wine,5,3,1.0,54,0.9444444444444444,0.0444854451683961,confidence,0.4,22,0.9545454545454546,-0.0101010101010101,0.6923076923076923,18,26
wine,5,3,1.0,54,0.9444444444444444,0.0444854451683961,segment_crossing,0.4,22,0.9090909090909092,0.0353535353535353,0.6923076923076923,18,26
wine,5,5,1.0,54,0.9444444444444444,0.0444854451683961,confidence,0.1,6,0.8333333333333334,0.111111111111111,0.5,4,8
wine,5,5,1.0,54,0.9444444444444444,0.0444854451683961,segment_crossing,0.1,6,1.0,-0.0555555555555555,0.5,4,8
wine,5,5,1.0,54,0.9444444444444444,0.0444854451683961,confidence,0.2,11,0.9090909090909092,0.0353535353535353,0.6923076923076923,9,13
wine,5,5,1.0,54,0.9444444444444444,0.0444854451683961,segment_crossing,0.2,11,0.9090909090909092,0.0353535353535353,0.6923076923076923,9,13
wine,5,5,1.0,54,0.9444444444444444,0.0444854451683961,confidence,0.25,14,0.9285714285714286,0.0158730158730158,0.6470588235294118,11,17
wine,5,5,1.0,54,0.9444444444444444,0.0444854451683961,segment_crossing,0.25,14,0.8571428571428571,0.0873015873015873,0.6470588235294118,11,17
wine,5,5,1.0,54,0.9444444444444444,0.0444854451683961,confidence,0.4,22,0.9545454545454546,-0.0101010101010101,0.6923076923076923,18,26
wine,5,5,1.0,54,0.9444444444444444,0.0444854451683961,segment_crossing,0.4,22,0.9090909090909092,0.0353535353535353,0.6923076923076923,18,26
wine,5,7,1.0,54,0.9444444444444444,0.0444854451683961,confidence,0.1,6,0.8333333333333334,0.111111111111111,0.5,4,8
wine,5,7,1.0,54,0.9444444444444444,0.0444854451683961,segment_crossing,0.1,6,1.0,-0.0555555555555555,0.5,4,8
wine,5,7,1.0,54,0.9444444444444444,0.0444854451683961,confidence,0.2,11,0.9090909090909092,0.0353535353535353,0.6923076923076923,9,13
wine,5,7,1.0,54,0.9444444444444444,0.0444854451683961,segment_crossing,0.2,11,0.9090909090909092,0.0353535353535353,0.6923076923076923,9,13
wine,5,7,1.0,54,0.9444444444444444,0.0444854451683961,confidence,0.25,14,0.9285714285714286,0.0158730158730158,0.6470588235294118,11,17
wine,5,7,1.0,54,0.9444444444444444,0.0444854451683961,segment_crossing,0.25,14,0.8571428571428571,0.0873015873015873,0.6470588235294118,11,17
wine,5,7,1.0,54,0.9444444444444444,0.0444854451683961,confidence,0.4,22,0.9545454545454546,-0.0101010101010101,0.6923076923076923,18,26
wine,5,7,1.0,54,0.9444444444444444,0.0444854451683961,segment_crossing,0.4,22,0.9090909090909092,0.0353535353535353,0.6923076923076923,18,26
wine,5,10,1.0,54,0.9444444444444444,0.0444854451683961,confidence,0.1,6,0.8333333333333334,0.111111111111111,0.5,4,8
wine,5,10,1.0,54,0.9444444444444444,0.0444854451683961,segment_crossing,0.1,6,1.0,-0.0555555555555555,0.5,4,8
wine,5,10,1.0,54,0.9444444444444444,0.0444854451683961,confidence,0.2,11,0.9090909090909092,0.0353535353535353,0.6923076923076923,9,13
wine,5,10,1.0,54,0.9444444444444444,0.0444854451683961,segment_crossing,0.2,11,0.9090909090909092,0.0353535353535353,0.6923076923076923,9,13
wine,5,10,1.0,54,0.9444444444444444,0.0444854451683961,confidence,0.25,14,0.9285714285714286,0.0158730158730158,0.6470588235294118,11,17
wine,5,10,1.0,54,0.9444444444444444,0.0444854451683961,segment_crossing,0.25,14,0.8571428571428571,0.0873015873015873,0.6470588235294118,11,17
wine,5,10,1.0,54,0.9444444444444444,0.0444854451683961,confidence,0.4,22,0.9545454545454546,-0.0101010101010101,0.6923076923076923,18,26
wine,5,10,1.0,54,0.9444444444444444,0.0444854451683961,segment_crossing,0.4,22,0.9090909090909092,0.0353535353535353,0.6923076923076923,18,26
wine,6,1,1.0,54,0.9444444444444444,0.0875261461489622,confidence,0.1,6,1.0,-0.0555555555555555,0.5,4,8
wine,6,1,1.0,54,0.9444444444444444,0.0875261461489622,segment_crossing,0.1,6,1.0,-0.0555555555555555,0.5,4,8
wine,6,1,1.0,54,0.9444444444444444,0.0875261461489622,confidence,0.2,11,1.0,-0.0555555555555555,0.5714285714285714,8,14
wine,6,1,1.0,54,0.9444444444444444,0.0875261461489622,segment_crossing,0.2,11,0.9090909090909092,0.0353535353535353,0.5714285714285714,8,14
wine,6,1,1.0,54,0.9444444444444444,0.0875261461489622,confidence,0.25,14,0.9285714285714286,0.0158730158730158,0.6470588235294118,11,17
wine,6,1,1.0,54,0.9444444444444444,0.0875261461489622,segment_crossing,0.25,14,0.9285714285714286,0.0158730158730158,0.6470588235294118,11,17
wine,6,1,1.0,54,0.9444444444444444,0.0875261461489622,confidence,0.4,22,0.9545454545454546,-0.0101010101010101,0.76,19,25
wine,6,1,1.0,54,0.9444444444444444,0.0875261461489622,segment_crossing,0.4,22,0.9545454545454546,-0.0101010101010101,0.76,19,25
wine,6,2,1.0,54,0.9629629629629628,0.0676506839007517,confidence,0.1,6,0.8333333333333334,0.1296296296296295,0.5,4,8
wine,6,2,1.0,54,0.9629629629629628,0.0676506839007517,segment_crossing,0.1,6,1.0,-0.037037037037037,0.5,4,8
wine,6,2,1.0,54,0.9629629629629628,0.0676506839007517,confidence,0.2,11,0.9090909090909092,0.0538720538720538,0.5714285714285714,8,14
wine,6,2,1.0,54,0.9629629629629628,0.0676506839007517,segment_crossing,0.2,11,0.9090909090909092,0.0538720538720538,0.5714285714285714,8,14
wine,6,2,1.0,54,0.9629629629629628,0.0676506839007517,confidence,0.25,14,0.9285714285714286,0.0343915343915343,0.6470588235294118,11,17
wine,6,2,1.0,54,0.9629629629629628,0.0676506839007517,segment_crossing,0.25,14,0.9285714285714286,0.0343915343915343,0.6470588235294118,11,17
wine,6,2,1.0,54,0.9629629629629628,0.0676506839007517,confidence,0.4,22,0.9545454545454546,0.0084175084175083,0.76,19,25
wine,6,2,1.0,54,0.9629629629629628,0.0676506839007517,segment_crossing,0.4,22,0.9545454545454546,0.0084175084175083,0.76,19,25
wine,6,3,1.0,54,0.9444444444444444,0.0678221516648121,confidence,0.1,6,0.6666666666666666,0.2777777777777778,0.5,4,8
wine,6,3,1.0,54,0.9444444444444444,0.0678221516648121,segment_crossing,0.1,6,0.8333333333333334,0.111111111111111,0.5,4,8
wine,6,3,1.0,54,0.9444444444444444,0.0678221516648121,confidence,0.2,11,0.8181818181818182,0.1262626262626262,0.5714285714285714,8,14
wine,6,3,1.0,54,0.9444444444444444,0.0678221516648121,segment_crossing,0.2,11,0.8181818181818182,0.1262626262626262,0.5714285714285714,8,14
wine,6,3,1.0,54,0.9444444444444444,0.0678221516648121,confidence,0.25,14,0.8571428571428571,0.0873015873015873,0.6470588235294118,11,17
wine,6,3,1.0,54,0.9444444444444444,0.0678221516648121,segment_crossing,0.25,14,0.8571428571428571,0.0873015873015873,0.6470588235294118,11,17
wine,6,3,1.0,54,0.9444444444444444,0.0678221516648121,confidence,0.4,22,0.9090909090909092,0.0353535353535353,0.76,19,25
wine,6,3,1.0,54,0.9444444444444444,0.0678221516648121,segment_crossing,0.4,22,0.9090909090909092,0.0353535353535353,0.76,19,25
wine,6,5,1.0,54,0.9629629629629628,0.0017819454706452,confidence,0.1,6,0.6666666666666666,0.2962962962962963,0.5,4,8
wine,6,5,1.0,54,0.9629629629629628,0.0017819454706452,segment_crossing,0.1,6,0.8333333333333334,0.1296296296296295,0.5,4,8
wine,6,5,1.0,54,0.9629629629629628,0.0017819454706452,confidence,0.2,11,0.8181818181818182,0.1447811447811446,0.5714285714285714,8,14
wine,6,5,1.0,54,0.9629629629629628,0.0017819454706452,segment_crossing,0.2,11,0.8181818181818182,0.1447811447811446,0.5714285714285714,8,14
wine,6,5,1.0,54,0.9629629629629628,0.0017819454706452,confidence,0.25,14,0.8571428571428571,0.1058201058201058,0.6470588235294118,11,17
wine,6,5,1.0,54,0.9629629629629628,0.0017819454706452,segment_crossing,0.25,14,0.8571428571428571,0.1058201058201058,0.6470588235294118,11,17
wine,6,5,1.0,54,0.9629629629629628,0.0017819454706452,confidence,0.4,22,0.9090909090909092,0.0538720538720538,0.76,19,25
wine,6,5,1.0,54,0.9629629629629628,0.0017819454706452,segment_crossing,0.4,22,0.9090909090909092,0.0538720538720538,0.76,19,25
wine,6,7,1.0,54,0.9629629629629628,0.0017819454706452,confidence,0.1,6,0.6666666666666666,0.2962962962962963,0.5,4,8
wine,6,7,1.0,54,0.9629629629629628,0.0017819454706452,segment_crossing,0.1,6,0.8333333333333334,0.1296296296296295,0.5,4,8
wine,6,7,1.0,54,0.9629629629629628,0.0017819454706452,confidence,0.2,11,0.8181818181818182,0.1447811447811446,0.5714285714285714,8,14
wine,6,7,1.0,54,0.9629629629629628,0.0017819454706452,segment_crossing,0.2,11,0.8181818181818182,0.1447811447811446,0.5714285714285714,8,14
wine,6,7,1.0,54,0.9629629629629628,0.0017819454706452,confidence,0.25,14,0.8571428571428571,0.1058201058201058,0.6470588235294118,11,17
wine,6,7,1.0,54,0.9629629629629628,0.0017819454706452,segment_crossing,0.25,14,0.8571428571428571,0.1058201058201058,0.6470588235294118,11,17
wine,6,7,1.0,54,0.9629629629629628,0.0017819454706452,confidence,0.4,22,0.9090909090909092,0.0538720538720538,0.76,19,25
wine,6,7,1.0,54,0.9629629629629628,0.0017819454706452,segment_crossing,0.4,22,0.9090909090909092,0.0538720538720538,0.76,19,25
wine,6,10,1.0,54,0.9629629629629628,0.0017819454706452,confidence,0.1,6,0.6666666666666666,0.2962962962962963,0.5,4,8
wine,6,10,1.0,54,0.9629629629629628,0.0017819454706452,segment_crossing,0.1,6,0.8333333333333334,0.1296296296296295,0.5,4,8
wine,6,10,1.0,54,0.9629629629629628,0.0017819454706452,confidence,0.2,11,0.8181818181818182,0.1447811447811446,0.5714285714285714,8,14
wine,6,10,1.0,54,0.9629629629629628,0.0017819454706452,segment_crossing,0.2,11,0.8181818181818182,0.1447811447811446,0.5714285714285714,8,14
wine,6,10,1.0,54,0.9629629629629628,0.0017819454706452,confidence,0.25,14,0.8571428571428571,0.1058201058201058,0.6470588235294118,11,17
wine,6,10,1.0,54,0.9629629629629628,0.0017819454706452,segment_crossing,0.25,14,0.8571428571428571,0.1058201058201058,0.6470588235294118,11,17
wine,6,10,1.0,54,0.9629629629629628,0.0017819454706452,confidence,0.4,22,0.9090909090909092,0.0538720538720538,0.76,19,25
wine,6,10,1.0,54,0.9629629629629628,0.0017819454706452,segment_crossing,0.4,22,0.9090909090909092,0.0538720538720538,0.76,19,25
wine,7,1,1.0,54,0.9444444444444444,0.0527254908528281,confidence,0.1,6,0.8333333333333334,0.111111111111111,1.0,6,6
wine,7,1,1.0,54,0.9444444444444444,0.0527254908528281,segment_crossing,0.1,6,0.8333333333333334,0.111111111111111,1.0,6,6
wine,7,1,1.0,54,0.9444444444444444,0.0527254908528281,confidence,0.2,11,0.9090909090909092,0.0353535353535353,0.5714285714285714,8,14
wine,7,1,1.0,54,0.9444444444444444,0.0527254908528281,segment_crossing,0.2,11,0.9090909090909092,0.0353535353535353,0.5714285714285714,8,14
wine,7,1,1.0,54,0.9444444444444444,0.0527254908528281,confidence,0.25,14,0.9285714285714286,0.0158730158730158,0.6470588235294118,11,17
wine,7,1,1.0,54,0.9444444444444444,0.0527254908528281,segment_crossing,0.25,14,0.9285714285714286,0.0158730158730158,0.6470588235294118,11,17
wine,7,1,1.0,54,0.9444444444444444,0.0527254908528281,confidence,0.4,22,0.9090909090909092,0.0353535353535353,0.5172413793103449,15,29
wine,7,1,1.0,54,0.9444444444444444,0.0527254908528281,segment_crossing,0.4,22,0.9545454545454546,-0.0101010101010101,0.5172413793103449,15,29
wine,7,2,1.0,54,0.9629629629629628,0.0035988843625273,confidence,0.1,6,0.6666666666666666,0.2962962962962963,1.0,6,6
wine,7,2,1.0,54,0.9629629629629628,0.0035988843625273,segment_crossing,0.1,6,0.6666666666666666,0.2962962962962963,1.0,6,6
wine,7,2,1.0,54,0.9629629629629628,0.0035988843625273,confidence,0.2,11,0.8181818181818182,0.1447811447811446,0.5714285714285714,8,14
wine,7,2,1.0,54,0.9629629629629628,0.0035988843625273,segment_crossing,0.2,11,0.8181818181818182,0.1447811447811446,0.5714285714285714,8,14
wine,7,2,1.0,54,0.9629629629629628,0.0035988843625273,confidence,0.25,14,0.8571428571428571,0.1058201058201058,0.6470588235294118,11,17
wine,7,2,1.0,54,0.9629629629629628,0.0035988843625273,segment_crossing,0.25,14,0.8571428571428571,0.1058201058201058,0.6470588235294118,11,17
wine,7,2,1.0,54,0.9629629629629628,0.0035988843625273,confidence,0.4,22,0.9090909090909092,0.0538720538720538,0.5172413793103449,15,29
wine,7,2,1.0,54,0.9629629629629628,0.0035988843625273,segment_crossing,0.4,22,0.9090909090909092,0.0538720538720538,0.5172413793103449,15,29
wine,7,3,1.0,54,0.9444444444444444,0.013000290641203,confidence,0.1,6,0.6666666666666666,0.2777777777777778,1.0,6,6
wine,7,3,1.0,54,0.9444444444444444,0.013000290641203,segment_crossing,0.1,6,0.6666666666666666,0.2777777777777778,1.0,6,6
wine,7,3,1.0,54,0.9444444444444444,0.013000290641203,confidence,0.2,11,0.8181818181818182,0.1262626262626262,0.5714285714285714,8,14
wine,7,3,1.0,54,0.9444444444444444,0.013000290641203,segment_crossing,0.2,11,0.7272727272727273,0.2171717171717171,0.5714285714285714,8,14
wine,7,3,1.0,54,0.9444444444444444,0.013000290641203,confidence,0.25,14,0.8571428571428571,0.0873015873015873,0.6470588235294118,11,17
wine,7,3,1.0,54,0.9444444444444444,0.013000290641203,segment_crossing,0.25,14,0.7857142857142857,0.1587301587301587,0.6470588235294118,11,17
wine,7,3,1.0,54,0.9444444444444444,0.013000290641203,confidence,0.4,22,0.8636363636363636,0.0808080808080807,0.5172413793103449,15,29
wine,7,3,1.0,54,0.9444444444444444,0.013000290641203,segment_crossing,0.4,22,0.8636363636363636,0.0808080808080807,0.5172413793103449,15,29
wine,7,5,1.0,54,0.9444444444444444,0.013000290641203,confidence,0.1,6,0.6666666666666666,0.2777777777777778,1.0,6,6
wine,7,5,1.0,54,0.9444444444444444,0.013000290641203,segment_crossing,0.1,6,0.6666666666666666,0.2777777777777778,1.0,6,6
wine,7,5,1.0,54,0.9444444444444444,0.013000290641203,confidence,0.2,11,0.8181818181818182,0.1262626262626262,0.5714285714285714,8,14
wine,7,5,1.0,54,0.9444444444444444,0.013000290641203,segment_crossing,0.2,11,0.7272727272727273,0.2171717171717171,0.5714285714285714,8,14
wine,7,5,1.0,54,0.9444444444444444,0.013000290641203,confidence,0.25,14,0.8571428571428571,0.0873015873015873,0.6470588235294118,11,17
wine,7,5,1.0,54,0.9444444444444444,0.013000290641203,segment_crossing,0.25,14,0.7857142857142857,0.1587301587301587,0.6470588235294118,11,17
wine,7,5,1.0,54,0.9444444444444444,0.013000290641203,confidence,0.4,22,0.8636363636363636,0.0808080808080807,0.5172413793103449,15,29
wine,7,5,1.0,54,0.9444444444444444,0.013000290641203,segment_crossing,0.4,22,0.8636363636363636,0.0808080808080807,0.5172413793103449,15,29
wine,7,7,1.0,54,0.9444444444444444,0.013000290641203,confidence,0.1,6,0.6666666666666666,0.2777777777777778,1.0,6,6
wine,7,7,1.0,54,0.9444444444444444,0.013000290641203,segment_crossing,0.1,6,0.6666666666666666,0.2777777777777778,1.0,6,6
wine,7,7,1.0,54,0.9444444444444444,0.013000290641203,confidence,0.2,11,0.8181818181818182,0.1262626262626262,0.5714285714285714,8,14
wine,7,7,1.0,54,0.9444444444444444,0.013000290641203,segment_crossing,0.2,11,0.7272727272727273,0.2171717171717171,0.5714285714285714,8,14
wine,7,7,1.0,54,0.9444444444444444,0.013000290641203,confidence,0.25,14,0.8571428571428571,0.0873015873015873,0.6470588235294118,11,17
wine,7,7,1.0,54,0.9444444444444444,0.013000290641203,segment_crossing,0.25,14,0.7857142857142857,0.1587301587301587,0.6470588235294118,11,17
wine,7,7,1.0,54,0.9444444444444444,0.013000290641203,confidence,0.4,22,0.8636363636363636,0.0808080808080807,0.5172413793103449,15,29
wine,7,7,1.0,54,0.9444444444444444,0.013000290641203,segment_crossing,0.4,22,0.8636363636363636,0.0808080808080807,0.5172413793103449,15,29
wine,7,10,1.0,54,0.9444444444444444,0.013000290641203,confidence,0.1,6,0.6666666666666666,0.2777777777777778,1.0,6,6
wine,7,10,1.0,54,0.9444444444444444,0.013000290641203,segment_crossing,0.1,6,0.6666666666666666,0.2777777777777778,1.0,6,6
wine,7,10,1.0,54,0.9444444444444444,0.013000290641203,confidence,0.2,11,0.8181818181818182,0.1262626262626262,0.5714285714285714,8,14
wine,7,10,1.0,54,0.9444444444444444,0.013000290641203,segment_crossing,0.2,11,0.7272727272727273,0.2171717171717171,0.5714285714285714,8,14
wine,7,10,1.0,54,0.9444444444444444,0.013000290641203,confidence,0.25,14,0.8571428571428571,0.0873015873015873,0.6470588235294118,11,17
wine,7,10,1.0,54,0.9444444444444444,0.013000290641203,segment_crossing,0.25,14,0.7857142857142857,0.1587301587301587,0.6470588235294118,11,17
wine,7,10,1.0,54,0.9444444444444444,0.013000290641203,confidence,0.4,22,0.8636363636363636,0.0808080808080807,0.5172413793103449,15,29
wine,7,10,1.0,54,0.9444444444444444,0.013000290641203,segment_crossing,0.4,22,0.8636363636363636,0.0808080808080807,0.5172413793103449,15,29
wine,8,1,1.0,54,0.8703703703703703,0.0397547793381806,confidence,0.1,6,0.5,0.3703703703703703,0.7142857142857143,5,7
wine,8,1,1.0,54,0.8703703703703703,0.0397547793381806,segment_crossing,0.1,6,0.5,0.3703703703703703,0.7142857142857143,5,7
wine,8,1,1.0,54,0.8703703703703703,0.0397547793381806,confidence,0.2,11,0.5454545454545454,0.3249158249158249,0.5714285714285714,8,14
wine,8,1,1.0,54,0.8703703703703703,0.0397547793381806,segment_crossing,0.2,11,0.5454545454545454,0.3249158249158249,0.5714285714285714,8,14
wine,8,1,1.0,54,0.8703703703703703,0.0397547793381806,confidence,0.25,14,0.6428571428571429,0.2275132275132274,0.6470588235294118,11,17
wine,8,1,1.0,54,0.8703703703703703,0.0397547793381806,segment_crossing,0.25,14,0.6428571428571429,0.2275132275132274,0.6470588235294118,11,17
wine,8,1,1.0,54,0.8703703703703703,0.0397547793381806,confidence,0.4,22,0.7272727272727273,0.143097643097643,0.5172413793103449,15,29
wine,8,1,1.0,54,0.8703703703703703,0.0397547793381806,segment_crossing,0.4,22,0.7272727272727273,0.143097643097643,0.5172413793103449,15,29
wine,8,2,1.0,54,0.8703703703703703,0.0397547793381806,confidence,0.1,6,0.5,0.3703703703703703,0.7142857142857143,5,7
wine,8,2,1.0,54,0.8703703703703703,0.0397547793381806,segment_crossing,0.1,6,0.5,0.3703703703703703,0.7142857142857143,5,7
wine,8,2,1.0,54,0.8703703703703703,0.0397547793381806,confidence,0.2,11,0.5454545454545454,0.3249158249158249,0.5714285714285714,8,14
wine,8,2,1.0,54,0.8703703703703703,0.0397547793381806,segment_crossing,0.2,11,0.5454545454545454,0.3249158249158249,0.5714285714285714,8,14
wine,8,2,1.0,54,0.8703703703703703,0.0397547793381806,confidence,0.25,14,0.6428571428571429,0.2275132275132274,0.6470588235294118,11,17
wine,8,2,1.0,54,0.8703703703703703,0.0397547793381806,segment_crossing,0.25,14,0.6428571428571429,0.2275132275132274,0.6470588235294118,11,17
wine,8,2,1.0,54,0.8703703703703703,0.0397547793381806,confidence,0.4,22,0.7272727272727273,0.143097643097643,0.5172413793103449,15,29
wine,8,2,1.0,54,0.8703703703703703,0.0397547793381806,segment_crossing,0.4,22,0.7272727272727273,0.143097643097643,0.5172413793103449,15,29
wine,8,3,1.0,54,0.925925925925926,0.0073023037024681,confidence,0.1,6,0.6666666666666666,0.2592592592592593,0.7142857142857143,5,7
wine,8,3,1.0,54,0.925925925925926,0.0073023037024681,segment_crossing,0.1,6,0.5,0.4259259259259259,0.7142857142857143,5,7
wine,8,3,1.0,54,0.925925925925926,0.0073023037024681,confidence,0.2,11,0.6363636363636364,0.2895622895622896,0.5714285714285714,8,14
wine,8,3,1.0,54,0.925925925925926,0.0073023037024681,segment_crossing,0.2,11,0.6363636363636364,0.2895622895622896,0.5714285714285714,8,14
wine,8,3,1.0,54,0.925925925925926,0.0073023037024681,confidence,0.25,14,0.7142857142857143,0.2116402116402116,0.6470588235294118,11,17
wine,8,3,1.0,54,0.925925925925926,0.0073023037024681,segment_crossing,0.25,14,0.7142857142857143,0.2116402116402116,0.6470588235294118,11,17
wine,8,3,1.0,54,0.925925925925926,0.0073023037024681,confidence,0.4,22,0.8181818181818182,0.1077441077441077,0.5172413793103449,15,29
wine,8,3,1.0,54,0.925925925925926,0.0073023037024681,segment_crossing,0.4,22,0.8181818181818182,0.1077441077441077,0.5172413793103449,15,29
wine,8,5,1.0,54,0.925925925925926,0.0073023037024681,confidence,0.1,6,0.6666666666666666,0.2592592592592593,0.7142857142857143,5,7
wine,8,5,1.0,54,0.925925925925926,0.0073023037024681,segment_crossing,0.1,6,0.5,0.4259259259259259,0.7142857142857143,5,7
wine,8,5,1.0,54,0.925925925925926,0.0073023037024681,confidence,0.2,11,0.6363636363636364,0.2895622895622896,0.5714285714285714,8,14
wine,8,5,1.0,54,0.925925925925926,0.0073023037024681,segment_crossing,0.2,11,0.6363636363636364,0.2895622895622896,0.5714285714285714,8,14
wine,8,5,1.0,54,0.925925925925926,0.0073023037024681,confidence,0.25,14,0.7142857142857143,0.2116402116402116,0.6470588235294118,11,17
wine,8,5,1.0,54,0.925925925925926,0.0073023037024681,segment_crossing,0.25,14,0.7142857142857143,0.2116402116402116,0.6470588235294118,11,17
wine,8,5,1.0,54,0.925925925925926,0.0073023037024681,confidence,0.4,22,0.8181818181818182,0.1077441077441077,0.5172413793103449,15,29
wine,8,5,1.0,54,0.925925925925926,0.0073023037024681,segment_crossing,0.4,22,0.8181818181818182,0.1077441077441077,0.5172413793103449,15,29
wine,8,7,1.0,54,0.925925925925926,0.0073023037024681,confidence,0.1,6,0.6666666666666666,0.2592592592592593,0.7142857142857143,5,7
wine,8,7,1.0,54,0.925925925925926,0.0073023037024681,segment_crossing,0.1,6,0.5,0.4259259259259259,0.7142857142857143,5,7
wine,8,7,1.0,54,0.925925925925926,0.0073023037024681,confidence,0.2,11,0.6363636363636364,0.2895622895622896,0.5714285714285714,8,14
wine,8,7,1.0,54,0.925925925925926,0.0073023037024681,segment_crossing,0.2,11,0.6363636363636364,0.2895622895622896,0.5714285714285714,8,14
wine,8,7,1.0,54,0.925925925925926,0.0073023037024681,confidence,0.25,14,0.7142857142857143,0.2116402116402116,0.6470588235294118,11,17
wine,8,7,1.0,54,0.925925925925926,0.0073023037024681,segment_crossing,0.25,14,0.7142857142857143,0.2116402116402116,0.6470588235294118,11,17
wine,8,7,1.0,54,0.925925925925926,0.0073023037024681,confidence,0.4,22,0.8181818181818182,0.1077441077441077,0.5172413793103449,15,29
wine,8,7,1.0,54,0.925925925925926,0.0073023037024681,segment_crossing,0.4,22,0.8181818181818182,0.1077441077441077,0.5172413793103449,15,29
wine,8,10,1.0,54,0.925925925925926,0.0073023037024681,confidence,0.1,6,0.6666666666666666,0.2592592592592593,0.7142857142857143,5,7
wine,8,10,1.0,54,0.925925925925926,0.0073023037024681,segment_crossing,0.1,6,0.5,0.4259259259259259,0.7142857142857143,5,7
wine,8,10,1.0,54,0.925925925925926,0.0073023037024681,confidence,0.2,11,0.6363636363636364,0.2895622895622896,0.5714285714285714,8,14
wine,8,10,1.0,54,0.925925925925926,0.0073023037024681,segment_crossing,0.2,11,0.6363636363636364,0.2895622895622896,0.5714285714285714,8,14
wine,8,10,1.0,54,0.925925925925926,0.0073023037024681,confidence,0.25,14,0.7142857142857143,0.2116402116402116,0.6470588235294118,11,17
wine,8,10,1.0,54,0.925925925925926,0.0073023037024681,segment_crossing,0.25,14,0.7142857142857143,0.2116402116402116,0.6470588235294118,11,17
wine,8,10,1.0,54,0.925925925925926,0.0073023037024681,confidence,0.4,22,0.8181818181818182,0.1077441077441077,0.5172413793103449,15,29
wine,8,10,1.0,54,0.925925925925926,0.0073023037024681,segment_crossing,0.4,22,0.8181818181818182,0.1077441077441077,0.5172413793103449,15,29
wine,9,1,1.0,54,0.8518518518518519,0.1224546437577449,confidence,0.1,6,0.8333333333333334,0.0185185185185184,0.5,4,8
wine,9,1,1.0,54,0.8518518518518519,0.1224546437577449,segment_crossing,0.1,6,1.0,-0.1481481481481481,0.5,4,8
wine,9,1,1.0,54,0.8518518518518519,0.1224546437577449,confidence,0.2,11,0.9090909090909092,-0.0572390572390572,0.6923076923076923,9,13
wine,9,1,1.0,54,0.8518518518518519,0.1224546437577449,segment_crossing,0.2,11,1.0,-0.1481481481481481,0.6923076923076923,9,13
wine,9,1,1.0,54,0.8518518518518519,0.1224546437577449,confidence,0.25,14,0.8571428571428571,-0.0052910052910052,0.6470588235294118,11,17
wine,9,1,1.0,54,0.8518518518518519,0.1224546437577449,segment_crossing,0.25,14,0.9285714285714286,-0.0767195767195767,0.6470588235294118,11,17
wine,9,1,1.0,54,0.8518518518518519,0.1224546437577449,confidence,0.4,22,0.8636363636363636,-0.0117845117845117,0.6296296296296297,17,27
wine,9,1,1.0,54,0.8518518518518519,0.1224546437577449,segment_crossing,0.4,22,0.9090909090909092,-0.0572390572390572,0.6296296296296297,17,27
wine,9,2,1.0,54,1.0,0.0,confidence,0.1,6,1.0,0.0,0.5,4,8
wine,9,2,1.0,54,1.0,0.0,segment_crossing,0.1,6,1.0,0.0,0.5,4,8
wine,9,2,1.0,54,1.0,0.0,confidence,0.2,11,1.0,0.0,0.6923076923076923,9,13
wine,9,2,1.0,54,1.0,0.0,segment_crossing,0.2,11,1.0,0.0,0.6923076923076923,9,13
wine,9,2,1.0,54,1.0,0.0,confidence,0.25,14,1.0,0.0,0.6470588235294118,11,17
wine,9,2,1.0,54,1.0,0.0,segment_crossing,0.25,14,1.0,0.0,0.6470588235294118,11,17
wine,9,2,1.0,54,1.0,0.0,confidence,0.4,22,1.0,0.0,0.6296296296296297,17,27
wine,9,2,1.0,54,1.0,0.0,segment_crossing,0.4,22,1.0,0.0,0.6296296296296297,17,27
wine,9,3,1.0,54,0.9814814814814816,0.0243446075541237,confidence,0.1,6,1.0,-0.0185185185185184,0.5,4,8
wine,9,3,1.0,54,0.9814814814814816,0.0243446075541237,segment_crossing,0.1,6,1.0,-0.0185185185185184,0.5,4,8
wine,9,3,1.0,54,0.9814814814814816,0.0243446075541237,confidence,0.2,11,1.0,-0.0185185185185184,0.6923076923076923,9,13
wine,9,3,1.0,54,0.9814814814814816,0.0243446075541237,segment_crossing,0.2,11,1.0,-0.0185185185185184,0.6923076923076923,9,13
wine,9,3,1.0,54,0.9814814814814816,0.0243446075541237,confidence,0.25,14,1.0,-0.0185185185185184,0.6470588235294118,11,17
wine,9,3,1.0,54,0.9814814814814816,0.0243446075541237,segment_crossing,0.25,14,1.0,-0.0185185185185184,0.6470588235294118,11,17
wine,9,3,1.0,54,0.9814814814814816,0.0243446075541237,confidence,0.4,22,1.0,-0.0185185185185184,0.6296296296296297,17,27
wine,9,3,1.0,54,0.9814814814814816,0.0243446075541237,segment_crossing,0.4,22,1.0,-0.0185185185185184,0.6296296296296297,17,27
wine,9,5,1.0,54,0.9814814814814816,0.0243446075541237,confidence,0.1,6,1.0,-0.0185185185185184,0.5,4,8
wine,9,5,1.0,54,0.9814814814814816,0.0243446075541237,segment_crossing,0.1,6,1.0,-0.0185185185185184,0.5,4,8
wine,9,5,1.0,54,0.9814814814814816,0.0243446075541237,confidence,0.2,11,1.0,-0.0185185185185184,0.6923076923076923,9,13
wine,9,5,1.0,54,0.9814814814814816,0.0243446075541237,segment_crossing,0.2,11,1.0,-0.0185185185185184,0.6923076923076923,9,13
wine,9,5,1.0,54,0.9814814814814816,0.0243446075541237,confidence,0.25,14,1.0,-0.0185185185185184,0.6470588235294118,11,17
wine,9,5,1.0,54,0.9814814814814816,0.0243446075541237,segment_crossing,0.25,14,1.0,-0.0185185185185184,0.6470588235294118,11,17
wine,9,5,1.0,54,0.9814814814814816,0.0243446075541237,confidence,0.4,22,1.0,-0.0185185185185184,0.6296296296296297,17,27
wine,9,5,1.0,54,0.9814814814814816,0.0243446075541237,segment_crossing,0.4,22,1.0,-0.0185185185185184,0.6296296296296297,17,27
wine,9,7,1.0,54,0.9814814814814816,0.0243446075541237,confidence,0.1,6,1.0,-0.0185185185185184,0.5,4,8
wine,9,7,1.0,54,0.9814814814814816,0.0243446075541237,segment_crossing,0.1,6,1.0,-0.0185185185185184,0.5,4,8
wine,9,7,1.0,54,0.9814814814814816,0.0243446075541237,confidence,0.2,11,1.0,-0.0185185185185184,0.6923076923076923,9,13
wine,9,7,1.0,54,0.9814814814814816,0.0243446075541237,segment_crossing,0.2,11,1.0,-0.0185185185185184,0.6923076923076923,9,13
wine,9,7,1.0,54,0.9814814814814816,0.0243446075541237,confidence,0.25,14,1.0,-0.0185185185185184,0.6470588235294118,11,17
wine,9,7,1.0,54,0.9814814814814816,0.0243446075541237,segment_crossing,0.25,14,1.0,-0.0185185185185184,0.6470588235294118,11,17
wine,9,7,1.0,54,0.9814814814814816,0.0243446075541237,confidence,0.4,22,1.0,-0.0185185185185184,0.6296296296296297,17,27
wine,9,7,1.0,54,0.9814814814814816,0.0243446075541237,segment_crossing,0.4,22,1.0,-0.0185185185185184,0.6296296296296297,17,27
wine,9,10,1.0,54,0.9814814814814816,0.0243446075541237,confidence,0.1,6,1.0,-0.0185185185185184,0.5,4,8
wine,9,10,1.0,54,0.9814814814814816,0.0243446075541237,segment_crossing,0.1,6,1.0,-0.0185185185185184,0.5,4,8
wine,9,10,1.0,54,0.9814814814814816,0.0243446075541237,confidence,0.2,11,1.0,-0.0185185185185184,0.6923076923076923,9,13
wine,9,10,1.0,54,0.9814814814814816,0.0243446075541237,segment_crossing,0.2,11,1.0,-0.0185185185185184,0.6923076923076923,9,13
wine,9,10,1.0,54,0.9814814814814816,0.0243446075541237,confidence,0.25,14,1.0,-0.0185185185185184,0.6470588235294118,11,17
wine,9,10,1.0,54,0.9814814814814816,0.0243446075541237,segment_crossing,0.25,14,1.0,-0.0185185185185184,0.6470588235294118,11,17
wine,9,10,1.0,54,0.9814814814814816,0.0243446075541237,confidence,0.4,22,1.0,-0.0185185185185184,0.6296296296296297,17,27
wine,9,10,1.0,54,0.9814814814814816,0.0243446075541237,segment_crossing,0.4,22,1.0,-0.0185185185185184,0.6296296296296297,17,27
